iter,best,mean
0,9107.463984902673,10393.79529542903
1,9107.463984902673,9451.567250766582
2,9107.463984902673,9295.677372658343
3,9107.463984902673,9185.557270028461
4,9107.463984902673,9107.463984902673
5,9107.463984902673,9107.463984902673
