{
  "algorithm": "nsga2",
  "scorer": "distance",
  "cluster_id": 4,
  "final_distance": 28753.304546802443,
  "final_cost": 100000.0,
  "final_time": 28753.304546802443,
  "score": 28753.304546802443,
  "solving_time_s": 0.31165552139282227,
  "iterations": 13,
  "epoch": 0,
  "time_limit_per_cluster": 0.3
}