iter,best,mean
0,5206.342533709232,5206.342533709233
1,5206.342533709232,5206.342533709233
2,5206.342533709232,5206.342533709233
3,5206.342533709232,5206.342533709233
4,5206.342533709232,5206.342533709233
