{
  "algorithm": "nsga2",
  "scorer": "distance",
  "cluster_id": 0,
  "final_distance": 2733.0,
  "final_cost": 2232156.0,
  "final_time": 197.71240600749496,
  "score": 2733.0,
  "solving_time_s": 30.150499181996565,
  "iterations": 157
}