{
  "algorithm": "nsga2",
  "scorer": "distance",
  "cluster_id": 0,
  "final_distance": 2722.0,
  "final_cost": 2223477.0,
  "final_time": 194.9805890770448,
  "score": 2722.0,
  "solving_time_s": 30.47878801007755,
  "iterations": 48
}