{
  "algorithm": "nsga2",
  "scorer": "distance",
  "cluster_id": 0,
  "final_distance": 514.0,
  "final_cost": 563421.0,
  "final_time": 45.14968373325793,
  "score": 514.0,
  "cluster_runtime_s": 10.39587664604187,
  "iterations": 16,
  "epoch": 23
}