{
  "algorithm": "nsga2",
  "scorer": "distance",
  "cluster_id": 2,
  "final_distance": 20011.630794185483,
  "final_cost": NaN,
  "final_time": 0.0,
  "score": 20011.630794185483,
  "runtime_s": 5.013645734637976,
  "iterations": 64
}