{
  "routes": [
    {
      "vehicle_id": 0,
      "vehicle_name": "Truck-01-c2",
      "capacity_used": 0.0,
      "capacity_max": 10000.0,
      "capacity_utilization": 0.0,
      "distance_m": 18332.684341132575,
      "time_s": 1339.2543081785957,
      "stops_by_id": [
        0,
        1,
        17,
        3,
        2,
        19,
        7,
        22,
        23,
        0
      ]
    }
  ]
}