{
  "algorithm": "nsga2",
  "scorer": "distance",
  "cluster_id": 0,
  "final_distance": 71736.75751651786,
  "final_cost": NaN,
  "final_time": 0.0,
  "score": 71736.75751651786,
  "cluster_runtime_s": 0.33843421936035156,
  "iterations": 3,
  "epoch": 0
}