iter,best,mean
0,72621.57134397101,91180.21449590437
1,72621.57134397101,79640.05156175331
2,71736.75751651786,77330.34654171327
