{
  "algorithm": "nsga2",
  "scorer": "distance",
  "cluster_id": 4,
  "final_distance": 10424.534386331867,
  "final_cost": NaN,
  "final_time": 0.0,
  "score": 10424.534386331867,
  "runtime_s": 1.0159915261901915,
  "iterations": 20
}