{
  "routes": [
    {
      "vehicle_id": 0,
      "vehicle_name": "Truck-01-c4",
      "capacity_used": 0.0,
      "capacity_max": 10000.0,
      "capacity_utilization": 0.0,
      "distance_m": 26867.974186874904,
      "time_s": 1772.3801135064364,
      "stops_by_id": [
        0,
        17,
        4,
        9,
        61,
        0
      ]
    }
  ]
}