{
  "algorithm": "aco",
  "scorer": "distance",
  "cluster_id": 3,
  "final_distance": 15390.37418836565,
  "final_cost": 100000.0,
  "final_time": 15390.37418836565,
  "score": 15390.37418836565,
  "solving_time_s": 0.3025038242340088,
  "iterations": 40,
  "time_limit_per_cluster": 0.3
}