{
  "algorithm": "pso",
  "scorer": "distance",
  "cluster_id": 0,
  "final_distance": 3414.0,
  "final_cost": 2769465.0,
  "final_time": 248.34827303395542,
  "score": 3414.0,
  "solving_time_s": 30.07127921200299,
  "iterations": 148
}