iter,best,mean,best_route_time,mean_route_time
1,2937.0,21993.07,210.91886665625898,1584.3223051385005
2,2937.0,17980.48,210.91886665625898,1294.423313222396
3,2937.0,17143.66,210.91886665625898,1234.47119143936
4,2937.0,16365.46,210.91886665625898,1179.1286823712546
