{
  "algorithm": "pso",
  "scorer": "distance",
  "cluster_id": 3,
  "final_distance": 36420.78345411146,
  "final_cost": 100000.0,
  "final_time": 36420.78345411146,
  "score": 36420.78345411146,
  "solving_time_s": 0.30149340629577637,
  "iterations": 68,
  "time_limit_per_cluster": 0.3
}