{
  "algorithm": "pso",
  "scorer": "distance",
  "cluster_id": 1,
  "final_distance": 52122.200000000004,
  "final_cost": 100000.0,
  "final_time": 4033.2,
  "score": 52122.200000000004,
  "solving_time_s": 0.3002951145172119,
  "iterations": 99,
  "time_limit_per_cluster": 0.3
}