{
  "algorithm": "nsga2",
  "scorer": "distance",
  "cluster_id": 6,
  "final_distance": 14118.135143132335,
  "final_cost": NaN,
  "final_time": 0.0,
  "score": 14118.135143132335,
  "cluster_runtime_s": 5.026412725448608,
  "iterations": 68,
  "epoch": 0
}