{
  "algorithm": "pso",
  "scorer": "distance",
  "cluster_id": 0,
  "final_distance": 3516.0,
  "final_cost": 2849943.0,
  "final_time": 250.94643226990948,
  "score": 3516.0,
  "solving_time_s": 30.020422509995115,
  "iterations": 148
}