iter,best,mean,best_route_time,mean_route_time
1,2937.0,22035.53,208.55648716322878,1588.1371038038706
2,2937.0,17857.08,208.55648716322878,1285.6874088933373
3,2937.0,17003.77,208.55648716322878,1224.546836677143
4,2937.0,16402.6,208.55648716322878,1180.3604663043916
