{
  "epoch": 42,
  "clusters": 1,
  "algorithm": "nsga2",
  "scorer": "distance",
  "sum_final_distance": 542.0,
  "sum_final_cost": 503457.0,
  "sum_final_time": 38.839976068809065,
  "epoch_runtime_s": 10.17946195602417,
  "total_cluster_solving_time_s": 10.171907424926758
}