{
  "algorithm": "pso",
  "scorer": "distance",
  "cluster_id": 0,
  "final_distance": 2826.0,
  "final_cost": 2305533.0,
  "final_time": 203.6818461234158,
  "score": 2826.0,
  "solving_time_s": 30.685155645944178,
  "iterations": 4
}