{
  "algorithm": "pso",
  "scorer": "distance",
  "cluster_id": 0,
  "final_distance": 3076.0,
  "final_cost": 2502783.0,
  "final_time": 219.94196230610547,
  "score": 3076.0,
  "solving_time_s": 30.015077022006153,
  "iterations": 144
}