iter,best,mean,best_route_time,mean_route_time
1,2937.0,22012.84,211.96031625143027,1585.509325690786
2,2937.0,18036.94,211.96031625143027,1300.714286480448
3,2937.0,17199.81,211.96031625143027,1239.3234648375137
4,2937.0,16501.2,211.96031625143027,1188.0109620082276
