{
  "algorithm": "nsga2",
  "scorer": "distance",
  "cluster_id": 2,
  "final_distance": 21894.393858080974,
  "final_cost": NaN,
  "final_time": 0.0,
  "score": 21894.393858080974,
  "cluster_runtime_s": 1.0290207862854004,
  "iterations": 15,
  "epoch": 0
}