{
  "algorithm": "nsga2",
  "scorer": "distance",
  "cluster_id": 1,
  "final_distance": 1709.316299393927,
  "final_cost": NaN,
  "final_time": 0.0,
  "score": 1709.316299393927,
  "cluster_runtime_s": 1.0351479053497314,
  "iterations": 15,
  "epoch": 0
}