{
  "algorithm": "pso",
  "scorer": "distance",
  "cluster_id": 5,
  "final_distance": 5260.592229958609,
  "final_cost": 100000.0,
  "final_time": 5260.592229958609,
  "score": 5260.592229958609,
  "solving_time_s": 0.30042028427124023,
  "iterations": 263,
  "time_limit_per_cluster": 0.3
}