{
  "algorithm": "nsga2",
  "cluster_id": 0,
  "final_distance": 2706.0,
  "final_cost": 2210853.0,
  "final_time": 194.7565393601303,
  "score": 2706.0,
  "solving_time_s": 10.132641553878784,
  "iterations": 21,
  "epoch": 61,
  "time_limit_per_cluster": 10.0
}