{
  "algorithm": "nsga2",
  "scorer": "distance",
  "cluster_id": 1,
  "final_distance": 21894.36361629791,
  "final_cost": 100000.0,
  "final_time": 21894.36361629791,
  "score": 21894.36361629791,
  "solving_time_s": 0.303300142288208,
  "iterations": 10,
  "epoch": 0,
  "time_limit_per_cluster": 0.3
}