{
  "algorithm": "nsga2",
  "scorer": "distance",
  "cluster_id": 5,
  "final_distance": 30787.768177318885,
  "final_cost": NaN,
  "final_time": 0.0,
  "score": 30787.768177318885,
  "runtime_s": 5.0302063836716115,
  "iterations": 73
}