{
  "algorithm": "nsga2",
  "scorer": "distance",
  "cluster_id": 0,
  "final_distance": 31003.925151435655,
  "final_cost": NaN,
  "final_time": 0.0,
  "score": 31003.925151435655,
  "cluster_runtime_s": 1.0330116748809814,
  "iterations": 15,
  "epoch": 0
}