{
  "algorithm": "pso",
  "scorer": "distance",
  "final_score": 292870.07030448545,
  "final_cost": 231150304.470239,
  "runtime_s": 55.190258499991614,
  "iterations": 1200
}