vehicle_id,vehicle_name,num_stops_including_depot,capacity_used,capacity_max,capacity_utilization,distance_m,initial_cost,distance_cost,route_cost,stops_by_id
1,Truck-01,80,246.0,10000.0,0.0246,292870.07030448545,75819.0,789.0,231150304.470239,"[0, 3, 5, 54, 63, 9, 37, 17, 4, 1, 45, 49, 60, 72, 27, 12, 68, 64, 57, 41, 48, 50, 38, 55, 21, 47, 75, 52, 28, 44, 73, 61, 16, 11, 51, 56, 58, 59, 25, 6, 62, 67, 65, 40, 33, 42, 32, 39, 70, 2, 24, 29, 74, 34, 20, 19, 36, 10, 22, 77, 7, 53, 76, 66, 13, 78, 14, 31, 35, 15, 43, 26, 8, 23, 46, 18, 71, 30, 69, 0]"
