{
  "algorithm": "nsga2",
  "scorer": "distance",
  "cluster_id": 1,
  "final_distance": 9783.996727743912,
  "final_cost": NaN,
  "final_time": 0.0,
  "score": 9783.996727743912,
  "cluster_runtime_s": 1.0032784938812256,
  "iterations": 16,
  "epoch": 0
}