{
  "routes": [
    {
      "vehicle_id": 0,
      "vehicle_name": "Truck-01-c5",
      "capacity_used": 0.0,
      "capacity_max": 10000.0,
      "capacity_utilization": 0.0,
      "distance_m": 14595.885340051693,
      "time_s": 1063.932518089324,
      "stops_by_id": [
        0,
        1,
        3,
        2,
        19,
        7,
        22,
        23,
        0
      ]
    }
  ]
}