{
  "algorithm": "nsga2",
  "scorer": "distance",
  "cluster_id": 6,
  "final_distance": 20307.119826950464,
  "final_cost": NaN,
  "final_time": 0.0,
  "score": 20307.119826950464,
  "cluster_runtime_s": 0.3026876449584961,
  "iterations": 5,
  "epoch": 0
}