iter,best,mean
0,20307.119826950464,24154.712023761054
1,20307.119826950464,21351.237658574362
2,20307.119826950464,20367.234325449892
3,20307.119826950464,20307.11982695046
4,20307.119826950464,20307.11982695046
