{
  "algorithm": "aco",
  "scorer": "distance",
  "cluster_id": 3,
  "final_distance": 16059.100000000002,
  "final_cost": 100000.0,
  "final_time": 1557.3,
  "score": 16059.100000000002,
  "solving_time_s": 0.302135705947876,
  "iterations": 91,
  "time_limit_per_cluster": 0.3
}