vehicle_id,vehicle_name,num_stops_including_depot,capacity_used,capacity_max,capacity_utilization,distance_m,initial_cost,distance_cost,route_cost,stops_by_id
1,Truck-01,80,246.0,10000.0,0.0246,256871.65922496503,75819.0,789.0,202747558.1284974,"[0, 8, 26, 23, 46, 69, 18, 71, 30, 11, 16, 61, 73, 44, 28, 52, 47, 75, 64, 57, 41, 48, 50, 21, 55, 38, 5, 54, 3, 1, 45, 63, 4, 9, 37, 17, 19, 20, 34, 24, 29, 74, 36, 10, 22, 42, 33, 77, 7, 53, 76, 66, 13, 78, 14, 31, 62, 35, 15, 43, 6, 25, 59, 58, 56, 51, 68, 12, 49, 27, 72, 60, 2, 70, 39, 32, 40, 65, 67, 0]"
