{
  "routes": [
    {
      "vehicle_id": 0,
      "vehicle_name": "Truck-01-c4",
      "capacity_used": 0.0,
      "capacity_max": 10000.0,
      "capacity_utilization": 0.0,
      "distance_m": 34472.98098615097,
      "time_s": 2482.113139873045,
      "stops_by_id": [
        0,
        17,
        1,
        3,
        2,
        19,
        7,
        10,
        11,
        70,
        13,
        14,
        15,
        16,
        0
      ]
    }
  ]
}