{
  "epoch": 60,
  "clusters": 1,
  "algorithm": "nsga2",
  "scorer": "distance",
  "sum_final_distance": 538.0,
  "sum_final_cost": 500301.0,
  "sum_final_time": 38.029948271410404,
  "epoch_runtime_s": 10.335833311080933,
  "total_cluster_solving_time_s": 10.325920343399048
}