{
  "algorithm": "nsga2",
  "scorer": "distance",
  "cluster_id": 5,
  "final_distance": 33301.582743443105,
  "final_cost": NaN,
  "final_time": 0.0,
  "score": 33301.582743443105,
  "cluster_runtime_s": 1.0495250225067139,
  "iterations": 15,
  "epoch": 0
}