{
  "routes": [
    {
      "vehicle_id": 0,
      "vehicle_name": "Truck-01-c5",
      "capacity_used": 0.0,
      "capacity_max": 10000.0,
      "capacity_utilization": 0.0,
      "distance_m": 33301.582743443105,
      "time_s": 2485.170365705735,
      "stops_by_id": [
        0,
        70,
        13,
        14,
        16,
        15,
        12,
        11,
        10,
        0
      ]
    }
  ]
}