{
  "algorithm": "nsga2",
  "scorer": "distance",
  "cluster_id": 5,
  "final_distance": 6429.488352961436,
  "final_cost": NaN,
  "final_time": 0.0,
  "score": 6429.488352961436,
  "cluster_runtime_s": 1.0497839450836182,
  "iterations": 15,
  "epoch": 0
}