{
  "algorithm": "nsga2",
  "cluster_id": 0,
  "final_distance": 2862.0,
  "final_cost": 2333937.0,
  "final_time": 205.15512523720182,
  "score": 2862.0,
  "solving_time_s": 10.021229028701782,
  "iterations": 115,
  "epoch": 11,
  "time_limit_per_cluster": 10.0
}