{
  "algorithm": "pso",
  "cluster_id": 4,
  "final_distance": 19724.3,
  "final_cost": 100000.0,
  "final_time": 2012.1,
  "score": 19724.3,
  "solving_time_s": 0.40058255195617676,
  "iterations": 145,
  "time_limit_per_cluster": 0.39999999999999997
}