{
  "algorithm": "pso",
  "scorer": "distance",
  "cluster_id": 1,
  "final_distance": 24680.017564564416,
  "final_cost": 100000.0,
  "final_time": 24680.017564564416,
  "score": 24680.017564564416,
  "solving_time_s": 0.3032543659210205,
  "iterations": 75,
  "time_limit_per_cluster": 0.3
}