{
  "epoch": 33,
  "clusters": 1,
  "algorithm": "nsga2",
  "sum_final_distance": 2798.0,
  "sum_final_cost": 2283441.0,
  "sum_final_time": 202.88597279305137,
  "epoch_runtime_s": 10.334201097488403,
  "total_cluster_solving_time_s": 10.292305707931519
}