vehicle_id,vehicle_name,num_stops_including_depot,capacity_used,capacity_max,capacity_utilization,distance_m,initial_cost,distance_cost,route_cost,stops_by_id
1,Truck-01,80,246.0,10000.0,0.0246,251424.16221213076,75819.0,789.0,198449482.98537117,"[0, 8, 26, 23, 46, 69, 16, 11, 30, 71, 18, 59, 58, 56, 70, 60, 72, 27, 12, 68, 51, 64, 21, 75, 47, 52, 28, 61, 73, 44, 55, 38, 50, 48, 41, 57, 49, 45, 1, 3, 5, 54, 63, 4, 9, 37, 17, 20, 19, 34, 22, 42, 33, 13, 76, 66, 53, 7, 77, 10, 36, 74, 29, 24, 2, 39, 32, 40, 65, 67, 25, 6, 62, 31, 14, 78, 15, 35, 43, 0]"
