{
  "epoch": 76,
  "clusters": 1,
  "algorithm": "nsga2",
  "sum_final_distance": 2738.0,
  "sum_final_cost": 2236101.0,
  "sum_final_time": 197.05838617665427,
  "epoch_runtime_s": 10.28845763206482,
  "total_cluster_solving_time_s": 10.24513578414917
}