{
  "algorithm": "ga",
  "scorer": "distance",
  "cluster_id": 2,
  "final_distance": 31128.802346106742,
  "final_cost": 100000.0,
  "final_time": 31128.802346106742,
  "score": 31128.802346106742,
  "solving_time_s": 0.30585646629333496,
  "iterations": 52,
  "time_limit_per_cluster": 0.3
}