{
  "epoch": 11,
  "clusters": 1,
  "algorithm": "nsga2",
  "scorer": "distance",
  "sum_final_distance": 538.0,
  "sum_final_cost": 500301.0,
  "sum_final_time": 38.254461280860475,
  "epoch_runtime_s": 10.243444681167603,
  "total_cluster_solving_time_s": 10.234649419784546
}