{
  "algorithm": "aco",
  "scorer": "distance",
  "final_distance": 257710.62025944208,
  "final_cost": 203409498.3846998,
  "final_time": 18579.62881803085,
  "runtime_s": 14.445902517065406,
  "iterations": 350
}