vehicle_id,vehicle_name,num_stops_including_depot,capacity_used,capacity_max,capacity_utilization,distance_m,time_s,initial_cost,distance_cost,route_cost,stops_by_id
1,Truck-01,80,246.0,10000.0,0.0246,257710.62025944208,18579.62881803085,75819.0,789.0,203409498.3846998,"[0, 6, 25, 67, 65, 40, 32, 39, 70, 56, 58, 59, 18, 8, 26, 23, 46, 69, 30, 71, 16, 11, 51, 68, 12, 27, 72, 60, 2, 3, 54, 5, 38, 55, 44, 73, 61, 28, 52, 47, 75, 64, 21, 50, 48, 41, 57, 49, 45, 1, 63, 9, 37, 17, 4, 20, 19, 34, 24, 29, 74, 36, 10, 22, 77, 7, 53, 13, 66, 76, 33, 42, 78, 14, 31, 62, 35, 15, 43, 0]"
