iter,best,mean
0,9107.463984902673,10385.28345367759
1,9107.463984902673,9353.555779244716
2,9107.463984902673,9201.445998745628
3,9107.463984902673,9107.463984902673
4,9107.463984902673,9107.463984902673
5,9107.463984902673,9107.463984902673
