iter,best,mean
0,9107.463984902673,10558.577118714516
1,9107.463984902673,9455.250346452736
2,9107.463984902673,9278.395643905902
3,9107.463984902673,9175.800178127938
4,9107.463984902673,9107.463984902673
5,9107.463984902673,9107.463984902673
