{
  "algorithm": "nsga2",
  "scorer": "distance",
  "cluster_id": 1,
  "final_distance": 34801.73269684738,
  "final_cost": NaN,
  "final_time": 0.0,
  "score": 34801.73269684738,
  "runtime_s": 5.053821693640202,
  "iterations": 41
}