{
  "algorithm": "pso",
  "scorer": "distance",
  "cluster_id": 2,
  "final_distance": 28566.31244755901,
  "final_cost": 100000.0,
  "final_time": 28566.31244755901,
  "score": 28566.31244755901,
  "solving_time_s": 0.3021831512451172,
  "iterations": 75,
  "time_limit_per_cluster": 0.3
}