{
  "routes": [
    {
      "vehicle_id": 0,
      "vehicle_name": "Truck-01-c4",
      "capacity_used": 0.0,
      "capacity_max": 10000.0,
      "capacity_utilization": 0.0,
      "distance_m": 32424.696022409276,
      "time_s": 2445.630195594615,
      "stops_by_id": [
        0,
        5,
        64,
        62,
        75,
        63,
        56,
        49,
        47,
        48,
        50,
        53,
        54,
        52,
        51,
        55,
        69,
        42,
        41,
        57,
        40,
        39,
        38,
        45,
        44,
        0
      ]
    }
  ]
}