{
  "routes": [
    {
      "vehicle_id": 0,
      "vehicle_name": "Truck-01-c2",
      "capacity_used": 0.0,
      "capacity_max": 10000.0,
      "capacity_utilization": 0.0,
      "distance_m": 19609.23931173224,
      "time_s": 1371.672975677227,
      "stops_by_id": [
        0,
        23,
        22,
        7,
        19,
        2,
        3,
        1,
        17,
        0
      ]
    }
  ]
}