{
  "algorithm": "nsga2",
  "cluster_id": 0,
  "final_distance": 556.0,
  "final_cost": 514503.0,
  "final_time": 39.79448556076414,
  "score": 556.0,
  "solving_time_s": 2.8087165355682373,
  "iterations": 223,
  "time_limit_per_cluster": 2.8
}