{
  "algorithm": "aco",
  "scorer": "distance",
  "cluster_id": 6,
  "final_distance": 40132.0,
  "final_cost": 100000.0,
  "final_time": 3514.8999999999996,
  "score": 40132.0,
  "solving_time_s": 0.3038816452026367,
  "iterations": 69,
  "time_limit_per_cluster": 0.3
}