{
  "algorithm": "nsga2",
  "scorer": "distance",
  "cluster_id": 0,
  "final_distance": 32484.268437222556,
  "final_cost": 100000.0,
  "final_time": 32484.268437222556,
  "score": 32484.268437222556,
  "solving_time_s": 0.3156731128692627,
  "iterations": 8,
  "epoch": 0,
  "time_limit_per_cluster": 0.3
}