iter,best,mean,best_route_time,mean_route_time
0,32802.4047131069,38329.486671516315,32802.4047131069,38329.486671516315
0,32484.268437222556,36248.69587892806,32484.268437222556,36248.69587892806
0,32484.268437222556,34842.049188387005,32484.268437222556,34842.049188387005
0,32484.268437222556,34253.609922853044,32484.268437222556,34253.609922853044
0,32484.268437222556,34037.159359952675,32484.268437222556,34037.159359952675
0,32484.268437222556,33765.750677854696,32484.268437222556,33765.750677854696
0,32484.268437222556,33694.17761740307,32484.268437222556,33694.17761740307
0,32484.268437222556,33588.272549994595,32484.268437222556,33588.272549994595
