{
  "algorithm": "nsga2",
  "scorer": "distance",
  "cluster_id": 5,
  "final_distance": 13208.585047659468,
  "final_cost": 100000.0,
  "final_time": 13208.585047659468,
  "score": 13208.585047659468,
  "solving_time_s": 0.30750203132629395,
  "iterations": 11,
  "epoch": 0,
  "time_limit_per_cluster": 0.3
}