{
  "epoch": 29,
  "clusters": 1,
  "algorithm": "nsga2",
  "scorer": "distance",
  "sum_final_distance": 553.0,
  "sum_final_cost": 512136.0,
  "sum_final_time": 39.73381737418566,
  "epoch_runtime_s": 10.11284351348877,
  "total_cluster_solving_time_s": 10.104501008987427
}