{
  "epoch": 41,
  "clusters": 1,
  "algorithm": "nsga2",
  "scorer": "distance",
  "sum_final_distance": 540.0,
  "sum_final_cost": 501879.0,
  "sum_final_time": 38.60984122130433,
  "epoch_runtime_s": 10.012172222137451,
  "total_cluster_solving_time_s": 10.003015756607056
}