{
  "algorithm": "nsga2",
  "scorer": "distance",
  "cluster_id": 1,
  "final_distance": 19966.677363162577,
  "final_cost": NaN,
  "final_time": 0.0,
  "score": 19966.677363162577,
  "runtime_s": 1.037277601659298,
  "iterations": 17
}