iter,best,mean
0,13225.68104410891,17568.912029932795
1,13225.68104410891,14287.331558113145
2,13225.68104410891,13795.81506843054
3,13225.68104410891,13556.314935265947
4,13225.68104410891,13414.418705227732
