{
  "algorithm": "aco",
  "cluster_id": 0,
  "final_distance": 558.0,
  "final_cost": 516081.0,
  "final_time": 40.98841891673037,
  "score": 558.0,
  "solving_time_s": 2.818425178527832,
  "iterations": 141,
  "time_limit_per_cluster": 2.8
}