{
  "epoch": 57,
  "clusters": 1,
  "algorithm": "nsga2",
  "sum_final_distance": 2699.0,
  "sum_final_cost": 2205330.0,
  "sum_final_time": 193.76713265923235,
  "epoch_runtime_s": 10.180605411529541,
  "total_cluster_solving_time_s": 10.13019609451294
}