{
  "algorithm": "nsga2",
  "scorer": "distance",
  "cluster_id": 2,
  "final_distance": 20367.601243890364,
  "final_cost": NaN,
  "final_time": 0.0,
  "score": 20367.601243890364,
  "cluster_runtime_s": 5.067568302154541,
  "iterations": 57,
  "epoch": 0
}