iter,best,mean
0,32999.028392989065,40827.09534330783
1,31730.031384888087,34713.56307525238
2,31730.031384888087,33790.96257157109
3,31730.031384888087,33446.859008594794
4,31730.031384888087,33237.03278058487
5,31730.031384888087,33047.228306272475
6,31730.031384888087,32898.01260486083
7,31730.031384888087,32820.01678957262
8,31730.031384888087,32758.612449340373
9,31730.031384888087,32687.261526882427
