{
  "algorithm": "nsga2",
  "scorer": "distance",
  "final_distance": 283662.2844640315,
  "final_cost": 223885361.44212088,
  "final_time": 20856.61799784118,
  "runtime_s": 16.78690774179995,
  "iterations": 1000,
  "epoch": 7
}