vehicle_id,vehicle_name,num_stops_including_depot,capacity_used,capacity_max,capacity_utilization,distance_m,time_s,initial_cost,distance_cost,route_cost,stops_by_id
1,Truck-01,80,246.0,10000.0,0.0246,283662.2844640315,20856.61799784118,75819.0,789.0,223885361.44212088,"[0, 43, 15, 35, 14, 78, 31, 62, 6, 26, 8, 23, 46, 69, 30, 11, 16, 61, 73, 44, 28, 52, 47, 75, 21, 64, 55, 38, 50, 48, 41, 57, 49, 72, 2, 60, 27, 12, 68, 71, 51, 56, 58, 70, 39, 29, 24, 34, 19, 17, 37, 9, 63, 1, 5, 54, 3, 45, 4, 20, 74, 36, 10, 7, 53, 77, 76, 66, 13, 33, 22, 42, 32, 40, 65, 67, 25, 59, 18, 0]"
