{
  "algorithm": "aco",
  "scorer": "distance",
  "cluster_id": 4,
  "final_distance": 8090.550412079946,
  "final_cost": 100000.0,
  "final_time": 8090.550412079946,
  "score": 8090.550412079946,
  "solving_time_s": 0.3007321357727051,
  "iterations": 167,
  "time_limit_per_cluster": 0.3
}