{
  "algorithm": "nsga2",
  "scorer": "distance",
  "cluster_id": 1,
  "final_distance": 35303.1977741574,
  "final_cost": NaN,
  "final_time": 0.0,
  "score": 35303.1977741574,
  "runtime_s": 1.0229762070812285,
  "iterations": 15
}