{
  "routes": [
    {
      "vehicle_id": 0,
      "vehicle_name": "Truck-01-c6",
      "capacity_used": 0.0,
      "capacity_max": 10000.0,
      "capacity_utilization": 0.0,
      "distance_m": 23392.14530201699,
      "time_s": 1749.1627711582532,
      "stops_by_id": [
        0,
        16,
        15,
        14,
        13,
        70,
        0
      ]
    }
  ]
}