{
  "algorithm": "nsga2",
  "scorer": "distance",
  "cluster_id": 3,
  "final_distance": 19922.81928314551,
  "final_cost": NaN,
  "final_time": 0.0,
  "score": 19922.81928314551,
  "runtime_s": 1.0522537380456924,
  "iterations": 17
}