{
  "algorithm": "ga",
  "cluster_id": 0,
  "final_distance": 556.0,
  "final_cost": 514503.0,
  "final_time": 40.143221735289345,
  "score": 556.0,
  "solving_time_s": 2.8064520359039307,
  "iterations": 239,
  "time_limit_per_cluster": 2.8
}