{
  "algorithm": "nsga2",
  "scorer": "distance",
  "cluster_id": 4,
  "final_distance": 12436.86391595169,
  "final_cost": NaN,
  "final_time": 0.0,
  "score": 12436.86391595169,
  "cluster_runtime_s": 1.0433621406555176,
  "iterations": 12,
  "epoch": 0
}