{
  "algorithm": "nsga2",
  "scorer": "distance",
  "cluster_id": 4,
  "final_distance": 6901.260604513889,
  "final_cost": NaN,
  "final_time": 0.0,
  "score": 6901.260604513889,
  "cluster_runtime_s": 0.3352060317993164,
  "iterations": 5,
  "epoch": 0
}