iter,best,mean
0,7040.807288753468,9855.220052888659
1,6901.260604513889,7582.593929964134
2,6901.260604513889,7200.363639806128
3,6901.260604513889,7086.965781360441
4,6901.260604513889,7030.817008097589
