{
  "algorithm": "aco",
  "scorer": "distance",
  "final_distance": 257248.95275083598,
  "final_cost": 203045242.72040957,
  "final_time": 18570.65776297343,
  "runtime_s": 14.443509028991684,
  "iterations": 350
}