vehicle_id,vehicle_name,num_stops_including_depot,capacity_used,capacity_max,capacity_utilization,distance_m,time_s,initial_cost,distance_cost,route_cost,stops_by_id
1,Truck-01,80,246.0,10000.0,0.0246,257248.95275083598,18570.65776297343,75819.0,789.0,203045242.72040957,"[0, 26, 8, 23, 46, 69, 30, 71, 11, 16, 70, 39, 32, 40, 65, 67, 25, 18, 59, 58, 56, 51, 68, 12, 27, 72, 60, 2, 3, 54, 5, 55, 38, 44, 73, 61, 28, 52, 47, 75, 64, 21, 50, 48, 41, 57, 49, 45, 1, 63, 4, 9, 37, 17, 20, 19, 34, 24, 29, 74, 36, 10, 33, 42, 22, 77, 7, 53, 76, 66, 13, 78, 14, 31, 62, 6, 35, 15, 43, 0]"
