{
  "algorithm": "nsga2",
  "scorer": "distance",
  "cluster_id": 1,
  "final_distance": 17585.98523637515,
  "final_cost": NaN,
  "final_time": 0.0,
  "score": 17585.98523637515,
  "cluster_runtime_s": 0.30563998222351074,
  "iterations": 5,
  "epoch": 0
}