iter,best,mean
0,17585.98523637515,19261.483721074736
1,17585.98523637515,17910.612856852094
2,17585.98523637515,17676.59538528999
3,17585.98523637515,17616.3534266574
4,17585.98523637515,17585.985236375156
