{
  "algorithm": "nsga2",
  "scorer": "distance",
  "cluster_id": 1,
  "final_distance": 24680.017564564416,
  "final_cost": 100000.0,
  "final_time": 24680.017564564416,
  "score": 24680.017564564416,
  "solving_time_s": 0.30582761764526367,
  "iterations": 10,
  "epoch": 0,
  "time_limit_per_cluster": 0.3
}