{
  "routes": [
    {
      "vehicle_id": 0,
      "vehicle_name": "Truck-01-c4",
      "capacity_used": 0.0,
      "capacity_max": 10000.0,
      "capacity_utilization": 0.0,
      "distance_m": 26543.311816115143,
      "time_s": 1892.8596648156993,
      "stops_by_id": [
        0,
        1,
        3,
        2,
        19,
        7,
        22,
        23,
        24,
        26,
        0
      ]
    }
  ]
}