{
  "algorithm": "nsga2",
  "cluster_id": 0,
  "final_distance": 553.0,
  "final_cost": 512136.0,
  "final_time": 40.288334058846786,
  "score": 553.0,
  "solving_time_s": 2.8438048362731934,
  "iterations": 36,
  "epoch": 0,
  "time_limit_per_cluster": 2.8
}