{
  "algorithm": "nsga2",
  "scorer": "distance",
  "cluster_id": 6,
  "final_distance": 13225.68104410891,
  "final_cost": NaN,
  "final_time": 0.0,
  "score": 13225.68104410891,
  "runtime_s": 1.0255469400435686,
  "iterations": 17
}