{
  "epoch": 1,
  "clusters": 1,
  "algorithm": "nsga2",
  "scorer": "distance",
  "sum_final_distance": 516.0,
  "sum_final_cost": 546852.0,
  "sum_final_time": 43.178592319643904,
  "epoch_runtime_s": 10.260912418365479,
  "total_cluster_runtime_s": 10.136372089385986
}