{
  "algorithm": "pso",
  "scorer": "distance",
  "cluster_id": 4,
  "final_distance": 6066.233235595386,
  "final_cost": 100000.0,
  "final_time": 6066.233235595386,
  "score": 6066.233235595386,
  "solving_time_s": 0.3021531105041504,
  "iterations": 116,
  "time_limit_per_cluster": 0.3
}