iter,best,mean
0,23940.417140746147,31238.989044382848
1,23940.417140746147,26501.615727859855
2,23940.417140746147,25493.616068399366
3,23845.612111143568,24881.03006586635
