iter,best,mean,best_route_time,mean_route_time
1,2901.0,7171.815,209.4355497890636,517.696143193049
2,2878.0,3328.705,208.69905224696313,240.7534723962718
