{
  "algorithm": "nsga2",
  "scorer": "distance",
  "cluster_id": 2,
  "final_distance": 29310.33781315122,
  "final_cost": NaN,
  "final_time": 0.0,
  "score": 29310.33781315122,
  "runtime_s": 1.0606107939966023,
  "iterations": 17
}