{
  "algorithm": "pso",
  "scorer": "distance",
  "cluster_id": 4,
  "final_distance": 15897.46478629157,
  "final_cost": 100000.0,
  "final_time": 15897.46478629157,
  "score": 15897.46478629157,
  "solving_time_s": 0.3003690242767334,
  "iterations": 108,
  "time_limit_per_cluster": 0.3
}