{
  "algorithm": "nsga2",
  "scorer": "distance",
  "cluster_id": 6,
  "final_distance": 16004.880833180125,
  "final_cost": 100000.0,
  "final_time": 16004.880833180125,
  "score": 16004.880833180125,
  "solving_time_s": 0.3039119243621826,
  "iterations": 16,
  "time_limit_per_cluster": 0.3
}