vehicle_id,vehicle_name,num_stops_including_depot,capacity_used,capacity_max,capacity_utilization,distance_m,initial_cost,distance_cost,route_cost,stops_by_id
1,Truck-01,80,246.0,10000.0,0.0246,256367.9662145244,75819.0,789.0,202350144.34325975,"[0, 43, 15, 35, 62, 31, 14, 78, 67, 65, 40, 33, 13, 66, 76, 53, 7, 77, 42, 22, 10, 36, 74, 34, 19, 20, 4, 17, 37, 9, 63, 45, 1, 3, 54, 5, 50, 48, 41, 57, 49, 12, 64, 75, 21, 38, 55, 47, 52, 44, 73, 61, 28, 16, 11, 30, 71, 18, 59, 58, 56, 51, 68, 27, 72, 70, 60, 2, 24, 29, 39, 32, 25, 6, 23, 46, 69, 8, 26, 0]"
