{
  "algorithm": "nsga2",
  "scorer": "distance",
  "cluster_id": 5,
  "final_distance": 14118.135143132335,
  "final_cost": NaN,
  "final_time": 0.0,
  "score": 14118.135143132335,
  "runtime_s": 5.042851821053773,
  "iterations": 84
}