{
  "routes": [
    {
      "vehicle_id": 0,
      "vehicle_name": "Truck-01-c1",
      "capacity_used": 0.0,
      "capacity_max": 10000.0,
      "capacity_utilization": 0.0,
      "distance_m": 63504.547222607944,
      "time_s": 4564.7171863167005,
      "stops_by_id": [
        0,
        76,
        18,
        67,
        12,
        15,
        16,
        14,
        13,
        70,
        11,
        10,
        65,
        60,
        59,
        4,
        61,
        0
      ]
    }
  ]
}