{
  "algorithm": "nsga2",
  "scorer": "distance",
  "cluster_id": 5,
  "final_distance": 7889.289240286451,
  "final_cost": NaN,
  "final_time": 0.0,
  "score": 7889.289240286451,
  "cluster_runtime_s": 0.3181483745574951,
  "iterations": 5,
  "epoch": 0
}