{
  "algorithm": "nsga2",
  "scorer": "distance",
  "cluster_id": 6,
  "final_distance": 18109.406576894628,
  "final_cost": NaN,
  "final_time": 0.0,
  "score": 18109.406576894628,
  "cluster_runtime_s": 1.0043811798095703,
  "iterations": 15,
  "epoch": 0
}