{
  "epoch": 40,
  "clusters": 1,
  "algorithm": "nsga2",
  "scorer": "distance",
  "sum_final_distance": 538.0,
  "sum_final_cost": 500301.0,
  "sum_final_time": 38.59437139920783,
  "epoch_runtime_s": 10.0136878490448,
  "total_cluster_solving_time_s": 10.005287647247314
}