{
  "algorithm": "aco",
  "scorer": "distance",
  "cluster_id": 0,
  "final_distance": 3336.0,
  "final_cost": 2707923.0,
  "final_time": 240.33716788552687,
  "score": 3336.0,
  "solving_time_s": 30.28652747499291,
  "iterations": 64
}