{
  "algorithm": "aco",
  "scorer": "distance",
  "cluster_id": 0,
  "final_distance": 2771.0,
  "final_cost": 2262138.0,
  "final_time": 199.79891409667755,
  "score": 2771.0,
  "solving_time_s": 30.043971405000775,
  "iterations": 195
}