iter,best,mean
0,10346.667231762001,10906.869055830632
1,10346.667231762001,10346.667231762
2,10346.667231762001,10346.667231762
3,10346.667231762001,10346.667231762
4,10346.667231762001,10346.667231762
