{
  "algorithm": "aco",
  "scorer": "distance",
  "cluster_id": 5,
  "final_distance": 19030.940126472196,
  "final_cost": 100000.0,
  "final_time": 19030.940126472196,
  "score": 19030.940126472196,
  "solving_time_s": 0.3053922653198242,
  "iterations": 25,
  "time_limit_per_cluster": 0.3
}