vehicle_id,vehicle_name,num_stops_including_depot,capacity_used,capacity_max,capacity_utilization,distance_m,initial_cost,distance_cost,route_cost,stops_by_id
1,Truck-01,80,246.0,10000.0,0.0246,260571.45390905844,75819.0,789.0,205666696.13424712,"[0, 6, 62, 31, 14, 78, 42, 33, 13, 66, 76, 53, 7, 77, 22, 10, 36, 34, 19, 20, 17, 37, 9, 4, 63, 1, 45, 49, 57, 41, 48, 50, 21, 64, 75, 47, 52, 28, 61, 16, 73, 44, 55, 38, 5, 54, 3, 70, 56, 58, 59, 18, 71, 30, 11, 51, 68, 12, 27, 72, 60, 2, 24, 29, 74, 39, 32, 40, 65, 67, 25, 69, 46, 23, 26, 8, 43, 15, 35, 0]"
