{
  "routes": [
    {
      "vehicle_id": 0,
      "vehicle_name": "Truck-01-c3",
      "capacity_used": 0.0,
      "capacity_max": 10000.0,
      "capacity_utilization": 0.0,
      "distance_m": 30210.82008955568,
      "time_s": 2356.802753978137,
      "stops_by_id": [
        0,
        10,
        11,
        12,
        0
      ]
    }
  ]
}