{
  "routes": [
    {
      "vehicle_id": 0,
      "vehicle_name": "Truck-01-c4",
      "capacity_used": 0.0,
      "capacity_max": 10000.0,
      "capacity_utilization": 0.0,
      "distance_m": 27094.405813536527,
      "time_s": 1872.072065781273,
      "stops_by_id": [
        0,
        7,
        19,
        2,
        3,
        1,
        17,
        65,
        0
      ]
    }
  ]
}