{
  "algorithm": "nsga2",
  "scorer": "distance",
  "cluster_id": 0,
  "final_distance": 2702.0,
  "final_cost": 2207697.0,
  "final_time": 194.94235526477686,
  "score": 2702.0,
  "solving_time_s": 30.12903809099953,
  "iterations": 155
}