{
  "algorithm": "nsga2",
  "scorer": "distance",
  "cluster_id": 0,
  "final_distance": 2743.0,
  "final_cost": 2240046.0,
  "final_time": 198.0401701034123,
  "score": 2743.0,
  "solving_time_s": 30.121232767007314,
  "iterations": 48
}