{
  "algorithm": "nsga2",
  "scorer": "distance",
  "cluster_id": 3,
  "final_distance": 6139.619189118178,
  "final_cost": NaN,
  "final_time": 0.0,
  "score": 6139.619189118178,
  "cluster_runtime_s": 0.30759644508361816,
  "iterations": 5,
  "epoch": 0
}