{
  "algorithm": "nsga2",
  "scorer": "distance",
  "cluster_id": 5,
  "final_distance": 20329.538677009936,
  "final_cost": NaN,
  "final_time": 0.0,
  "score": 20329.538677009936,
  "runtime_s": 1.0332545582205057,
  "iterations": 17
}