{
  "epoch": 39,
  "clusters": 1,
  "algorithm": "nsga2",
  "scorer": "distance",
  "sum_final_distance": 544.0,
  "sum_final_cost": 505035.0,
  "sum_final_time": 38.939943331965374,
  "epoch_runtime_s": 10.043965578079224,
  "total_cluster_solving_time_s": 10.036325693130493
}