{
  "algorithm": "nsga2",
  "scorer": "distance",
  "cluster_id": 1,
  "final_distance": 21894.393858080974,
  "final_cost": NaN,
  "final_time": 0.0,
  "score": 21894.393858080974,
  "runtime_s": 1.0515380720607936,
  "iterations": 18
}