iter,best,mean
0,29249.817917126435,37838.383445653926
1,28840.88486489812,31336.034140880187
2,28840.88486489812,30498.647234709468
3,28840.88486489812,30005.18471165429
4,28840.88486489812,29506.88051868451
