iter,best,mean
0,22520.684971184386,30608.93454522536
1,22514.213027139216,25039.301962931127
2,22415.354153029075,24217.929956367734
3,22415.354153029075,23647.267888250797
4,22033.67134014614,23114.31571326896
