{
  "routes": [
    {
      "vehicle_id": 0,
      "vehicle_name": "Truck-01-c6",
      "capacity_used": 0.0,
      "capacity_max": 10000.0,
      "capacity_utilization": 0.0,
      "distance_m": 38106.01769833044,
      "time_s": 2808.1549073994393,
      "stops_by_id": [
        0,
        15,
        16,
        14,
        13,
        70,
        11,
        10,
        7,
        22,
        23,
        1,
        19,
        2,
        3,
        17,
        0
      ]
    }
  ]
}