iter,best,mean
0,9107.463984902673,10625.876492463853
1,9107.463984902673,9502.654904783552
2,9107.463984902673,9298.171371083912
3,9107.463984902673,9186.372358427376
4,9107.463984902673,9107.463984902673
5,9107.463984902673,9107.463984902673
