iter,best,mean
0,32386.020884053043,45788.69458581817
1,32386.020884053043,36921.19006901123
2,32386.020884053043,35645.728432614145
3,32386.020884053043,34860.01464890947
4,32386.020884053043,34133.70003041884
5,32386.020884053043,33192.56528321362
6,32386.020884053043,32387.827151957463
7,32386.020884053043,32386.020884053036
8,32386.020884053043,32386.020884053036
9,32386.020884053043,32386.020884053036
10,32386.020884053043,32386.020884053036
