{
  "algorithm": "nsga2",
  "scorer": "distance",
  "cluster_id": 4,
  "final_distance": 15897.46478629157,
  "final_cost": 100000.0,
  "final_time": 15897.46478629157,
  "score": 15897.46478629157,
  "solving_time_s": 0.30391645431518555,
  "iterations": 16,
  "time_limit_per_cluster": 0.3
}