{
  "routes": [
    {
      "vehicle_id": 0,
      "vehicle_name": "Truck-01-c0",
      "capacity_used": 0.0,
      "capacity_max": 10000.0,
      "capacity_utilization": 0.0,
      "distance_m": 42258.7339950381,
      "time_s": 3061.0387333761428,
      "stops_by_id": [
        0,
        27,
        28,
        29,
        72,
        78,
        32,
        34,
        31,
        33,
        35,
        71,
        37,
        68,
        30,
        36,
        8,
        6,
        58,
        66,
        20,
        21,
        25,
        0
      ]
    }
  ]
}