iter,best,mean
0,9732.985569511096,12942.400220822325
1,9732.985569511096,10804.14709040886
2,9732.985569511096,10298.250957746955
3,9732.985569511096,10036.98272307995
4,9732.985569511096,9892.800650211875
5,9732.985569511096,9778.215014728568
