{
  "algorithm": "pso",
  "scorer": "distance",
  "final_distance": 305549.15218363533,
  "final_cost": 241154100.07288828,
  "final_time": 22185.798008129328,
  "runtime_s": 11.361834683921188,
  "iterations": 1200
}