vehicle_id,vehicle_name,num_stops_including_depot,capacity_used,capacity_max,capacity_utilization,distance_m,initial_cost,distance_cost,route_cost,stops_by_id
1,Truck-01,80,246.0,10000.0,0.0246,289696.63002532185,75819.0,789.0,228646460.08997893,"[0, 5, 54, 3, 1, 45, 49, 41, 57, 48, 50, 38, 55, 21, 64, 75, 47, 52, 28, 44, 73, 61, 16, 11, 51, 68, 12, 27, 72, 60, 70, 39, 29, 74, 34, 24, 2, 63, 4, 9, 37, 17, 20, 19, 36, 10, 77, 7, 53, 76, 66, 13, 33, 42, 22, 32, 40, 65, 67, 25, 59, 58, 56, 18, 71, 30, 69, 46, 23, 8, 26, 6, 43, 15, 35, 62, 31, 14, 78, 0]"
