iter,best,mean
0,22367.211520216115,30192.98605730885
1,22367.211520216115,24745.741885202093
2,22367.211520216115,23757.046497969917
3,22367.211520216115,23253.245396204675
4,22367.211520216115,23028.28450211055
5,22367.211520216115,22769.37768187637
6,22367.211520216115,22380.245212894355
7,22367.211520216115,22367.21152021611
8,22367.211520216115,22367.21152021611
9,22367.211520216115,22367.21152021611
10,22367.211520216115,22367.21152021611
11,22367.211520216115,22367.21152021611
