{
  "algorithm": "nsga2",
  "scorer": "distance",
  "cluster_id": 0,
  "final_distance": 12894.995500112052,
  "final_cost": NaN,
  "final_time": 0.0,
  "score": 12894.995500112052,
  "runtime_s": 1.018610476050526,
  "iterations": 19
}