{
  "algorithm": "nsga2",
  "scorer": "distance",
  "cluster_id": 4,
  "final_distance": 7359.838055916356,
  "final_cost": NaN,
  "final_time": 0.0,
  "score": 7359.838055916356,
  "runtime_s": 1.047998224850744,
  "iterations": 19
}