iter,best,mean
0,5901.694332618249,7312.57750405272
1,5901.694332618249,6362.755093488256
2,5901.694332618249,5990.564985927136
3,5901.694332618249,5901.69433261825
4,5901.694332618249,5901.69433261825
5,5901.694332618249,5901.69433261825
