{
  "algorithm": "nsga2",
  "scorer": "distance",
  "cluster_id": 3,
  "final_distance": 24814.196712907255,
  "final_cost": 100000.0,
  "final_time": 24814.196712907255,
  "score": 24814.196712907255,
  "solving_time_s": 0.33081722259521484,
  "iterations": 9,
  "epoch": 0,
  "time_limit_per_cluster": 0.3
}