iter,best,mean,best_route_time,mean_route_time
0,24814.196712907255,28877.75494635877,24814.196712907255,28877.75494635877
0,24814.196712907255,27174.367127495763,24814.196712907255,27174.367127495763
0,24814.196712907255,26665.95844771114,24814.196712907255,26665.95844771114
0,24814.196712907255,26382.778697416838,24814.196712907255,26382.778697416838
0,24814.196712907255,26263.450750642092,24814.196712907255,26263.450750642092
0,24814.196712907255,26173.387062540416,24814.196712907255,26173.387062540416
0,24814.196712907255,26109.69869472249,24814.196712907255,26109.69869472249
0,24814.196712907255,26074.70784833245,24814.196712907255,26074.70784833245
0,24814.196712907255,26026.552508866385,24814.196712907255,26026.552508866385
