{
  "algorithm": "nsga2",
  "scorer": "distance",
  "cluster_id": 4,
  "final_distance": 9732.985569511096,
  "final_cost": NaN,
  "final_time": 0.0,
  "score": 9732.985569511096,
  "cluster_runtime_s": 0.3557596206665039,
  "iterations": 6,
  "epoch": 0
}