iter,best,mean
0,9732.985569511096,13224.824528909441
1,9732.985569511096,10781.95386235084
2,9732.985569511096,10193.90289975313
3,9732.985569511096,9985.772404896165
4,9732.985569511096,9849.209761327895
5,9732.985569511096,9732.985569511098
