{
  "epoch": 34,
  "clusters": 1,
  "algorithm": "nsga2",
  "scorer": "distance",
  "sum_final_distance": 541.0,
  "sum_final_cost": 502668.0,
  "sum_final_time": 38.95441852828067,
  "epoch_runtime_s": 10.039601564407349,
  "total_cluster_solving_time_s": 10.030971050262451
}