{
  "algorithm": "nsga2",
  "cluster_id": 0,
  "final_distance": 2741.0,
  "final_cost": 2238468.0,
  "final_time": 197.88358301870426,
  "score": 2741.0,
  "solving_time_s": 10.016489505767822,
  "iterations": 82,
  "epoch": 9,
  "time_limit_per_cluster": 10.0
}