{
  "epoch": 18,
  "clusters": 1,
  "algorithm": "nsga2",
  "sum_final_distance": 2912.0,
  "sum_final_cost": 2373387.0,
  "sum_final_time": 208.77321668083954,
  "epoch_runtime_s": 10.115774154663086,
  "total_cluster_solving_time_s": 10.074943542480469
}