{
  "algorithm": "nsga2",
  "scorer": "distance",
  "cluster_id": 1,
  "final_distance": 11613.861319378271,
  "final_cost": NaN,
  "final_time": 0.0,
  "score": 11613.861319378271,
  "runtime_s": 5.028667726088315,
  "iterations": 90
}