{
  "algorithm": "aco",
  "scorer": "distance",
  "cluster_id": 0,
  "final_distance": 28410.966429685857,
  "final_cost": 100000.0,
  "final_time": 28410.966429685857,
  "score": 28410.966429685857,
  "solving_time_s": 0.30031371116638184,
  "iterations": 40,
  "time_limit_per_cluster": 0.3
}