{
  "algorithm": "nsga2",
  "scorer": "distance",
  "cluster_id": 4,
  "final_distance": 6429.488352961436,
  "final_cost": NaN,
  "final_time": 0.0,
  "score": 6429.488352961436,
  "cluster_runtime_s": 5.047823429107666,
  "iterations": 67,
  "epoch": 0
}