{
  "algorithm": "ga",
  "scorer": "distance",
  "cluster_id": 4,
  "final_distance": 7359.915065839341,
  "final_cost": 100000.0,
  "final_time": 7359.915065839341,
  "score": 7359.915065839341,
  "solving_time_s": 0.30339622497558594,
  "iterations": 62,
  "time_limit_per_cluster": 0.3
}