{
  "algorithm": "pso",
  "scorer": "distance",
  "cluster_id": 0,
  "final_distance": 3037.0,
  "final_cost": 2472012.0,
  "final_time": 217.4687341496311,
  "score": 3037.0,
  "solving_time_s": 30.08709789600107,
  "iterations": 147
}