iter,best,mean,best_route_time,mean_route_time
1,2937.0,22018.27,209.74667826669025,1586.1259271983517
2,2937.0,17935.75,209.74667826669025,1290.3273426382073
3,2937.0,17013.96,209.74667826669025,1223.7066943023951
4,2937.0,16356.54,209.74667826669025,1176.7678420483928
