{
  "algorithm": "nsga2",
  "scorer": "distance",
  "cluster_id": 4,
  "final_distance": 34964.472489834734,
  "final_cost": NaN,
  "final_time": 0.0,
  "score": 34964.472489834734,
  "runtime_s": 1.0605986318551004,
  "iterations": 19
}