{
  "algorithm": "nsga2",
  "scorer": "distance",
  "cluster_id": 5,
  "final_distance": 8223.366724336242,
  "final_cost": NaN,
  "final_time": 0.0,
  "score": 8223.366724336242,
  "runtime_s": 1.06685925507918,
  "iterations": 18
}