{
  "routes": [
    {
      "vehicle_id": 0,
      "vehicle_name": "Truck-01-c5",
      "capacity_used": 0.0,
      "capacity_max": 10000.0,
      "capacity_utilization": 0.0,
      "distance_m": 36833.01378096514,
      "time_s": 2660.3533152024493,
      "stops_by_id": [
        0,
        61,
        9,
        4,
        17,
        1,
        3,
        2,
        19,
        7,
        22,
        23,
        0
      ]
    }
  ]
}