{
  "algorithm": "nsga2",
  "scorer": "distance",
  "cluster_id": 0,
  "final_distance": 9107.463984902673,
  "final_cost": NaN,
  "final_time": 0.0,
  "score": 9107.463984902673,
  "cluster_runtime_s": 0.3650534152984619,
  "iterations": 6,
  "epoch": 0
}