{
  "algorithm": "aco",
  "cluster_id": 0,
  "final_distance": 558.0,
  "final_cost": 516081.0,
  "final_time": 39.87074678032832,
  "score": 558.0,
  "solving_time_s": 2.805065631866455,
  "iterations": 138,
  "time_limit_per_cluster": 2.8
}