iter,best,mean
0,12135.97440212252,15139.248507467457
1,12135.97440212252,12509.213590257335
2,12135.97440212252,12139.463217307173
3,12135.97440212252,12135.974402122521
4,12135.97440212252,12135.974402122521
