{
  "algorithm": "pso",
  "scorer": "distance",
  "cluster_id": 0,
  "final_distance": 3360.0,
  "final_cost": 2726859.0,
  "final_time": 242.6278285838162,
  "score": 3360.0,
  "solving_time_s": 30.020086363998416,
  "iterations": 146
}