{
  "algorithm": "pso",
  "scorer": "distance",
  "cluster_id": 0,
  "final_distance": 2826.0,
  "final_cost": 2305533.0,
  "final_time": 205.13001780867106,
  "score": 2826.0,
  "solving_time_s": 30.51642356091179,
  "iterations": 4
}