iter,best,mean,best_route_time,mean_route_time
1,2937.0,22052.16,211.2718164806564,1586.5595458320072
2,2937.0,18012.81,211.2718164806564,1297.0732606175816
3,2937.0,17107.05,211.2718164806564,1232.822325725403
4,2937.0,16413.05,211.2718164806564,1182.1031215070564
