{
  "algorithm": "nsga2",
  "scorer": "distance",
  "cluster_id": 6,
  "final_distance": 9602.07143159127,
  "final_cost": NaN,
  "final_time": 0.0,
  "score": 9602.07143159127,
  "runtime_s": 1.0065202838741243,
  "iterations": 14
}