iter,best,mean
0,11217.585559158699,13887.92049892226
1,11217.585559158699,11960.151200883254
2,11217.585559158699,11565.901827577525
3,11217.585559158699,11294.387146139923
4,11217.585559158699,11217.5855591587
5,11217.585559158699,11217.5855591587
