{
  "algorithm": "ga",
  "scorer": "distance",
  "cluster_id": 0,
  "final_distance": 3208.0,
  "final_cost": 2606931.0,
  "final_time": 231.40279608749245,
  "score": 3208.0,
  "solving_time_s": 30.39250819000881,
  "iterations": 40
}