{
  "algorithm": "ga",
  "scorer": "distance",
  "cluster_id": 0,
  "final_distance": 2790.0,
  "final_cost": 2277129.0,
  "final_time": 199.40880208035634,
  "score": 2790.0,
  "solving_time_s": 30.008147628999723,
  "iterations": 690
}