iter,best,mean,best_route_time,mean_route_time
1,3208.0,22310.64,231.40279608749245,1605.9338790823592
2,3208.0,14354.88,231.40279608749245,1032.479098098942
3,3208.0,11753.02,231.40279608749245,846.0332293977918
4,3208.0,9986.38,231.40279608749245,718.7472350029726
5,3208.0,9297.3,231.40279608749245,671.123219393967
6,3208.0,7708.1,231.40279608749245,555.7678893622702
7,3208.0,9292.3,231.40279608749245,669.2633819571754
8,3208.0,8138.42,231.40279608749245,586.0810849319332
9,3208.0,7276.18,231.40279608749245,524.8670484486588
10,3208.0,8397.66,231.40279608749245,605.0253861258062
11,3208.0,9667.14,231.40279608749245,697.4317484824107
12,3208.0,9481.24,231.40279608749245,684.0340891251398
13,3208.0,8434.18,231.40279608749245,608.1553610026533
14,3208.0,9320.36,231.40279608749245,670.4940859352237
15,3208.0,9099.22,231.40279608749245,656.2100297652021
16,3208.0,8297.12,231.40279608749245,599.3877059432447
17,3208.0,9672.68,231.40279608749245,697.2071716904743
18,3208.0,9360.66,231.40279608749245,675.0435575997044
19,3208.0,7478.02,231.40279608749245,539.7860057532204
20,3208.0,7742.0,231.40279608749245,558.2589679388849
21,3208.0,9230.58,231.40279608749245,665.9413400781904
22,3208.0,8124.66,231.40279608749245,584.9485477437504
23,3208.0,7316.12,231.40279608749245,527.5446564524492
24,3208.0,7075.7,231.40279608749245,510.68916739956717
25,3208.0,6520.04,231.40279608749245,470.7029782244775
26,3208.0,6440.9,231.40279608749245,464.7110658710666
27,3208.0,6389.0,231.40279608749245,461.05787304173265
28,3208.0,7381.28,231.40279608749245,532.319174129242
29,3208.0,6461.88,231.40279608749245,466.49240829333644
30,3208.0,7983.44,231.40279608749245,575.9889748689251
31,3208.0,6271.28,231.40279608749245,451.7077797596217
32,3208.0,5216.48,231.40279608749245,376.40687605141386
33,3208.0,6315.86,231.40279608749245,455.68584552740225
34,3208.0,7439.2,231.40279608749245,535.7139219186491
35,3208.0,5936.84,231.40279608749245,428.18399202822343
36,3208.0,6295.76,231.40279608749245,454.0860882641027
37,3208.0,8662.3,231.40279608749245,624.9220809979364
38,3208.0,5613.6,231.40279608749245,405.3180736680349
39,3208.0,6155.24,231.40279608749245,444.32340998469954
40,3208.0,4464.142857142857,231.40279608749245,343.62728626280676
