{
  "algorithm": "pso",
  "scorer": "distance",
  "cluster_id": 4,
  "final_distance": 9732.972125757442,
  "final_cost": 100000.0,
  "final_time": 9732.972125757442,
  "score": 9732.972125757442,
  "solving_time_s": 0.30054783821105957,
  "iterations": 100,
  "time_limit_per_cluster": 0.3
}