{
  "algorithm": "ga",
  "scorer": "distance",
  "final_score": 253267.87433582786,
  "final_cost": 199904171.85096818,
  "runtime_s": 11.567511797999032,
  "iterations": 1000
}