{
  "algorithm": "ga",
  "scorer": "distance",
  "cluster_id": 0,
  "final_distance": 2865.0,
  "final_cost": 2336304.0,
  "final_time": 204.9648842279214,
  "score": 2865.0,
  "solving_time_s": 30.005380325004808,
  "iterations": 678
}