{
  "algorithm": "aco",
  "cluster_id": 0,
  "final_distance": 558.0,
  "final_cost": 516081.0,
  "final_time": 40.27154872370004,
  "score": 558.0,
  "solving_time_s": 2.8076858520507812,
  "iterations": 139,
  "time_limit_per_cluster": 2.8
}