{
  "algorithm": "nsga2",
  "scorer": "distance",
  "cluster_id": 3,
  "final_distance": 14724.634979122093,
  "final_cost": NaN,
  "final_time": 0.0,
  "score": 14724.634979122093,
  "runtime_s": 1.0276751117780805,
  "iterations": 17
}