{
  "routes": [
    {
      "vehicle_id": 0,
      "vehicle_name": "Truck-01-c3",
      "capacity_used": 0.0,
      "capacity_max": 10000.0,
      "capacity_utilization": 0.0,
      "distance_m": 37811.675522644684,
      "time_s": 2572.2364426045997,
      "stops_by_id": [
        0,
        12,
        15,
        16,
        14,
        13,
        70,
        11,
        10,
        65,
        0
      ]
    }
  ]
}