iter,best,mean
0,35525.81890864718,43887.748980162905
1,35525.81890864718,38051.82888539968
2,35302.47823486166,36907.60609134974
