vehicle_id,vehicle_name,num_stops_including_depot,capacity_used,capacity_max,capacity_utilization,distance_m,initial_cost,distance_cost,route_cost,stops_by_id
1,Truck-01,80,246.0,10000.0,0.0246,275170.6006184665,75819.0,789.0,217185422.88797006,"[0, 14, 78, 13, 66, 76, 7, 53, 77, 33, 42, 22, 10, 36, 19, 20, 34, 24, 2, 74, 29, 39, 32, 40, 65, 67, 25, 31, 15, 43, 35, 62, 6, 26, 8, 23, 46, 18, 59, 56, 58, 70, 60, 72, 27, 12, 68, 51, 52, 47, 75, 64, 21, 48, 41, 57, 49, 45, 1, 4, 17, 37, 9, 63, 3, 54, 5, 50, 55, 38, 44, 73, 61, 28, 16, 11, 71, 30, 69, 0]"
