{
  "epoch": 35,
  "clusters": 1,
  "algorithm": "nsga2",
  "sum_final_distance": 2723.0,
  "sum_final_cost": 2224266.0,
  "sum_final_time": 196.72463030000475,
  "epoch_runtime_s": 10.216412544250488,
  "total_cluster_solving_time_s": 10.170050621032715
}