{
  "routes": [
    {
      "vehicle_id": 0,
      "vehicle_name": "Truck-01-c4",
      "capacity_used": 0.0,
      "capacity_max": 10000.0,
      "capacity_utilization": 0.0,
      "distance_m": 25477.68948887118,
      "time_s": 1875.3657205831155,
      "stops_by_id": [
        0,
        56,
        49,
        47,
        48,
        50,
        69,
        55,
        51,
        52,
        54,
        53,
        42,
        41,
        57,
        40,
        45,
        44,
        0
      ]
    }
  ]
}