{
  "routes": [
    {
      "vehicle_id": 0,
      "vehicle_name": "Truck-01-c6",
      "capacity_used": 0.0,
      "capacity_max": 10000.0,
      "capacity_utilization": 0.0,
      "distance_m": 42913.73673672276,
      "time_s": 3001.4248000655775,
      "stops_by_id": [
        0,
        76,
        18,
        67,
        12,
        15,
        16,
        0
      ]
    }
  ]
}