vehicle_id,vehicle_name,num_stops_including_depot,capacity_used,capacity_max,capacity_utilization,distance_m,initial_cost,distance_cost,route_cost,stops_by_id
1,Truck-01,80,246.0,10000.0,0.0246,254223.39846180545,75819.0,789.0,200658080.3863645,"[0, 8, 26, 23, 46, 69, 11, 71, 30, 18, 59, 56, 58, 70, 60, 72, 27, 12, 68, 51, 3, 54, 5, 38, 55, 44, 73, 16, 61, 28, 52, 47, 75, 64, 21, 50, 48, 41, 57, 49, 45, 1, 63, 4, 9, 37, 17, 20, 19, 34, 2, 24, 29, 74, 36, 10, 22, 77, 7, 53, 66, 76, 13, 33, 42, 39, 32, 40, 65, 67, 25, 6, 62, 31, 14, 78, 15, 35, 43, 0]"
