{
  "epoch": 31,
  "clusters": 1,
  "algorithm": "nsga2",
  "scorer": "distance",
  "sum_final_distance": 539.0,
  "sum_final_cost": 501090.0,
  "sum_final_time": 38.264993017228164,
  "epoch_runtime_s": 10.50960636138916,
  "total_cluster_solving_time_s": 10.499602317810059
}