{
  "algorithm": "aco",
  "scorer": "distance",
  "final_distance": 30957.002594418424,
  "final_cost": 100000.0,
  "final_time": 2330.605057536077,
  "runtime_s": 5.16786552965641,
  "iterations": 2356
}