{
  "routes": [
    {
      "vehicle_id": 0,
      "vehicle_name": "Truck-01-c1",
      "capacity_used": 0.0,
      "capacity_max": 10000.0,
      "capacity_utilization": 0.0,
      "distance_m": 30957.002594418424,
      "time_s": 2330.605057536077,
      "stops_by_id": [0, 56, 69, 54, 52, 51, 55, 46, 74, 43, 73, 0]
    }
  ]
}