{
  "algorithm": "ga",
  "scorer": "distance",
  "cluster_id": 4,
  "final_distance": 21252.828701485356,
  "final_cost": 100000.0,
  "final_time": 21252.828701485356,
  "score": 21252.828701485356,
  "solving_time_s": 0.3099362850189209,
  "iterations": 29,
  "time_limit_per_cluster": 0.3
}