iter,best,mean
0,6123.741447122346,6123.7414471223465
1,6123.741447122346,6123.7414471223465
2,6123.741447122346,6123.7414471223465
3,6123.741447122346,6123.7414471223465
4,6123.741447122346,6123.7414471223465
5,6123.741447122346,6123.7414471223465
6,6123.741447122346,6123.7414471223465
7,6123.741447122346,6123.7414471223465
8,6123.741447122346,6123.7414471223465
9,6123.741447122346,6123.7414471223465
