{
  "algorithm": "pso",
  "scorer": "distance",
  "cluster_id": 3,
  "final_distance": 37138.98282483015,
  "final_cost": 100000.0,
  "final_time": 37138.98282483015,
  "score": 37138.98282483015,
  "solving_time_s": 0.30222344398498535,
  "iterations": 68,
  "time_limit_per_cluster": 0.3
}