iter,best,mean
0,46696.53698425334,57623.571160857224
1,45663.878640114315,49573.07941734399
2,45663.878640114315,48011.13744306177
3,45663.878640114315,47391.38443626539
