{
  "algorithm": "nsga2",
  "scorer": "distance",
  "cluster_id": 3,
  "final_distance": 20089.62146798033,
  "final_cost": NaN,
  "final_time": 0.0,
  "score": 20089.62146798033,
  "runtime_s": 1.0173505190759897,
  "iterations": 14
}