iter,best,mean
0,9783.996727743912,11800.104120684755
1,9783.996727743912,10899.027750431369
2,9783.996727743912,10483.870918901532
3,9783.996727743912,9805.229057995735
4,9783.996727743912,9783.996727743912
5,9783.996727743912,9783.996727743912
