iter,best,mean
0,64671.78484317974,84624.42229219005
1,63240.53571524854,72717.77365680235
2,63240.53571524854,70080.54303937363
3,63240.53571524854,68474.53067021837
