{
  "routes": [
    {
      "vehicle_id": 0,
      "vehicle_name": "Truck-01-c0",
      "capacity_used": 0.0,
      "capacity_max": 10000.0,
      "capacity_utilization": 0.0,
      "distance_m": 86705.8066735169,
      "time_s": 6298.998299341765,
      "stops_by_id": [
        0,
        12,
        15,
        16,
        14,
        13,
        70,
        11,
        10,
        65,
        59,
        60,
        67,
        18,
        76,
        61,
        9,
        4,
        17,
        1,
        3,
        2,
        19,
        7,
        22,
        23,
        24,
        26,
        0
      ]
    }
  ]
}