{
  "algorithm": "ga",
  "scorer": "distance",
  "cluster_id": 2,
  "final_distance": 6066.233235595386,
  "final_cost": 100000.0,
  "final_time": 6066.233235595386,
  "score": 6066.233235595386,
  "solving_time_s": 0.30513787269592285,
  "iterations": 57,
  "time_limit_per_cluster": 0.3
}