{
  "algorithm": "nsga2",
  "scorer": "distance",
  "cluster_id": 2,
  "final_distance": 17439.539289158707,
  "final_cost": NaN,
  "final_time": 0.0,
  "score": 17439.539289158707,
  "runtime_s": 5.071797522716224,
  "iterations": 60
}