{
  "epoch": 63,
  "clusters": 1,
  "algorithm": "nsga2",
  "scorer": "distance",
  "sum_final_distance": 542.0,
  "sum_final_cost": 503457.0,
  "sum_final_time": 38.67259677494011,
  "epoch_runtime_s": 10.200093030929565,
  "total_cluster_solving_time_s": 10.18896746635437
}