iter,best,mean
0,6387.881784169009,8911.910227066075
1,6387.881784169009,7141.414383548882
2,6387.881784169009,6555.202675094623
3,6387.881784169009,6387.881784169009
4,6387.881784169009,6387.881784169009
5,6387.881784169009,6387.881784169009
