iter,best,mean,best_route_time,mean_route_time
0,23940.384072879566,27413.079086105317,23940.384072879566,27413.079086105317
0,23940.384072879566,26074.173605776472,23940.384072879566,26074.173605776472
0,23940.384072879566,25721.42552381581,23940.384072879566,25721.42552381581
0,23892.41399849075,25508.89606715935,23892.41399849075,25508.89606715935
0,23892.41399849075,25337.645525209977,23892.41399849075,25337.645525209977
0,23892.41399849075,25273.800275145415,23892.41399849075,25273.800275145415
0,23892.41399849075,25186.296269614162,23892.41399849075,25186.296269614162
0,23742.688478464737,25102.235126823536,23742.688478464737,25102.235126823536
0,23742.688478464737,25028.73316058418,23742.688478464737,25028.73316058418
