{
  "algorithm": "nsga2",
  "scorer": "distance",
  "cluster_id": 5,
  "final_distance": 14892.236592331963,
  "final_cost": NaN,
  "final_time": 0.0,
  "score": 14892.236592331963,
  "cluster_runtime_s": 1.0024280548095703,
  "iterations": 13,
  "epoch": 0
}