{
  "algorithm": "nsga2",
  "cluster_id": 0,
  "final_distance": 544.0,
  "final_cost": 505035.0,
  "final_time": 39.888872978095506,
  "score": 544.0,
  "solving_time_s": 2.814558506011963,
  "iterations": 39,
  "epoch": 0,
  "time_limit_per_cluster": 2.8
}