{
  "algorithm": "nsga2",
  "scorer": "distance",
  "cluster_id": 5,
  "final_distance": 5800.678688450755,
  "final_cost": NaN,
  "final_time": 0.0,
  "score": 5800.678688450755,
  "runtime_s": 5.017568647395819,
  "iterations": 92
}