vehicle_id,vehicle_name,num_stops_including_depot,capacity_used,capacity_max,capacity_utilization,distance_m,initial_cost,distance_cost,route_cost,stops_by_id
1,Truck-01,80,246.0,10000.0,0.0246,250195.16359105226,75819.0,789.0,197479803.07334024,"[0, 26, 8, 23, 46, 69, 30, 11, 16, 73, 44, 61, 28, 52, 47, 75, 21, 64, 68, 12, 27, 72, 49, 57, 41, 48, 50, 55, 38, 5, 54, 3, 1, 45, 63, 4, 9, 37, 17, 20, 19, 74, 36, 10, 77, 7, 53, 76, 66, 13, 22, 42, 33, 40, 32, 39, 29, 24, 34, 2, 60, 70, 58, 56, 51, 71, 18, 59, 25, 6, 62, 67, 65, 78, 14, 31, 35, 15, 43, 0]"
