{
  "algorithm": "nsga2",
  "scorer": "distance",
  "cluster_id": 2,
  "final_distance": 14520.02988426605,
  "final_cost": 100000.0,
  "final_time": 14520.02988426605,
  "score": 14520.02988426605,
  "solving_time_s": 0.31741809844970703,
  "iterations": 8,
  "epoch": 0,
  "time_limit_per_cluster": 0.3
}