{
  "algorithm": "nsga2",
  "scorer": "distance",
  "cluster_id": 4,
  "final_distance": 21303.95574085888,
  "final_cost": NaN,
  "final_time": 0.0,
  "score": 21303.95574085888,
  "cluster_runtime_s": 1.0119917392730713,
  "iterations": 15,
  "epoch": 0
}