{
  "algorithm": "nsga2",
  "scorer": "distance",
  "final_distance": 240003.89752128607,
  "final_cost": 189438894.1442947,
  "final_time": 17589.619344985,
  "epoch_runtime_s": 60.0484299659729,
  "iterations": 526,
  "epoch": 2
}