{
  "algorithm": "nsga2",
  "scorer": "distance",
  "cluster_id": 6,
  "final_distance": 19779.794028528715,
  "final_cost": NaN,
  "final_time": 0.0,
  "score": 19779.794028528715,
  "runtime_s": 1.0590045447461307,
  "iterations": 17
}