{
  "algorithm": "nsga2",
  "scorer": "distance",
  "cluster_id": 0,
  "final_distance": 64391.2,
  "final_cost": 100000.0,
  "final_time": 6727.999999999999,
  "score": 64391.2,
  "solving_time_s": 0.3257291316986084,
  "iterations": 11,
  "time_limit_per_cluster": 0.3
}