{
  "algorithm": "aco",
  "scorer": "distance",
  "final_distance": 26389.165835459557,
  "final_cost": 100000.0,
  "final_time": 1808.6690239917552,
  "runtime_s": 5.0206923531368375,
  "iterations": 8687
}