{
  "algorithm": "ga",
  "cluster_id": 6,
  "final_distance": 39694.8,
  "final_cost": 100000.0,
  "final_time": 3619.1,
  "score": 39694.8,
  "solving_time_s": 0.4005165100097656,
  "iterations": 704,
  "time_limit_per_cluster": 0.39999999999999997
}