{
  "algorithm": "nsga2",
  "scorer": "distance",
  "cluster_id": 0,
  "final_distance": 31223.729413168974,
  "final_cost": NaN,
  "final_time": 0.0,
  "score": 31223.729413168974,
  "runtime_s": 5.01117085525766,
  "iterations": 47
}