{
  "routes": [
    {
      "vehicle_id": 0,
      "vehicle_name": "Truck-01-c3",
      "capacity_used": 0.0,
      "capacity_max": 10000.0,
      "capacity_utilization": 0.0,
      "distance_m": 25656.572839500488,
      "time_s": 1790.757086821241,
      "stops_by_id": [
        0,
        11,
        70,
        13,
        14,
        15,
        16,
        0
      ]
    }
  ]
}