iter,best,mean
0,18109.406576894628,23873.900584782892
1,18109.406576894628,19099.374517984877
2,18109.406576894628,18271.379635635054
3,18109.406576894628,18151.18982151418
4,18109.406576894628,18109.406576894635
