{
  "algorithm": "nsga2",
  "scorer": "distance",
  "cluster_id": 3,
  "final_distance": 5901.694332618249,
  "final_cost": NaN,
  "final_time": 0.0,
  "score": 5901.694332618249,
  "cluster_runtime_s": 5.02400541305542,
  "iterations": 76,
  "epoch": 0
}