{
  "algorithm": "pso",
  "cluster_id": 0,
  "final_distance": 630.0,
  "final_cost": 572889.0,
  "final_time": 45.430889652959536,
  "score": 630.0,
  "solving_time_s": 2.8018791675567627,
  "iterations": 125,
  "time_limit_per_cluster": 2.8
}