{
  "algorithm": "nsga2",
  "scorer": "distance",
  "cluster_id": 1,
  "final_distance": 27768.36189368915,
  "final_cost": NaN,
  "final_time": 0.0,
  "score": 27768.36189368915,
  "runtime_s": 5.024549510329962,
  "iterations": 54
}