iter,best,mean
0,10149.394126851574,12675.346535132774
1,10149.394126851574,10921.13861144305
2,10149.394126851574,10446.76198415966
3,10149.394126851574,10196.790115743932
4,10149.394126851574,10149.394126851575
5,10149.394126851574,10149.394126851575
