{
  "routes": [
    {
      "vehicle_id": 0,
      "vehicle_name": "Truck-01-c5",
      "capacity_used": 0.0,
      "capacity_max": 10000.0,
      "capacity_utilization": 0.0,
      "distance_m": 27232.569505621435,
      "time_s": 2061.8477751767114,
      "stops_by_id": [
        0,
        16,
        15,
        14,
        13,
        70,
        11,
        10,
        7,
        0
      ]
    }
  ]
}