{
  "epoch": 56,
  "clusters": 1,
  "algorithm": "nsga2",
  "scorer": "distance",
  "sum_final_distance": 538.0,
  "sum_final_cost": 500301.0,
  "sum_final_time": 38.254461280860475,
  "epoch_runtime_s": 10.127171754837036,
  "total_cluster_solving_time_s": 10.116652250289917
}