iter,best,mean
0,27768.36189368915,40148.8943092071
1,27768.36189368915,32856.13842095947
2,27768.36189368915,31357.82491406615
3,27768.36189368915,30355.367593116156
