iter,best,mean,best_route_time,mean_route_time
0,17176.56707315404,21381.312314665938,17176.56707315404,21381.312314665938
0,17064.472715032865,19438.042929537085,17064.472715032865,19438.042929537085
0,17064.472715032865,18893.575885147227,17064.472715032865,18893.575885147227
0,17064.472715032865,18577.513605186898,17064.472715032865,18577.513605186898
0,17064.472715032865,18389.589119706117,17064.472715032865,18389.589119706117
0,17064.472715032865,18249.960441625506,17064.472715032865,18249.960441625506
0,17064.472715032865,18125.39852728891,17064.472715032865,18125.39852728891
0,17064.472715032865,18034.915067322516,17064.472715032865,18034.915067322516
0,17064.472715032865,17947.17844345789,17064.472715032865,17947.17844345789
