{
  "routes": [
    {
      "vehicle_id": 0,
      "vehicle_name": "Truck-01-c4",
      "capacity_used": 0.0,
      "capacity_max": 10000.0,
      "capacity_utilization": 0.0,
      "distance_m": 30210.820089555684,
      "time_s": 2267.48222423633,
      "stops_by_id": [
        0,
        12,
        11,
        10,
        0
      ]
    }
  ]
}