iter,best,mean,best_route_time,mean_route_time
0,73539.19999999998,90506.712,7275.799999999999,8239.582
0,69110.20000000001,84779.906,7019.999999999999,7940.32
0,64503.399999999994,80809.05900000001,6796.699999999999,7743.331999999999
0,64391.2,77658.872,6634.3,7554.322999999999
0,64391.2,74936.171,6634.3,7373.623999999999
0,64248.799999999996,73296.308,6580.099999999999,7276.083
0,64248.799999999996,71819.53199999999,6580.099999999999,7188.848999999999
0,64248.799999999996,70413.924,6580.099999999999,7107.626
