{
  "algorithm": "nsga2",
  "scorer": "distance",
  "cluster_id": 0,
  "final_distance": 2704.0,
  "final_cost": 2209275.0,
  "final_time": 193.45503040958653,
  "score": 2704.0,
  "solving_time_s": 10.129071538998687,
  "iterations": 152
}