{
  "algorithm": "nsga2",
  "scorer": "distance",
  "cluster_id": 0,
  "final_distance": 2689.0,
  "final_cost": 2197440.0,
  "final_time": 193.2895302900527,
  "score": 2689.0,
  "solving_time_s": 30.054022550582886,
  "iterations": 69,
  "epoch": 0
}