{
  "algorithm": "nsga2",
  "scorer": "distance",
  "cluster_id": 2,
  "final_distance": 11082.257434567427,
  "final_cost": NaN,
  "final_time": 0.0,
  "score": 11082.257434567427,
  "cluster_runtime_s": 1.035553216934204,
  "iterations": 16,
  "epoch": 0
}