{
  "epoch": 9,
  "clusters": 1,
  "algorithm": "nsga2",
  "scorer": "distance",
  "sum_final_distance": 539.0,
  "sum_final_cost": 501090.0,
  "sum_final_time": 38.76994688851986,
  "epoch_runtime_s": 10.167723417282104,
  "total_cluster_solving_time_s": 10.15993857383728
}