{
  "algorithm": "nsga2",
  "cluster_id": 0,
  "final_distance": 2743.0,
  "final_cost": 2240046.0,
  "final_time": 197.90692037070565,
  "score": 2743.0,
  "solving_time_s": 10.078495979309082,
  "iterations": 21,
  "epoch": 32,
  "time_limit_per_cluster": 10.0
}