iter,best,mean
0,37020.35277209068,49534.858722695084
1,37020.35277209068,41746.744227181465
2,37020.35277209068,39866.61295832109
3,37020.35277209068,38398.42139206975
4,37020.35277209068,37561.09550929781
