iter,best,mean
0,19173.74158337639,24782.981194614218
1,18926.735998528697,20557.1041501749
2,18926.735998528697,19796.684352215583
3,18926.735998528693,19512.127738920415
4,18926.735998528693,19301.627116612846
5,18926.735998528693,19096.468107371384
6,18926.735998528693,19048.528010562797
7,18926.735998528693,19027.136559062783
8,18926.735998528693,19017.048052897062
9,18926.735998528693,18995.96224343823
10,18926.735998528693,18965.348400378436
11,18926.735998528693,18926.735998528693
