{
  "routes": [
    {
      "vehicle_id": 0,
      "vehicle_name": "Truck-01-c4",
      "capacity_used": 0.0,
      "capacity_max": 10000.0,
      "capacity_utilization": 0.0,
      "distance_m": 25148.31447319063,
      "time_s": 1880.0487905047617,
      "stops_by_id": [
        0,
        27,
        28,
        26,
        25,
        0
      ]
    }
  ]
}