{
  "algorithm": "nsga2",
  "scorer": "distance",
  "cluster_id": 4,
  "final_distance": 8593.908224855315,
  "final_cost": NaN,
  "final_time": 0.0,
  "score": 8593.908224855315,
  "runtime_s": 1.033145731780678,
  "iterations": 18
}