{
  "algorithm": "nsga2",
  "scorer": "distance",
  "cluster_id": 2,
  "final_distance": 14118.11564236038,
  "final_cost": 100000.0,
  "final_time": 14118.11564236038,
  "score": 14118.11564236038,
  "solving_time_s": 0.30962491035461426,
  "iterations": 12,
  "epoch": 0,
  "time_limit_per_cluster": 0.3
}