{
  "algorithm": "nsga2",
  "scorer": "distance",
  "cluster_id": 0,
  "final_distance": 20367.601243890364,
  "final_cost": NaN,
  "final_time": 0.0,
  "score": 20367.601243890364,
  "runtime_s": 5.008937941398472,
  "iterations": 68
}