{
  "algorithm": "pso",
  "scorer": "distance",
  "cluster_id": 6,
  "final_distance": 11613.845277651899,
  "final_cost": 100000.0,
  "final_time": 11613.845277651899,
  "score": 11613.845277651899,
  "solving_time_s": 0.30167508125305176,
  "iterations": 116,
  "time_limit_per_cluster": 0.3
}