vehicle_id,vehicle_name,num_stops_including_depot,capacity_used,capacity_max,capacity_utilization,distance_m,time_s,initial_cost,distance_cost,route_cost,stops_by_id
1,Truck-01,80,246.0,10000.0,0.0246,241653.78857315253,17553.74677767611,75819.0,789.0,190740658.18421733,"[0, 6, 62, 31, 14, 78, 13, 66, 76, 53, 7, 77, 33, 42, 22, 10, 36, 74, 29, 24, 34, 19, 20, 17, 37, 9, 63, 4, 2, 60, 72, 27, 70, 39, 32, 40, 65, 67, 25, 59, 58, 56, 51, 68, 12, 49, 45, 1, 3, 54, 5, 38, 55, 50, 48, 41, 57, 64, 21, 75, 52, 47, 44, 73, 61, 28, 16, 11, 30, 71, 18, 69, 46, 23, 8, 26, 43, 15, 35, 0]"
