{
  "routes": [
    {
      "vehicle_id": 0,
      "vehicle_name": "Truck-01-c1",
      "capacity_used": 0.0,
      "capacity_max": 10000.0,
      "capacity_utilization": 0.0,
      "distance_m": 31675.981365683438,
      "time_s": 2217.4669390450745,
      "stops_by_id": [
        0,
        29,
        72,
        78,
        32,
        34,
        31,
        33,
        35,
        71,
        37,
        38,
        39,
        68,
        30,
        36,
        8,
        6,
        58,
        20,
        0
      ]
    }
  ]
}