{
  "algorithm": "nsga2",
  "scorer": "distance",
  "final_distance": 290417.33009593433,
  "final_cost": 229215092.44569218,
  "final_time": 21079.116826489175,
  "runtime_s": 17.27510280488059,
  "iterations": 1000,
  "epoch": 8
}