vehicle_id,vehicle_name,num_stops_including_depot,capacity_used,capacity_max,capacity_utilization,distance_m,time_s,initial_cost,distance_cost,route_cost,stops_by_id
1,Truck-01,80,246.0,10000.0,0.0246,290417.33009593433,21079.116826489175,75819.0,789.0,229215092.44569218,"[0, 26, 8, 46, 23, 69, 30, 71, 11, 16, 28, 61, 73, 44, 75, 52, 47, 38, 55, 50, 21, 64, 48, 5, 54, 3, 1, 45, 41, 57, 49, 68, 51, 12, 27, 72, 60, 63, 9, 17, 4, 37, 20, 19, 29, 34, 24, 2, 39, 70, 56, 58, 59, 18, 25, 67, 31, 78, 14, 65, 40, 32, 42, 33, 13, 76, 66, 53, 7, 77, 22, 10, 36, 74, 6, 62, 15, 35, 43, 0]"
