vehicle_id,vehicle_name,num_stops_including_depot,capacity_used,capacity_max,capacity_utilization,distance_m,initial_cost,distance_cost,route_cost,stops_by_id
1,Truck-01,80,246.0,10000.0,0.0246,281236.84210822906,75819.0,789.0,221971687.4233927,"[0, 2, 34, 24, 29, 39, 70, 60, 45, 1, 63, 4, 9, 37, 17, 20, 19, 74, 36, 10, 22, 42, 77, 7, 53, 76, 66, 13, 33, 32, 40, 65, 78, 14, 31, 6, 62, 35, 15, 43, 26, 8, 23, 46, 69, 18, 71, 30, 11, 16, 52, 28, 61, 73, 44, 47, 75, 64, 21, 55, 38, 50, 5, 54, 3, 41, 48, 57, 49, 72, 27, 12, 68, 51, 56, 58, 59, 25, 67, 0]"
