{
  "algorithm": "aco",
  "scorer": "distance",
  "cluster_id": 1,
  "final_distance": 8223.355365754014,
  "final_cost": 100000.0,
  "final_time": 8223.355365754014,
  "score": 8223.355365754014,
  "solving_time_s": 0.30041956901550293,
  "iterations": 91,
  "time_limit_per_cluster": 0.3
}