iter,best,mean
0,22990.915769726234,29423.80130582178
1,22990.915769726234,25328.50050628326
2,22990.915769726234,23975.75493241216
3,22990.915769726234,23341.661303156827
4,22990.915769726234,23099.486128173547
