{
  "algorithm": "aco",
  "scorer": "distance",
  "cluster_id": 0,
  "final_distance": 22481.5055264053,
  "final_cost": 100000.0,
  "final_time": 22481.5055264053,
  "score": 22481.5055264053,
  "solving_time_s": 0.30682897567749023,
  "iterations": 31,
  "time_limit_per_cluster": 0.3
}