{
  "algorithm": "nsga2",
  "scorer": "distance",
  "final_distance": 241964.91136800556,
  "final_cost": 190986134.06935638,
  "final_time": 17768.160964837392,
  "epoch_runtime_s": 60.01966381072998,
  "iterations": 443,
  "epoch": 7
}