vehicle_id,vehicle_name,num_stops_including_depot,capacity_used,capacity_max,capacity_utilization,distance_m,time_s,initial_cost,distance_cost,route_cost,stops_by_id
1,Truck-01,80,246.0,10000.0,0.0246,297690.755798253,21370.5422430989,75819.0,789.0,234953825.32482162,"[0, 8, 26, 23, 69, 46, 25, 62, 6, 43, 15, 35, 31, 14, 67, 78, 40, 13, 65, 32, 39, 42, 33, 76, 66, 53, 7, 77, 22, 10, 36, 74, 24, 29, 70, 56, 58, 59, 18, 30, 11, 71, 51, 68, 57, 48, 41, 49, 12, 27, 72, 60, 2, 34, 19, 20, 17, 37, 9, 4, 63, 45, 1, 3, 54, 5, 50, 55, 38, 44, 73, 16, 61, 28, 52, 47, 21, 64, 75, 0]"
