{
  "algorithm": "ga",
  "scorer": "distance",
  "cluster_id": 2,
  "final_distance": 9866.344481482236,
  "final_cost": 100000.0,
  "final_time": 9866.344481482236,
  "score": 9866.344481482236,
  "solving_time_s": 0.30051660537719727,
  "iterations": 65,
  "time_limit_per_cluster": 0.3
}