{
  "algorithm": "nsga2",
  "scorer": "distance",
  "cluster_id": 1,
  "final_distance": 19981.50937386134,
  "final_cost": NaN,
  "final_time": 0.0,
  "score": 19981.50937386134,
  "runtime_s": 1.0527267749421299,
  "iterations": 15
}