vehicle_id,vehicle_name,num_stops_including_depot,capacity_used,capacity_max,capacity_utilization,distance_m,time_s,initial_cost,distance_cost,route_cost,stops_by_id
1,Truck-01,80,246.0,10000.0,0.0246,253738.7612751861,18032.409755490546,75819.0,789.0,200275701.64612183,"[0, 43, 15, 35, 62, 31, 14, 78, 67, 65, 13, 76, 66, 53, 7, 77, 10, 22, 33, 42, 40, 32, 39, 70, 27, 72, 60, 2, 29, 34, 24, 74, 36, 19, 20, 17, 37, 9, 4, 63, 1, 45, 49, 12, 68, 64, 75, 47, 21, 57, 48, 41, 3, 54, 5, 50, 55, 38, 44, 73, 61, 28, 52, 16, 11, 30, 69, 8, 26, 23, 46, 18, 71, 51, 56, 58, 59, 25, 6, 0]"
