{
  "algorithm": "aco",
  "scorer": "distance",
  "cluster_id": 3,
  "final_distance": 22021.19777495365,
  "final_cost": 100000.0,
  "final_time": 22021.19777495365,
  "score": 22021.19777495365,
  "solving_time_s": 0.302309513092041,
  "iterations": 57,
  "time_limit_per_cluster": 0.3
}