vehicle_id,vehicle_name,num_stops_including_depot,capacity_used,capacity_max,capacity_utilization,distance_m,time_s,initial_cost,distance_cost,route_cost,stops_by_id
1,Truck-01,80,246.0,10000.0,0.0246,255106.90021330537,18484.699681618742,75819.0,789.0,201355163.26829794,"[0, 26, 8, 23, 46, 69, 18, 25, 6, 67, 65, 40, 32, 39, 58, 56, 59, 71, 30, 11, 16, 28, 61, 73, 44, 38, 55, 50, 21, 64, 75, 47, 52, 51, 68, 12, 57, 41, 48, 5, 54, 3, 1, 63, 9, 37, 17, 4, 45, 49, 27, 72, 70, 60, 2, 20, 19, 34, 24, 29, 74, 36, 10, 22, 42, 33, 77, 7, 53, 76, 66, 13, 78, 14, 31, 62, 35, 15, 43, 0]"
