{
  "algorithm": "nsga2",
  "scorer": "distance",
  "cluster_id": 2,
  "final_distance": 11613.861319378271,
  "final_cost": NaN,
  "final_time": 0.0,
  "score": 11613.861319378271,
  "cluster_runtime_s": 0.32313060760498047,
  "iterations": 5,
  "epoch": 0
}