{
  "algorithm": "nsga2",
  "scorer": "distance",
  "cluster_id": 2,
  "final_distance": 6066.241614633636,
  "final_cost": NaN,
  "final_time": 0.0,
  "score": 6066.241614633636,
  "cluster_runtime_s": 1.035017967224121,
  "iterations": 15,
  "epoch": 0
}