{
  "algorithm": "ga",
  "cluster_id": 0,
  "final_distance": 556.0,
  "final_cost": 514503.0,
  "final_time": 40.19095724994192,
  "score": 556.0,
  "solving_time_s": 2.8030502796173096,
  "iterations": 242,
  "time_limit_per_cluster": 2.8
}