{
  "algorithm": "nsga2",
  "cluster_id": 0,
  "final_distance": 540.0,
  "final_cost": 501879.0,
  "final_time": 39.140679913669715,
  "score": 540.0,
  "solving_time_s": 2.816645383834839,
  "iterations": 40,
  "epoch": 0,
  "time_limit_per_cluster": 2.8
}