{
  "algorithm": "nsga2",
  "cluster_id": 0,
  "final_distance": 2797.0,
  "final_cost": 2282652.0,
  "final_time": 202.30280860677675,
  "score": 2797.0,
  "solving_time_s": 10.310157060623169,
  "iterations": 19,
  "epoch": 48,
  "time_limit_per_cluster": 10.0
}