{
  "algorithm": "nsga2",
  "scorer": "distance",
  "cluster_id": 2,
  "final_distance": 19981.50937386134,
  "final_cost": NaN,
  "final_time": 0.0,
  "score": 19981.50937386134,
  "cluster_runtime_s": 5.062113046646118,
  "iterations": 59,
  "epoch": 0
}