iter,best,mean
0,28753.34426255828,35523.53482882185
1,28753.34426255828,30187.66105212062
2,28753.34426255828,28753.344262558272
3,28753.34426255828,28753.344262558272
4,28753.34426255828,28753.344262558272
