{
  "algorithm": "nsga2",
  "scorer": "distance",
  "cluster_id": 0,
  "final_distance": 2734.0,
  "final_cost": 2232945.0,
  "final_time": 195.38725214032004,
  "score": 2734.0,
  "solving_time_s": 31.05323576927185,
  "iterations": 30,
  "epoch": 0
}