{
  "algorithm": "aco",
  "scorer": "distance",
  "final_distance": 18867.6762926001,
  "final_cost": 100000.0,
  "final_time": 1363.2038467471502,
  "runtime_s": 5.5671213190071285,
  "iterations": 2530
}