{
  "algorithm": "nsga2",
  "scorer": "distance",
  "cluster_id": 6,
  "final_distance": 35033.104822766865,
  "final_cost": NaN,
  "final_time": 0.0,
  "score": 35033.104822766865,
  "runtime_s": 1.0229758941568434,
  "iterations": 21
}