iter,best,mean
0,6123.741447122346,6123.7414471223465
1,6123.741447122346,6123.7414471223465
2,6123.741447122346,6123.7414471223465
3,6123.741447122346,6123.7414471223465
4,6123.741447122346,6123.7414471223465
