vehicle_id,vehicle_name,num_stops_including_depot,capacity_used,capacity_max,capacity_utilization,distance_m,initial_cost,distance_cost,route_cost,stops_by_id
1,Truck-01,80,246.0,10000.0,0.0246,246770.55549896383,75819.0,789.0,194777787.28868246,"[0, 26, 8, 23, 46, 69, 30, 71, 11, 16, 52, 64, 75, 47, 28, 61, 73, 44, 38, 55, 21, 50, 48, 41, 57, 49, 45, 1, 5, 54, 3, 63, 4, 9, 37, 17, 20, 19, 34, 74, 36, 10, 22, 77, 7, 53, 76, 66, 13, 33, 42, 40, 32, 39, 29, 24, 2, 60, 70, 72, 27, 12, 68, 51, 56, 58, 59, 18, 25, 6, 62, 67, 65, 78, 14, 31, 35, 15, 43, 0]"
