{
  "epoch": 44,
  "clusters": 1,
  "algorithm": "nsga2",
  "scorer": "distance",
  "sum_final_distance": 538.0,
  "sum_final_cost": 500301.0,
  "sum_final_time": 38.50090044108026,
  "epoch_runtime_s": 10.20317792892456,
  "total_cluster_solving_time_s": 10.195618867874146
}