vehicle_id,vehicle_name,num_stops_including_depot,capacity_used,capacity_max,capacity_utilization,distance_m,initial_cost,distance_cost,route_cost,stops_by_id
1,Truck-01,80,246.0,10000.0,0.0246,275853.3931524138,75819.0,789.0,217724146.19725448,"[0, 8, 26, 43, 15, 35, 31, 62, 6, 25, 40, 32, 39, 70, 56, 58, 59, 18, 46, 23, 69, 30, 71, 11, 16, 28, 61, 73, 44, 52, 51, 68, 27, 72, 60, 12, 57, 64, 21, 75, 47, 55, 38, 50, 48, 41, 49, 45, 1, 5, 54, 3, 63, 4, 9, 37, 17, 20, 19, 34, 2, 24, 29, 74, 36, 10, 22, 42, 77, 7, 53, 76, 66, 13, 33, 65, 78, 14, 67, 0]"
