{
  "epoch": 38,
  "clusters": 1,
  "algorithm": "nsga2",
  "scorer": "distance",
  "sum_final_distance": 540.0,
  "sum_final_cost": 501879.0,
  "sum_final_time": 38.80130613833691,
  "epoch_runtime_s": 10.153374195098877,
  "total_cluster_solving_time_s": 10.143523454666138
}