vehicle_id,vehicle_name,num_stops_including_depot,capacity_used,capacity_max,capacity_utilization,distance_m,time_s,initial_cost,distance_cost,route_cost,stops_by_id
1,Truck-01,80,246.0,10000.0,0.0246,280443.47619873966,20052.671218936597,75819.0,789.0,221345721.7208056,"[0, 26, 8, 23, 46, 69, 11, 16, 73, 61, 44, 28, 52, 47, 75, 64, 21, 12, 57, 41, 48, 50, 55, 38, 5, 54, 3, 1, 45, 49, 68, 27, 70, 60, 72, 24, 29, 34, 2, 20, 37, 17, 63, 9, 4, 36, 19, 74, 10, 22, 77, 53, 7, 76, 13, 66, 33, 42, 32, 39, 56, 58, 59, 71, 51, 30, 18, 6, 25, 67, 40, 65, 78, 14, 62, 31, 35, 15, 43, 0]"
