{
  "algorithm": "pso",
  "scorer": "distance",
  "cluster_id": 0,
  "final_distance": 21862.9344122502,
  "final_cost": 100000.0,
  "final_time": 21862.9344122502,
  "score": 21862.9344122502,
  "solving_time_s": 0.3049905300140381,
  "iterations": 59,
  "time_limit_per_cluster": 0.3
}