{
  "algorithm": "ga",
  "scorer": "distance",
  "cluster_id": 1,
  "final_distance": 20211.56819739003,
  "final_cost": 100000.0,
  "final_time": 20211.56819739003,
  "score": 20211.56819739003,
  "solving_time_s": 0.3021218776702881,
  "iterations": 30,
  "time_limit_per_cluster": 0.3
}