iter,best,mean
0,6387.881784169009,8800.041261701937
1,6387.881784169009,7223.060374349521
2,6387.881784169009,6611.452857357611
3,6387.881784169009,6399.023982734223
4,6387.881784169009,6387.881784169009
5,6387.881784169009,6387.881784169009
