{
  "algorithm": "aco",
  "scorer": "distance",
  "cluster_id": 5,
  "final_distance": 6387.872960863048,
  "final_cost": 100000.0,
  "final_time": 6387.872960863048,
  "score": 6387.872960863048,
  "solving_time_s": 0.30298924446105957,
  "iterations": 92,
  "time_limit_per_cluster": 0.3
}