{
  "algorithm": "nsga2",
  "scorer": "distance",
  "cluster_id": 0,
  "final_distance": 515.0,
  "final_cost": 564210.0,
  "final_time": 45.27319025779375,
  "score": 515.0,
  "cluster_runtime_s": 10.44231915473938,
  "iterations": 15,
  "epoch": 12
}