{
  "total_cost": 100000.0,
  "total_time": 2961.8999999999996,
  "routes": [
    {
      "vehicle_id": 0,
      "vehicle_name": "Truck-01-c6",
      "distance_m": 43599.3,
      "time_s": 2961.8999999999996,
      "route_cost": 100000.0,
      "stops_by_id": [
        0,
        26,
        28,
        27,
        0
      ],
      "legs": [
        {
          "from": 0,
          "to": 26,
          "distance_m": 13950.7,
          "time_s": 1092.8
        },
        {
          "from": 26,
          "to": 28,
          "distance_m": 3766.7,
          "time_s": 362.0
        },
        {
          "from": 28,
          "to": 27,
          "distance_m": 4316.6,
          "time_s": 300.0
        },
        {
          "from": 27,
          "to": 0,
          "distance_m": 21565.3,
          "time_s": 1207.1
        }
      ],
      "distance_m_legs_sum": 43599.3,
      "time_s_legs_sum": 2961.8999999999996,
      "distance_m_diff": 0.0,
      "time_s_diff": 0.0
    }
  ]
}