{
  "algorithm": "nsga2",
  "scorer": "distance",
  "cluster_id": 0,
  "final_distance": 49446.730017568545,
  "final_cost": NaN,
  "final_time": 0.0,
  "score": 49446.730017568545,
  "runtime_s": 1.0820417399518192,
  "iterations": 13
}