iter,best,mean
0,9783.996727743912,11786.760372014558
1,9783.996727743912,10752.822445323693
2,9783.996727743912,10124.785415586057
3,9783.996727743912,9783.996727743912
