{
  "algorithm": "nsga2",
  "scorer": "distance",
  "cluster_id": 1,
  "final_distance": 24680.051654056548,
  "final_cost": NaN,
  "final_time": 0.0,
  "score": 24680.051654056548,
  "cluster_runtime_s": 1.0704200267791748,
  "iterations": 15,
  "epoch": 0
}