{
  "epoch": 64,
  "clusters": 1,
  "algorithm": "nsga2",
  "sum_final_distance": 2725.0,
  "sum_final_cost": 2225844.0,
  "sum_final_time": 196.29232834204822,
  "epoch_runtime_s": 10.376063585281372,
  "total_cluster_solving_time_s": 10.330294847488403
}