vehicle_id,vehicle_name,num_stops_including_depot,capacity_used,capacity_max,capacity_utilization,distance_m,initial_cost,distance_cost,route_cost,stops_by_id
1,Truck-01,80,246.0,10000.0,0.0246,283658.047220533,75819.0,789.0,223882018.25700054,"[0, 2, 60, 72, 27, 49, 12, 68, 51, 56, 58, 59, 18, 25, 6, 23, 46, 69, 8, 26, 43, 15, 35, 62, 31, 14, 78, 67, 65, 40, 33, 13, 76, 66, 53, 7, 77, 10, 22, 42, 32, 39, 70, 24, 29, 74, 36, 34, 19, 20, 4, 17, 37, 9, 63, 45, 1, 3, 54, 5, 38, 55, 47, 21, 50, 48, 41, 57, 64, 75, 52, 28, 61, 44, 73, 16, 11, 30, 71, 0]"
