{
  "algorithm": "nsga2",
  "scorer": "distance",
  "cluster_id": 3,
  "final_distance": 28686.049112633307,
  "final_cost": NaN,
  "final_time": 0.0,
  "score": 28686.049112633307,
  "runtime_s": 5.052877644076943,
  "iterations": 81
}