{
  "algorithm": "nsga2",
  "scorer": "distance",
  "cluster_id": 2,
  "final_distance": 28537.84315147233,
  "final_cost": 100000.0,
  "final_time": 28537.84315147233,
  "score": 28537.84315147233,
  "solving_time_s": 0.3006150722503662,
  "iterations": 14,
  "time_limit_per_cluster": 0.3
}