{
  "algorithm": "nsga2",
  "scorer": "distance",
  "cluster_id": 0,
  "final_distance": 2685.0,
  "final_cost": 2194284.0,
  "final_time": 193.31281283756311,
  "score": 2685.0,
  "solving_time_s": 30.2275071144104,
  "iterations": 70,
  "epoch": 0
}