{
  "algorithm": "aco",
  "cluster_id": 0,
  "final_distance": 558.0,
  "final_cost": 516081.0,
  "final_time": 39.94232969868418,
  "score": 558.0,
  "solving_time_s": 2.812673330307007,
  "iterations": 141,
  "time_limit_per_cluster": 2.8
}