iter,best,mean,best_route_time,mean_route_time
1,560.0,846.51,40.33373399055294,61.31410774444325
2,560.0,649.22,40.33373399055294,47.063591782616385
3,560.0,623.65,40.33373399055294,45.14285211148565
