iter,best,mean,best_route_time,mean_route_time
1,2937.0,22070.03,210.2083217363828,1588.3099612393596
2,2937.0,18004.63,210.2083217363828,1296.7767243879382
3,2937.0,17135.99,210.2083217363828,1234.6142240185636
4,2937.0,16515.62,210.2083217363828,1190.4717754244195
