{
  "algorithm": "nsga2",
  "scorer": "distance",
  "cluster_id": 1,
  "final_distance": 34127.74896410895,
  "final_cost": 100000.0,
  "final_time": 34127.74896410895,
  "score": 34127.74896410895,
  "solving_time_s": 0.3136448860168457,
  "iterations": 11,
  "time_limit_per_cluster": 0.3
}