{
  "algorithm": "nsga2",
  "scorer": "distance",
  "cluster_id": 1,
  "final_distance": 34781.085428111706,
  "final_cost": NaN,
  "final_time": 0.0,
  "score": 34781.085428111706,
  "runtime_s": 5.075416156090796,
  "iterations": 55
}