iter,best,mean
0,14194.060006874464,16535.003576862942
1,14194.060006874464,15800.749010987682
2,14194.060006874464,15229.319432131922
3,14194.060006874464,14704.758618933172
4,14194.060006874464,14236.066431542282
5,14194.060006874464,14194.060006874464
