{
  "algorithm": "nsga2",
  "scorer": "distance",
  "cluster_id": 0,
  "final_distance": 2878.0,
  "final_cost": 2346561.0,
  "final_time": 206.71664270991172,
  "score": 2878.0,
  "solving_time_s": 36.75461220741272,
  "iterations": 3,
  "epoch": 0
}