{
  "algorithm": "nsga2",
  "scorer": "distance",
  "cluster_id": 0,
  "final_distance": 2701.0,
  "final_cost": 2206908.0,
  "final_time": 195.34728090119748,
  "score": 2701.0,
  "solving_time_s": 30.794562578201294,
  "iterations": 29,
  "epoch": 0
}