iter,best,mean,best_route_time,mean_route_time
0,2934.0,4731.9,210.7234588306036,339.8467012747856
1,2934.0,4731.9,210.7234588306036,339.8467012747856
1,2934.0,3443.36,210.7234588306036,247.32986234122575
2,2934.0,3443.36,210.7234588306036,247.32986234122575
2,2878.0,3319.08,206.71664270991172,238.46884546331697
3,2878.0,3319.08,206.71664270991172,238.46884546331697
