config_name,mean,std,count,min,max
nsga2,112314.84964698028,3620.014307867444,30,106590.7239057832,119881.94591395732
