{
  "algorithm": "pso",
  "scorer": "distance",
  "cluster_id": 1,
  "final_distance": 13225.66277604522,
  "final_cost": 100000.0,
  "final_time": 13225.66277604522,
  "score": 13225.66277604522,
  "solving_time_s": 0.30033087730407715,
  "iterations": 78,
  "time_limit_per_cluster": 0.3
}