{
  "routes": [
    {
      "vehicle_id": 0,
      "vehicle_name": "Truck-01-c4",
      "capacity_used": 0.0,
      "capacity_max": 10000.0,
      "capacity_utilization": 0.0,
      "distance_m": 29865.72957166292,
      "time_s": 2202.054458961598,
      "stops_by_id": [
        0,
        77,
        44,
        45,
        38,
        39,
        40,
        57,
        41,
        42,
        50,
        48,
        47,
        49,
        69,
        54,
        53,
        52,
        51,
        55,
        46,
        0
      ]
    }
  ]
}