iter,best,mean,best_route_time,mean_route_time
1,2925.0,6259.125,210.3947940191232,450.81573542279904
2,2899.0,3367.87,209.23965240519,242.5979305940029
