{
  "algorithm": "aco",
  "scorer": "distance",
  "cluster_id": 1,
  "final_distance": 13225.662776045217,
  "final_cost": 100000.0,
  "final_time": 13225.662776045217,
  "score": 13225.662776045217,
  "solving_time_s": 0.30535387992858887,
  "iterations": 48,
  "time_limit_per_cluster": 0.3
}