{
  "algorithm": "pso",
  "scorer": "distance",
  "cluster_id": 5,
  "final_distance": 22489.251431063203,
  "final_cost": 100000.0,
  "final_time": 22489.251431063203,
  "score": 22489.251431063203,
  "solving_time_s": 0.30486512184143066,
  "iterations": 55,
  "time_limit_per_cluster": 0.3
}