{
  "epoch": 3,
  "clusters": 1,
  "algorithm": "nsga2",
  "scorer": "distance",
  "sum_final_distance": 544.0,
  "sum_final_cost": 505035.0,
  "sum_final_time": 39.374937166662924,
  "epoch_runtime_s": 10.182013750076294,
  "total_cluster_solving_time_s": 10.17383599281311
}