{
  "routes": [
    {
      "vehicle_id": 0,
      "vehicle_name": "Truck-01-c5",
      "capacity_used": 0.0,
      "capacity_max": 10000.0,
      "capacity_utilization": 0.0,
      "distance_m": 37724.39525695443,
      "time_s": 2780.7429224239677,
      "stops_by_id": [
        0,
        17,
        4,
        61,
        76,
        60,
        59,
        65,
        19,
        2,
        3,
        1,
        0
      ]
    }
  ]
}