{
  "algorithm": "nsga2",
  "scorer": "distance",
  "cluster_id": 4,
  "final_distance": 21307.74932285883,
  "final_cost": 100000.0,
  "final_time": 21307.74932285883,
  "score": 21307.74932285883,
  "solving_time_s": 0.3012104034423828,
  "iterations": 12,
  "time_limit_per_cluster": 0.3
}