{
  "algorithm": "aco",
  "scorer": "distance",
  "final_distance": 51030.56993703417,
  "final_cost": 100000.0,
  "final_time": 3586.0824830853753,
  "runtime_s": 5.001062959898263,
  "iterations": 4055
}