{
  "routes": [
    {
      "vehicle_id": 0,
      "vehicle_name": "Truck-01-c0",
      "capacity_used": 0.0,
      "capacity_max": 10000.0,
      "capacity_utilization": 0.0,
      "distance_m": 51030.56993703417,
      "time_s": 3586.0824830853753,
      "stops_by_id": [0, 75, 63, 62, 64, 5, 6, 58, 8, 0]
    }
  ]
}