{
  "algorithm": "nsga2",
  "scorer": "distance",
  "cluster_id": 0,
  "final_distance": 2742.0,
  "final_cost": 2239257.0,
  "final_time": 198.21773018333081,
  "score": 2742.0,
  "solving_time_s": 30.533856630325317,
  "iterations": 29,
  "epoch": 0
}