{
  "algorithm": "aco",
  "scorer": "distance",
  "cluster_id": 0,
  "final_distance": 2767.0,
  "final_cost": 2258982.0,
  "final_time": 199.28906283290468,
  "score": 2767.0,
  "solving_time_s": 30.055321397994703,
  "iterations": 197
}