{
  "algorithm": "aco",
  "scorer": "distance",
  "cluster_id": 0,
  "final_distance": 3726.0,
  "final_cost": 3015633.0,
  "final_time": 266.3765911771141,
  "score": 3726.0,
  "solving_time_s": 30.15791463293135,
  "iterations": 64
}