{
  "algorithm": "aco",
  "scorer": "distance",
  "cluster_id": 0,
  "final_distance": 5372.0,
  "final_cost": 4314327.0,
  "final_time": 389.3256922719876,
  "score": 5372.0,
  "solving_time_s": 30.27863791398704,
  "iterations": 42
}