{
  "routes": [
    {
      "vehicle_id": 0,
      "vehicle_name": "Truck-01-c2",
      "capacity_used": 0.0,
      "capacity_max": 10000.0,
      "capacity_utilization": 0.0,
      "distance_m": 47786.94434287791,
      "time_s": 3584.8627055502902,
      "stops_by_id": [
        0,
        65,
        59,
        60,
        67,
        12,
        18,
        76,
        61,
        4,
        0
      ]
    }
  ]
}