iter,best,mean
0,20724.689245054313,25973.350545670026
1,20724.689245054313,22682.325092260577
2,20479.695756842815,21797.02420773819
3,20479.695756842815,21233.102293083895
4,20367.601243890364,20843.91247419634
5,20367.601243890364,20739.613626209106
6,20367.601243890364,20725.134952610446
7,20367.601243890364,20715.53821475914
8,20367.601243890364,20711.863312435966
9,20367.601243890364,20702.167595219038
10,20367.601243890364,20688.69295336741
11,20367.601243890364,20661.18319709938
