{
  "algorithm": "ga",
  "scorer": "distance",
  "cluster_id": 3,
  "final_distance": 37138.98282483015,
  "final_cost": 100000.0,
  "final_time": 37138.98282483015,
  "score": 37138.98282483015,
  "solving_time_s": 0.3018486499786377,
  "iterations": 40,
  "time_limit_per_cluster": 0.3
}