{
  "algorithm": "nsga2",
  "scorer": "distance",
  "cluster_id": 0,
  "final_distance": 2661.0,
  "final_cost": 2175348.0,
  "final_time": 191.77154979537184,
  "score": 2661.0,
  "solving_time_s": 30.075090646743774,
  "iterations": 70,
  "epoch": 0
}