{
  "algorithm": "nsga2",
  "scorer": "distance",
  "cluster_id": 6,
  "final_distance": 27817.26538565277,
  "final_cost": NaN,
  "final_time": 0.0,
  "score": 27817.26538565277,
  "cluster_runtime_s": 1.024209976196289,
  "iterations": 16,
  "epoch": 0
}