iter,best,mean
0,24680.051654056548,33056.00109713906
1,24680.051654056548,27263.65915636346
2,24680.051654056548,25832.308626337595
3,24680.051654056548,25179.689117239977
4,24680.051654056548,24757.827020542303
