{
  "algorithm": "nsga2",
  "scorer": "distance",
  "cluster_id": 4,
  "final_distance": 18424.195641087343,
  "final_cost": NaN,
  "final_time": 0.0,
  "score": 18424.195641087343,
  "runtime_s": 1.071622638963163,
  "iterations": 17
}