{
  "algorithm": "nsga2",
  "scorer": "distance",
  "cluster_id": 6,
  "final_distance": 9866.358109457704,
  "final_cost": NaN,
  "final_time": 0.0,
  "score": 9866.358109457704,
  "cluster_runtime_s": 0.3381631374359131,
  "iterations": 6,
  "epoch": 0
}