iter,best,mean
0,9866.358109457704,12023.455757871561
1,9866.358109457704,10904.900791397524
2,9866.358109457704,10196.739760748038
3,9866.358109457704,9917.349319362038
4,9866.358109457704,9901.955993932621
5,9866.358109457704,9897.369763417446
