{
  "algorithm": "nsga2",
  "scorer": "distance",
  "cluster_id": 1,
  "final_distance": 23022.919547071215,
  "final_cost": NaN,
  "final_time": 0.0,
  "score": 23022.919547071215,
  "cluster_runtime_s": 1.0690855979919434,
  "iterations": 16,
  "epoch": 9
}