vehicle_id,vehicle_name,num_stops_including_depot,capacity_used,capacity_max,capacity_utilization,distance_m,initial_cost,distance_cost,route_cost,stops_by_id
1,Truck-01,80,246.0,10000.0,0.0246,260480.75075990523,75819.0,789.0,205595131.34956524,"[0, 35, 43, 26, 8, 23, 46, 69, 11, 30, 71, 18, 59, 58, 56, 51, 68, 12, 27, 72, 60, 2, 24, 29, 74, 36, 10, 22, 77, 7, 53, 76, 66, 13, 33, 42, 34, 19, 20, 17, 37, 9, 4, 63, 45, 1, 49, 57, 41, 48, 50, 55, 38, 44, 73, 16, 61, 28, 52, 47, 75, 64, 21, 5, 54, 3, 70, 39, 32, 40, 65, 67, 25, 6, 62, 31, 14, 78, 15, 0]"
