{
  "algorithm": "aco",
  "scorer": "distance",
  "cluster_id": 2,
  "final_distance": 37020.30163747218,
  "final_cost": 100000.0,
  "final_time": 37020.30163747218,
  "score": 37020.30163747218,
  "solving_time_s": 0.3007185459136963,
  "iterations": 37,
  "time_limit_per_cluster": 0.3
}