{
  "algorithm": "nsga2",
  "scorer": "distance",
  "cluster_id": 2,
  "final_distance": 17891.31462836693,
  "final_cost": NaN,
  "final_time": 0.0,
  "score": 17891.31462836693,
  "cluster_runtime_s": 0.3060441017150879,
  "iterations": 5,
  "epoch": 0
}