iter,best,mean
0,17891.31462836693,23008.458098521252
1,17891.31462836693,18514.79364793981
2,17891.31462836693,17921.8270865807
3,17891.31462836693,17891.31462836693
4,17891.31462836693,17891.31462836693
