{
  "epoch": 36,
  "clusters": 1,
  "algorithm": "nsga2",
  "scorer": "distance",
  "sum_final_distance": 538.0,
  "sum_final_cost": 500301.0,
  "sum_final_time": 38.20313805847393,
  "epoch_runtime_s": 10.489107131958008,
  "total_cluster_solving_time_s": 10.475492000579834
}