{
  "algorithm": "ga",
  "cluster_id": 0,
  "final_distance": 556.0,
  "final_cost": 514503.0,
  "final_time": 40.00804455869798,
  "score": 556.0,
  "solving_time_s": 2.803727149963379,
  "iterations": 235,
  "time_limit_per_cluster": 2.8
}