{
  "routes": [
    {
      "vehicle_id": 0,
      "vehicle_name": "Truck-01-c6",
      "capacity_used": 0.0,
      "capacity_max": 10000.0,
      "capacity_utilization": 0.0,
      "distance_m": 30970.224549853294,
      "time_s": 2153.8853325034142,
      "stops_by_id": [
        0,
        77,
        46,
        74,
        43,
        73,
        0
      ]
    }
  ]
}