iter,best,mean,best_route_time,mean_route_time
0,33075.595725081606,40415.72206788761,33075.595725081606,40415.72206788761
0,32385.976150637685,37845.84421846573,32385.976150637685,37845.84421846573
0,32385.976150637685,36482.38232778421,32385.976150637685,36482.38232778421
0,32385.976150637685,35864.51743517332,32385.976150637685,35864.51743517332
0,32385.976150637685,35457.918893254864,32385.976150637685,35457.918893254864
0,32385.976150637685,35375.90051926396,32385.976150637685,35375.90051926396
0,32385.976150637685,35294.131323344955,32385.976150637685,35294.131323344955
0,32385.976150637685,35150.13187674583,32385.976150637685,35150.13187674583
0,32385.976150637685,34964.859510904425,32385.976150637685,34964.859510904425
