{
  "algorithm": "nsga2",
  "scorer": "distance",
  "cluster_id": 4,
  "final_distance": 18003.270782742078,
  "final_cost": NaN,
  "final_time": 0.0,
  "score": 18003.270782742078,
  "cluster_runtime_s": 0.348710298538208,
  "iterations": 6,
  "epoch": 0
}