iter,best,mean
0,18003.270782742078,22972.75186882753
1,18003.270782742078,19622.756807784153
2,18003.270782742078,18934.701057324175
3,18003.270782742078,18406.933868167413
4,18003.270782742078,18120.842555196057
5,18003.270782742078,18003.270782742075
