{
  "algorithm": "ga",
  "scorer": "distance",
  "cluster_id": 0,
  "final_distance": 3192.0,
  "final_cost": 2594307.0,
  "final_time": 231.92519276606163,
  "score": 3192.0,
  "solving_time_s": 30.48882072302513,
  "iterations": 26
}