{
  "algorithm": "ga",
  "scorer": "distance",
  "cluster_id": 0,
  "final_distance": 2794.0,
  "final_cost": 2280285.0,
  "final_time": 202.49024860919542,
  "score": 2794.0,
  "solving_time_s": 30.018380497996986,
  "iterations": 663
}