{
  "algorithm": "nsga2",
  "cluster_id": 0,
  "final_distance": 2773.0,
  "final_cost": 2263716.0,
  "final_time": 199.84990156955263,
  "score": 2773.0,
  "solving_time_s": 10.016714572906494,
  "iterations": 21,
  "epoch": 69,
  "time_limit_per_cluster": 10.0
}