{
  "algorithm": "ga",
  "scorer": "distance",
  "cluster_id": 6,
  "final_distance": 19658.23865691054,
  "final_cost": 100000.0,
  "final_time": 19658.23865691054,
  "score": 19658.23865691054,
  "solving_time_s": 0.3074057102203369,
  "iterations": 35,
  "time_limit_per_cluster": 0.3
}