{
  "algorithm": "aco",
  "scorer": "distance",
  "cluster_id": 0,
  "final_distance": 32394.003996901996,
  "final_cost": 100000.0,
  "final_time": 32394.003996901996,
  "score": 32394.003996901996,
  "solving_time_s": 0.3115835189819336,
  "iterations": 24,
  "time_limit_per_cluster": 0.3
}