vehicle_id,vehicle_name,num_stops_including_depot,capacity_used,capacity_max,capacity_utilization,distance_m,initial_cost,distance_cost,route_cost,stops_by_id
1,Truck-01,80,246.0,10000.0,0.0246,252736.39470965628,75819.0,789.0,199484834.4259188,"[0, 43, 15, 35, 31, 14, 78, 13, 66, 76, 53, 7, 77, 33, 42, 22, 10, 36, 74, 29, 24, 34, 19, 20, 17, 37, 9, 63, 4, 2, 60, 70, 72, 27, 68, 12, 57, 48, 50, 41, 49, 45, 1, 3, 54, 5, 38, 55, 21, 64, 75, 47, 44, 73, 61, 28, 52, 16, 11, 30, 71, 51, 56, 58, 39, 32, 40, 65, 67, 25, 59, 18, 69, 46, 23, 8, 26, 6, 62, 0]"
