{
  "algorithm": "ga",
  "cluster_id": 0,
  "final_distance": 556.0,
  "final_cost": 514503.0,
  "final_time": 40.26306951631358,
  "score": 556.0,
  "solving_time_s": 2.803178548812866,
  "iterations": 237,
  "time_limit_per_cluster": 2.8
}