{
  "algorithm": "nsga2",
  "scorer": "distance",
  "cluster_id": 6,
  "final_distance": 12436.846737447362,
  "final_cost": 100000.0,
  "final_time": 12436.846737447362,
  "score": 12436.846737447362,
  "solving_time_s": 0.3078591823577881,
  "iterations": 9,
  "epoch": 0,
  "time_limit_per_cluster": 0.3
}