iter,best,mean,best_route_time,mean_route_time
0,12541.07700807584,15084.800259397418,12541.07700807584,15084.800259397418
0,12541.07700807584,14317.308590653513,12541.07700807584,14317.308590653513
0,12436.846737447366,13927.832181442764,12436.846737447366,13927.832181442764
0,12436.846737447366,13709.199276698544,12436.846737447366,13709.199276698544
0,12436.846737447362,13487.367298697767,12436.846737447362,13487.367298697767
0,12436.846737447362,13406.404392630093,12436.846737447362,13406.404392630093
0,12436.846737447362,13329.007806738415,12436.846737447362,13329.007806738415
0,12436.846737447362,13217.228967687215,12436.846737447362,13217.228967687215
0,12436.846737447362,13147.089337869504,12436.846737447362,13147.089337869504
