{
  "algorithm": "nsga2",
  "scorer": "distance",
  "cluster_id": 1,
  "final_distance": 21037.992848443755,
  "final_cost": NaN,
  "final_time": 0.0,
  "score": 21037.992848443755,
  "cluster_runtime_s": 0.3039865493774414,
  "iterations": 4,
  "epoch": 0
}