iter,best,mean
0,21872.571555232244,29694.545466981795
1,21037.992848443755,24036.48950985956
2,21037.992848443755,23315.065494644205
3,21037.992848443755,22935.5468098985
