{
  "algorithm": "pso",
  "scorer": "distance",
  "final_score": 280589.2286750743,
  "final_cost": 221460720.42463362,
  "runtime_s": 55.710272900003474,
  "iterations": 1200
}