vehicle_id,vehicle_name,num_stops_including_depot,capacity_used,capacity_max,capacity_utilization,distance_m,initial_cost,distance_cost,route_cost,stops_by_id
1,Truck-01,80,246.0,10000.0,0.0246,280589.2286750743,75819.0,789.0,221460720.42463362,"[0, 8, 26, 23, 46, 6, 62, 35, 43, 15, 31, 14, 78, 65, 40, 32, 67, 25, 59, 58, 56, 51, 68, 64, 75, 21, 48, 41, 57, 12, 27, 72, 49, 45, 4, 20, 19, 34, 36, 74, 29, 24, 2, 60, 70, 39, 42, 33, 13, 66, 76, 53, 7, 77, 22, 10, 17, 37, 9, 63, 1, 3, 54, 5, 50, 55, 38, 44, 73, 61, 28, 47, 52, 16, 11, 71, 18, 30, 69, 0]"
