{
  "algorithm": "nsga2",
  "cluster_id": 0,
  "final_distance": 2806.0,
  "final_cost": 2289753.0,
  "final_time": 202.49592455481462,
  "score": 2806.0,
  "solving_time_s": 10.199226379394531,
  "iterations": 21,
  "epoch": 70,
  "time_limit_per_cluster": 10.0
}