{
  "algorithm": "nsga2",
  "scorer": "distance",
  "cluster_id": 2,
  "final_distance": 33648.212942814906,
  "final_cost": NaN,
  "final_time": 0.0,
  "score": 33648.212942814906,
  "runtime_s": 1.0659025781787932,
  "iterations": 14
}