{
  "epoch": 6,
  "clusters": 1,
  "algorithm": "nsga2",
  "scorer": "distance",
  "sum_final_distance": 555.0,
  "sum_final_cost": 513714.0,
  "sum_final_time": 40.17407444605004,
  "epoch_runtime_s": 10.082219123840332,
  "total_cluster_solving_time_s": 10.07242488861084
}