{
  "algorithm": "aco",
  "cluster_id": 0,
  "final_distance": 558.0,
  "final_cost": 516081.0,
  "final_time": 40.39319175805815,
  "score": 558.0,
  "solving_time_s": 2.810281753540039,
  "iterations": 137,
  "time_limit_per_cluster": 2.8
}