{
  "algorithm": "nsga2",
  "scorer": "distance",
  "cluster_id": 2,
  "final_distance": 14520.049940185432,
  "final_cost": NaN,
  "final_time": 0.0,
  "score": 14520.049940185432,
  "cluster_runtime_s": 0.3467557430267334,
  "iterations": 5,
  "epoch": 0
}