vehicle_id,vehicle_name,num_stops_including_depot,capacity_used,capacity_max,capacity_utilization,distance_m,initial_cost,distance_cost,route_cost,stops_by_id
1,Truck-01,80,246.0,10000.0,0.0246,289014.15375729813,75819.0,789.0,228107986.31450823,"[0, 11, 46, 69, 26, 8, 23, 30, 71, 18, 59, 58, 56, 70, 51, 64, 68, 12, 27, 72, 60, 49, 3, 5, 54, 50, 55, 38, 44, 73, 61, 28, 16, 52, 47, 75, 21, 41, 48, 57, 1, 45, 63, 4, 9, 37, 17, 20, 19, 36, 10, 77, 7, 53, 76, 66, 13, 33, 42, 22, 74, 34, 2, 24, 29, 39, 32, 40, 65, 67, 25, 6, 62, 43, 15, 35, 31, 14, 78, 0]"
