{
  "algorithm": "nsga2",
  "cluster_id": 0,
  "final_distance": 2751.0,
  "final_cost": 2246358.0,
  "final_time": 198.65053083156232,
  "score": 2751.0,
  "solving_time_s": 10.112585306167603,
  "iterations": 23,
  "epoch": 94,
  "time_limit_per_cluster": 10.0
}