{
  "algorithm": "nsga2",
  "scorer": "distance",
  "cluster_id": 6,
  "final_distance": 15341.523068451887,
  "final_cost": NaN,
  "final_time": 0.0,
  "score": 15341.523068451887,
  "cluster_runtime_s": 1.0561401844024658,
  "iterations": 15,
  "epoch": 0
}