{
  "algorithm": "nsga2",
  "cluster_id": 0,
  "final_distance": 549.0,
  "final_cost": 508980.0,
  "final_time": 39.24603779522487,
  "score": 549.0,
  "solving_time_s": 2.808826446533203,
  "iterations": 217,
  "time_limit_per_cluster": 2.8
}