vehicle_id,vehicle_name,num_stops_including_depot,capacity_used,capacity_max,capacity_utilization,distance_m,initial_cost,distance_cost,route_cost,stops_by_id
1,Truck-01,80,246.0,10000.0,0.0246,280369.0433971872,75819.0,789.0,221286994.2403807,"[0, 6, 25, 59, 18, 69, 46, 23, 8, 26, 43, 15, 35, 62, 31, 14, 78, 67, 65, 40, 13, 66, 76, 53, 7, 77, 22, 10, 36, 42, 33, 32, 39, 70, 58, 56, 51, 71, 30, 11, 16, 73, 44, 61, 28, 52, 47, 55, 38, 5, 54, 3, 63, 9, 37, 17, 4, 20, 19, 34, 74, 29, 24, 2, 60, 72, 27, 12, 68, 64, 57, 49, 45, 1, 41, 48, 50, 21, 75, 0]"
