{
  "algorithm": "nsga2",
  "scorer": "distance",
  "cluster_id": 6,
  "final_distance": 8553.11908476521,
  "final_cost": NaN,
  "final_time": 0.0,
  "score": 8553.11908476521,
  "runtime_s": 1.021077528130263,
  "iterations": 19
}