{
  "algorithm": "nsga2",
  "scorer": "distance",
  "cluster_id": 4,
  "final_distance": 6323.779152384735,
  "final_cost": NaN,
  "final_time": 0.0,
  "score": 6323.779152384735,
  "runtime_s": 1.0453559490852058,
  "iterations": 20
}