{
  "algorithm": "pso",
  "scorer": "distance",
  "final_distance": 296066.62062156125,
  "final_cost": 233672382.67041183,
  "final_time": 20940.351098264757,
  "runtime_s": 11.368572084000334,
  "iterations": 1200
}