{
  "algorithm": "ga",
  "scorer": "distance",
  "cluster_id": 5,
  "final_distance": 18090.243512028304,
  "final_cost": 100000.0,
  "final_time": 18090.243512028304,
  "score": 18090.243512028304,
  "solving_time_s": 0.3065919876098633,
  "iterations": 32,
  "time_limit_per_cluster": 0.3
}