iter,best,mean
1,60913.7,86803.8335
2,60560.30000000001,68283.409
3,60560.30000000001,65547.0045
4,59925.299999999996,63699.691999999995
