{
  "algorithm": "nsga2",
  "scorer": "distance",
  "cluster_id": 0,
  "final_distance": 515.0,
  "final_cost": 564210.0,
  "final_time": 45.386920622642315,
  "score": 515.0,
  "cluster_runtime_s": 10.015308856964111,
  "iterations": 14,
  "epoch": 40
}