{
  "algorithm": "aco",
  "cluster_id": 0,
  "final_distance": 558.0,
  "final_cost": 516081.0,
  "final_time": 39.317732094980556,
  "score": 558.0,
  "solving_time_s": 2.819182872772217,
  "iterations": 141,
  "time_limit_per_cluster": 2.8
}