{
  "algorithm": "nsga2",
  "cluster_id": 0,
  "final_distance": 539.0,
  "final_cost": 501090.0,
  "final_time": 38.94384484730845,
  "score": 539.0,
  "solving_time_s": 2.867847442626953,
  "iterations": 39,
  "epoch": 0,
  "time_limit_per_cluster": 2.8
}