iter,best,mean
0,6429.488352961436,8462.912764247554
1,6429.488352961436,6708.23685752034
2,6429.488352961436,6429.488352961436
3,6429.488352961436,6429.488352961436
4,6429.488352961436,6429.488352961436
