{
  "algorithm": "nsga2",
  "scorer": "distance",
  "cluster_id": 0,
  "final_distance": 18109.406576894628,
  "final_cost": NaN,
  "final_time": 0.0,
  "score": 18109.406576894628,
  "cluster_runtime_s": 0.3023688793182373,
  "iterations": 5,
  "epoch": 0
}