iter,best,mean
0,9732.985569511096,12993.471013750554
1,9732.985569511096,10655.160914782427
2,9732.985569511096,10212.05078283706
3,9732.985569511096,9957.751385034178
4,9732.985569511096,9791.940826636062
5,9732.985569511096,9732.985569511098
