{
  "epoch": 8,
  "clusters": 1,
  "algorithm": "nsga2",
  "scorer": "distance",
  "sum_final_distance": 541.0,
  "sum_final_cost": 502668.0,
  "sum_final_time": 38.34238803621666,
  "epoch_runtime_s": 10.36032223701477,
  "total_cluster_solving_time_s": 10.351440668106079
}