{
  "algorithm": "ga",
  "scorer": "distance",
  "cluster_id": 0,
  "final_distance": 19910.29470792951,
  "final_cost": 100000.0,
  "final_time": 19910.29470792951,
  "score": 19910.29470792951,
  "solving_time_s": 0.307265043258667,
  "iterations": 34,
  "time_limit_per_cluster": 0.3
}