{
  "algorithm": "ga",
  "scorer": "distance",
  "cluster_id": 0,
  "final_distance": 2758.0,
  "final_cost": 2251881.0,
  "final_time": 198.35556415529342,
  "score": 2758.0,
  "solving_time_s": 30.014790345994697,
  "iterations": 675
}