{
  "algorithm": "nsga2",
  "scorer": "distance",
  "cluster_id": 0,
  "final_distance": 2682.0,
  "final_cost": 2191917.0,
  "final_time": 193.59305696856507,
  "score": 2682.0,
  "solving_time_s": 30.328564882278442,
  "iterations": 30,
  "epoch": 0
}