{
  "algorithm": "nsga2",
  "scorer": "distance",
  "cluster_id": 0,
  "final_distance": 2890.0,
  "final_cost": 2356029.0,
  "final_time": 205.88078093465748,
  "score": 2890.0,
  "solving_time_s": 40.71177339553833,
  "iterations": 3,
  "epoch": 0
}