{
  "algorithm": "nsga2",
  "scorer": "distance",
  "cluster_id": 0,
  "final_distance": 2628.0,
  "final_cost": 2149311.0,
  "final_time": 190.45330653773044,
  "score": 2628.0,
  "solving_time_s": 30.195743560791016,
  "iterations": 70,
  "epoch": 0
}