iter,best,mean,best_route_time,mean_route_time
0,2956.0,4946.845,211.8484747891746,355.8441174232033
1,2956.0,4946.845,211.8484747891746,355.8441174232033
1,2956.0,3420.455,211.8484747891746,246.21424268249422
2,2956.0,3420.455,211.8484747891746,246.21424268249422
2,2890.0,3289.12,205.88078093465748,236.76706177068925
3,2890.0,3289.12,205.88078093465748,236.76706177068925
