iter,best,mean,best_route_time,mean_route_time
0,9866.344481482236,12444.618315411715,9866.344481482236,12444.618315411715
0,9866.344481482236,12189.952606493724,9866.344481482236,12189.952606493724
0,9866.344481482236,12141.702503040544,9866.344481482236,12141.702503040544
0,9866.344481482236,12049.769843713797,9866.344481482236,12049.769843713797
0,9866.344481482236,12049.380467849849,9866.344481482236,12049.380467849849
0,9866.344481482236,12016.698747773062,9866.344481482236,12016.698747773062
0,9866.344481482236,11993.231268483496,9866.344481482236,11993.231268483496
