{
  "routes": [
    {
      "vehicle_id": 0,
      "vehicle_name": "Truck-01-c4",
      "capacity_used": 0.0,
      "capacity_max": 10000.0,
      "capacity_utilization": 0.0,
      "distance_m": 29398.39131344765,
      "time_s": 2093.2367925968647,
      "stops_by_id": [
        0,
        20,
        58,
        6,
        8,
        36,
        30,
        68,
        37,
        71,
        35,
        33,
        31,
        34,
        32,
        78,
        72,
        29,
        0
      ]
    }
  ]
}