{
  "algorithm": "pso",
  "scorer": "distance",
  "cluster_id": 6,
  "final_distance": 9732.972125757442,
  "final_cost": 100000.0,
  "final_time": 9732.972125757442,
  "score": 9732.972125757442,
  "solving_time_s": 0.30138397216796875,
  "iterations": 99,
  "time_limit_per_cluster": 0.3
}