{
  "algorithm": "ga",
  "scorer": "distance",
  "final_distance": 248266.1325669227,
  "final_cost": 195957797.59530202,
  "final_time": 18118.6777698174,
  "runtime_s": 11.540409906068817,
  "iterations": 1000
}