{
  "algorithm": "nsga2",
  "scorer": "distance",
  "cluster_id": 6,
  "final_distance": 3824.154946477161,
  "final_cost": NaN,
  "final_time": 0.0,
  "score": 3824.154946477161,
  "runtime_s": 5.067113419994712,
  "iterations": 88
}