{
  "algorithm": "aco",
  "scorer": "distance",
  "cluster_id": 0,
  "final_distance": 65478.5,
  "final_cost": 100000.0,
  "final_time": 6808.299999999999,
  "score": 65478.5,
  "solving_time_s": 0.30297088623046875,
  "iterations": 17,
  "time_limit_per_cluster": 0.3
}