vehicle_id,vehicle_name,num_stops_including_depot,capacity_used,capacity_max,capacity_utilization,distance_m,initial_cost,distance_cost,route_cost,stops_by_id
1,Truck-01,80,246.0,10000.0,0.0246,256112.35989857698,75819.0,789.0,202148470.95997724,"[0, 43, 15, 35, 25, 6, 62, 31, 14, 78, 67, 65, 40, 32, 39, 70, 60, 72, 27, 12, 68, 51, 56, 58, 59, 18, 71, 30, 11, 16, 28, 61, 73, 44, 55, 38, 54, 5, 3, 63, 4, 9, 37, 17, 20, 19, 34, 74, 36, 10, 22, 77, 7, 53, 76, 66, 13, 33, 42, 29, 24, 2, 1, 45, 49, 57, 41, 48, 50, 21, 64, 75, 47, 52, 69, 46, 23, 26, 8, 0]"
