{
  "algorithm": "nsga2",
  "scorer": "distance",
  "cluster_id": 0,
  "final_distance": 31223.686285176733,
  "final_cost": 100000.0,
  "final_time": 31223.686285176733,
  "score": 31223.686285176733,
  "solving_time_s": 0.3160862922668457,
  "iterations": 11,
  "time_limit_per_cluster": 0.3
}