{
  "algorithm": "nsga2",
  "scorer": "distance",
  "cluster_id": 5,
  "final_distance": 20329.538677009936,
  "final_cost": NaN,
  "final_time": 0.0,
  "score": 20329.538677009936,
  "cluster_runtime_s": 1.0392932891845703,
  "iterations": 14,
  "epoch": 0
}