iter,best,mean,best_route_time,mean_route_time
0,73539.19999999998,90506.712,7275.799999999999,8239.582
0,64896.399999999994,82338.567,6660.100000000001,7798.085999999999
0,64526.49999999999,77570.881,6660.100000000001,7541.267999999999
0,64526.49999999999,74530.216,6656.300000000001,7325.456
0,64464.6,72266.87,6628.7,7194.6
0,64384.100000000006,70949.723,6628.7,7138.0869999999995
0,64248.799999999996,69851.27,6580.099999999999,7073.964
0,64248.799999999996,69313.418,6580.099999999999,7040.147999999999
