{
  "algorithm": "nsga2",
  "cluster_id": 0,
  "final_distance": 554.0,
  "final_cost": 512925.0,
  "final_time": 40.265545981623625,
  "score": 554.0,
  "solving_time_s": 2.8027663230895996,
  "iterations": 222,
  "time_limit_per_cluster": 2.8
}