{
  "algorithm": "nsga2",
  "scorer": "distance",
  "cluster_id": 2,
  "final_distance": 5563.842841429934,
  "final_cost": NaN,
  "final_time": 0.0,
  "score": 5563.842841429934,
  "runtime_s": 1.0517979715950787,
  "iterations": 19
}