{
  "routes": [
    {
      "vehicle_id": 0,
      "vehicle_name": "Truck-01-c2",
      "capacity_used": 0.0,
      "capacity_max": 10000.0,
      "capacity_utilization": 0.0,
      "distance_m": 13188.907422213852,
      "time_s": 947.6693002186338,
      "stops_by_id": [
        0,
        17,
        3,
        2,
        19,
        1,
        0
      ]
    }
  ]
}