{
  "epoch": 36,
  "clusters": 1,
  "algorithm": "nsga2",
  "scorer": "distance",
  "sum_final_distance": 544.0,
  "sum_final_cost": 505035.0,
  "sum_final_time": 39.44975674084643,
  "epoch_runtime_s": 10.174438238143921,
  "total_cluster_solving_time_s": 10.16536545753479
}