{
  "algorithm": "nsga2",
  "scorer": "distance",
  "cluster_id": 2,
  "final_distance": 12135.97440212252,
  "final_cost": NaN,
  "final_time": 0.0,
  "score": 12135.97440212252,
  "cluster_runtime_s": 1.009347915649414,
  "iterations": 14,
  "epoch": 0
}