{
  "algorithm": "nsga2",
  "scorer": "distance",
  "cluster_id": 0,
  "final_distance": 28537.88256961987,
  "final_cost": NaN,
  "final_time": 0.0,
  "score": 28537.88256961987,
  "cluster_runtime_s": 0.3547224998474121,
  "iterations": 5,
  "epoch": 0
}