{
  "routes": [
    {
      "vehicle_id": 0,
      "vehicle_name": "Truck-01-c0",
      "capacity_used": 0.0,
      "capacity_max": 10000.0,
      "capacity_utilization": 0.0,
      "distance_m": 42960.20784467629,
      "time_s": 3040.6390298983692,
      "stops_by_id": [
        0,
        28,
        27,
        26,
        24,
        25,
        21,
        66,
        23,
        22,
        7,
        19,
        2,
        3,
        1,
        17,
        0
      ]
    }
  ]
}