vehicle_id,vehicle_name,num_stops_including_depot,capacity_used,capacity_max,capacity_utilization,distance_m,initial_cost,distance_cost,route_cost,stops_by_id
1,Truck-01,81,246.0,10000.0,0.0246,1246073.7211303343,75819.0,789.0,983227984.9718338,"[0, 40, 6, 66, 50, 25, 18, 69, 70, 51, 31, 63, 76, 44, 16, 75, 61, 8, 37, 45, 72, 62, 77, 52, 67, 39, 71, 34, 73, 10, 29, 53, 15, 78, 41, 54, 5, 9, 24, 56, 48, 47, 11, 2, 33, 59, 14, 26, 20, 30, 35, 65, 36, 46, 55, 32, 0, 23, 22, 57, 21, 42, 19, 64, 28, 13, 12, 38, 68, 17, 43, 27, 3, 4, 74, 7, 60, 49, 1, 58, 0]"
