vehicle_id,vehicle_name,num_stops_including_depot,capacity_used,capacity_max,capacity_utilization,distance_m,initial_cost,distance_cost,route_cost,stops_by_id
1,Truck-01,80,246.0,10000.0,0.0246,252464.51855979324,75819.0,789.0,199270324.14367688,"[0, 26, 8, 23, 46, 69, 30, 71, 18, 25, 59, 58, 56, 70, 60, 72, 27, 68, 51, 11, 16, 52, 47, 28, 61, 73, 44, 38, 55, 50, 48, 41, 57, 21, 75, 64, 12, 49, 45, 1, 3, 5, 54, 63, 9, 37, 17, 4, 20, 19, 36, 74, 34, 2, 24, 29, 39, 32, 40, 65, 33, 42, 22, 10, 77, 7, 53, 76, 66, 13, 78, 67, 14, 31, 62, 6, 35, 15, 43, 0]"
