iter,best,mean
0,23061.87602928046,30081.982964055143
1,23061.87602928046,24878.11668579405
2,23061.876029280458,23922.919806841717
3,23061.876029280458,23603.333433764004
4,23061.876029280458,23366.278573536212
5,23061.876029280458,23110.541327429142
6,23061.876029280458,23061.876029280458
7,23061.876029280458,23061.876029280458
8,23061.876029280458,23061.876029280458
9,23061.876029280458,23061.876029280458
10,23061.876029280458,23061.876029280458
