{
  "routes": [
    {
      "vehicle_id": 0,
      "vehicle_name": "Truck-01-c0",
      "capacity_used": 0.0,
      "capacity_max": 10000.0,
      "capacity_utilization": 0.0,
      "distance_m": 39991.53029885701,
      "time_s": 2929.4122106074806,
      "stops_by_id": [
        0,
        7,
        22,
        23,
        1,
        66,
        21,
        25,
        24,
        26,
        28,
        27,
        0
      ]
    }
  ]
}