{
  "algorithm": "nsga2",
  "scorer": "distance",
  "cluster_id": 0,
  "final_distance": 2657.0,
  "final_cost": 2172192.0,
  "final_time": 190.66397309168332,
  "score": 2657.0,
  "solving_time_s": 30.45469355583191,
  "iterations": 70,
  "epoch": 0
}