iter,best,mean
0,2889.2322762540207,2999.0666341494357
1,2889.2322762540207,2889.2322762540202
2,2889.2322762540207,2889.2322762540202
3,2889.2322762540207,2889.2322762540202
4,2889.2322762540207,2889.2322762540202
