{
  "algorithm": "nsga2",
  "scorer": "distance",
  "cluster_id": 2,
  "final_distance": 15612.537020388307,
  "final_cost": NaN,
  "final_time": 0.0,
  "score": 15612.537020388307,
  "cluster_runtime_s": 0.33087873458862305,
  "iterations": 5,
  "epoch": 0
}