iter,best,mean
0,15612.537020388307,21014.547552355725
1,15612.537020388307,17324.62668728335
2,15612.537020388307,16388.76014257524
3,15612.537020388307,16025.15277891222
4,15612.537020388307,15853.047791202081
