{
  "algorithm": "ga",
  "cluster_id": 0,
  "final_distance": 556.0,
  "final_cost": 514503.0,
  "final_time": 39.73446270039925,
  "score": 556.0,
  "solving_time_s": 2.805448532104492,
  "iterations": 237,
  "time_limit_per_cluster": 2.8
}