vehicle_id,vehicle_name,num_stops_including_depot,capacity_used,capacity_max,capacity_utilization,distance_m,initial_cost,distance_cost,route_cost,stops_by_id
1,Truck-01,80,246.0,10000.0,0.0246,264386.9743308612,75819.0,789.0,208677141.74704948,"[0, 26, 8, 23, 46, 69, 44, 47, 55, 38, 5, 54, 3, 2, 42, 33, 76, 66, 13, 53, 7, 77, 22, 10, 36, 74, 29, 24, 34, 19, 20, 37, 17, 4, 9, 63, 1, 45, 49, 57, 41, 48, 50, 21, 64, 75, 52, 28, 61, 73, 16, 11, 30, 71, 18, 59, 56, 58, 51, 68, 12, 27, 72, 60, 70, 39, 32, 40, 65, 67, 25, 6, 62, 31, 14, 78, 35, 15, 43, 0]"
