vehicle_id,vehicle_name,num_stops_including_depot,capacity_used,capacity_max,capacity_utilization,distance_m,initial_cost,distance_cost,route_cost,stops_by_id
1,Truck-01,80,246.0,10000.0,0.0246,258019.4564393996,75819.0,789.0,203653170.13068628,"[0, 26, 8, 23, 46, 69, 16, 11, 30, 71, 51, 56, 58, 59, 18, 25, 6, 62, 31, 14, 78, 67, 65, 40, 32, 39, 70, 60, 72, 27, 12, 68, 64, 75, 47, 52, 28, 61, 73, 44, 38, 55, 21, 50, 48, 41, 57, 49, 45, 1, 3, 5, 54, 63, 4, 9, 37, 17, 20, 19, 34, 24, 29, 74, 36, 2, 10, 22, 77, 7, 53, 66, 13, 76, 33, 42, 35, 15, 43, 0]"
