{
  "epoch": 79,
  "clusters": 1,
  "algorithm": "nsga2",
  "scorer": "distance",
  "sum_final_distance": 543.0,
  "sum_final_cost": 504246.0,
  "sum_final_time": 38.82866541233071,
  "epoch_runtime_s": 10.343816041946411,
  "total_cluster_solving_time_s": 10.334342956542969
}