vehicle_id,vehicle_name,num_stops_including_depot,capacity_used,capacity_max,capacity_utilization,distance_m,initial_cost,distance_cost,route_cost,stops_by_id
1,Truck-01,80,246.0,10000.0,0.0246,280877.2731900994,75819.0,789.0,221687987.54698843,"[0, 2, 60, 72, 27, 68, 12, 49, 45, 1, 57, 48, 41, 3, 5, 54, 63, 9, 37, 17, 4, 20, 19, 34, 36, 74, 24, 29, 39, 70, 56, 58, 59, 18, 71, 51, 52, 47, 75, 64, 21, 50, 55, 38, 44, 73, 61, 28, 16, 11, 30, 69, 46, 23, 8, 26, 43, 15, 35, 6, 62, 31, 14, 78, 13, 66, 76, 53, 7, 77, 10, 22, 42, 33, 32, 40, 65, 25, 67, 0]"
