{
  "algorithm": "nsga2",
  "scorer": "distance",
  "cluster_id": 6,
  "final_distance": 4736.05321244152,
  "final_cost": NaN,
  "final_time": 0.0,
  "score": 4736.05321244152,
  "runtime_s": 5.013739024288952,
  "iterations": 84
}