{
  "algorithm": "ga",
  "cluster_id": 0,
  "final_distance": 64812.59999999999,
  "final_cost": 100000.0,
  "final_time": 6558.999999999999,
  "score": 64812.59999999999,
  "solving_time_s": 0.40074706077575684,
  "iterations": 202,
  "time_limit_per_cluster": 0.39999999999999997
}