{
  "algorithm": "nsga2",
  "scorer": "distance",
  "cluster_id": 5,
  "final_distance": 10338.075056430427,
  "final_cost": NaN,
  "final_time": 0.0,
  "score": 10338.075056430427,
  "runtime_s": 1.0171552998945117,
  "iterations": 16
}