{
  "algorithm": "pso",
  "scorer": "distance",
  "cluster_id": 5,
  "final_distance": 7889.278343150933,
  "final_cost": 100000.0,
  "final_time": 7889.278343150933,
  "score": 7889.278343150933,
  "solving_time_s": 0.301419734954834,
  "iterations": 108,
  "time_limit_per_cluster": 0.3
}