{
  "algorithm": "nsga2",
  "scorer": "distance",
  "cluster_id": 0,
  "final_distance": 2676.0,
  "final_cost": 2187183.0,
  "final_time": 192.47273513089186,
  "score": 2676.0,
  "solving_time_s": 30.39702320098877,
  "iterations": 71,
  "epoch": 0
}