iter,best,mean
0,11174.068749051847,14673.369039054605
1,11174.068749051847,12520.524837695504
2,11174.068749051847,11750.232506666738
3,11174.068749051847,11228.923574965946
4,11174.068749051847,11174.068749051847
