{
  "algorithm": "aco",
  "scorer": "distance",
  "cluster_id": 4,
  "final_distance": 5260.592229958609,
  "final_cost": 100000.0,
  "final_time": 5260.592229958609,
  "score": 5260.592229958609,
  "solving_time_s": 0.3002045154571533,
  "iterations": 224,
  "time_limit_per_cluster": 0.3
}