{
  "epoch": 27,
  "clusters": 1,
  "algorithm": "nsga2",
  "sum_final_distance": 2682.0,
  "sum_final_cost": 2191917.0,
  "sum_final_time": 193.8223857594993,
  "epoch_runtime_s": 10.425309896469116,
  "total_cluster_solving_time_s": 10.38723373413086
}