{
  "routes": [
    {
      "vehicle_id": 0,
      "vehicle_name": "Truck-01-c1",
      "capacity_used": 0.0,
      "capacity_max": 10000.0,
      "capacity_utilization": 0.0,
      "distance_m": 35486.03179427357,
      "time_s": 2529.9148996101803,
      "stops_by_id": [
        0,
        10,
        11,
        70,
        13,
        14,
        16,
        15,
        12,
        0
      ]
    }
  ]
}