{
  "algorithm": "nsga2",
  "scorer": "distance",
  "cluster_id": 2,
  "final_distance": 17064.496285486355,
  "final_cost": NaN,
  "final_time": 0.0,
  "score": 17064.496285486355,
  "runtime_s": 1.0325148776173592,
  "iterations": 14
}