{
  "routes": [
    {
      "vehicle_id": 0,
      "vehicle_name": "Truck-01-c2",
      "capacity_used": 0.0,
      "capacity_max": 10000.0,
      "capacity_utilization": 0.0,
      "distance_m": 38754.66228284627,
      "time_s": 2723.42115157312,
      "stops_by_id": [
        0,
        77,
        44,
        45,
        40,
        57,
        41,
        42,
        50,
        48,
        47,
        49,
        69,
        54,
        53,
        52,
        51,
        55,
        46,
        74,
        43,
        73,
        0
      ]
    }
  ]
}