{
  "algorithm": "ga",
  "scorer": "distance",
  "cluster_id": 0,
  "final_distance": 3302.0,
  "final_cost": 2681097.0,
  "final_time": 235.9013566560652,
  "score": 3302.0,
  "solving_time_s": 30.397196221048944,
  "iterations": 39
}