iter,best,mean
0,2889.2322762540207,2982.4445170561444
1,2889.2322762540207,2889.2322762540202
2,2889.2322762540207,2889.2322762540202
3,2889.2322762540207,2889.2322762540202
4,2889.2322762540207,2889.2322762540202
