iter,best,mean,best_route_time,mean_route_time
0,18674.699999999997,23516.521,2115.2999999999997,2384.492
0,18674.699999999997,22410.015,2111.8999999999996,2309.098
0,18674.699999999997,21704.117,2111.8999999999996,2275.929
0,18674.699999999997,21296.896,2111.8999999999996,2255.417
0,18674.699999999997,20931.069,2111.8999999999996,2234.776
0,18674.699999999997,20767.202999999998,2107.5,2219.877
0,18674.699999999997,20640.142999999996,2111.8999999999996,2219.956
0,18674.699999999997,20476.502,2111.8999999999996,2214.432
