{
  "routes": [
    {
      "vehicle_id": 0,
      "vehicle_name": "Truck-01-c5",
      "capacity_used": 0.0,
      "capacity_max": 10000.0,
      "capacity_utilization": 0.0,
      "distance_m": 29191.347324585437,
      "time_s": 2120.201513463369,
      "stops_by_id": [
        0,
        25,
        21,
        20,
        66,
        58,
        6,
        8,
        36,
        30,
        68,
        37,
        35,
        71,
        33,
        31,
        34,
        32,
        0
      ]
    }
  ]
}