{
  "algorithm": "aco",
  "scorer": "distance",
  "cluster_id": 1,
  "final_distance": 21642.090052162628,
  "final_cost": 100000.0,
  "final_time": 21642.090052162628,
  "score": 21642.090052162628,
  "solving_time_s": 0.30121660232543945,
  "iterations": 57,
  "time_limit_per_cluster": 0.3
}