{
  "algorithm": "nsga2",
  "scorer": "distance",
  "cluster_id": 2,
  "final_distance": 25509.718668402027,
  "final_cost": NaN,
  "final_time": 0.0,
  "score": 25509.718668402027,
  "runtime_s": 1.060570070054382,
  "iterations": 18
}