{
  "algorithm": "nsga2",
  "scorer": "distance",
  "cluster_id": 2,
  "final_distance": 8223.366724336242,
  "final_cost": NaN,
  "final_time": 0.0,
  "score": 8223.366724336242,
  "cluster_runtime_s": 0.3206965923309326,
  "iterations": 5,
  "epoch": 0
}