{
  "algorithm": "nsga2",
  "scorer": "distance",
  "cluster_id": 5,
  "final_distance": 5372.694009150502,
  "final_cost": NaN,
  "final_time": 0.0,
  "score": 5372.694009150502,
  "cluster_runtime_s": 0.35704541206359863,
  "iterations": 5,
  "epoch": 0
}