iter,best,mean
0,5372.694009150502,5372.694009150502
1,5372.694009150502,5372.694009150502
2,5372.694009150502,5372.694009150502
3,5372.694009150502,5372.694009150502
4,5372.694009150502,5372.694009150502
