{
  "algorithm": "nsga2",
  "scorer": "distance",
  "cluster_id": 6,
  "final_distance": 13444.822234261157,
  "final_cost": NaN,
  "final_time": 0.0,
  "score": 13444.822234261157,
  "runtime_s": 1.0428838222287595,
  "iterations": 17
}