{
  "algorithm": "aco",
  "scorer": "distance",
  "cluster_id": 1,
  "final_distance": 35266.60519504235,
  "final_cost": 100000.0,
  "final_time": 35266.60519504235,
  "score": 35266.60519504235,
  "solving_time_s": 0.30095720291137695,
  "iterations": 57,
  "time_limit_per_cluster": 0.3
}