{
  "algorithm": "ga",
  "scorer": "distance",
  "cluster_id": 4,
  "final_distance": 18674.699999999997,
  "final_cost": 100000.0,
  "final_time": 2168.0,
  "score": 18674.699999999997,
  "solving_time_s": 0.30425381660461426,
  "iterations": 56,
  "time_limit_per_cluster": 0.3
}