vehicle_id,vehicle_name,num_stops_including_depot,capacity_used,capacity_max,capacity_utilization,distance_m,initial_cost,distance_cost,route_cost,stops_by_id
1,Truck-01,80,246.0,10000.0,0.0246,268974.1159623838,75819.0,789.0,212296396.4943208,"[0, 6, 46, 69, 23, 8, 26, 43, 15, 35, 62, 31, 14, 78, 65, 40, 32, 33, 42, 22, 76, 13, 66, 53, 7, 77, 10, 36, 74, 19, 17, 37, 9, 63, 4, 20, 34, 29, 24, 2, 60, 45, 1, 49, 27, 72, 70, 39, 58, 56, 51, 68, 12, 57, 41, 48, 50, 3, 54, 5, 38, 55, 21, 64, 75, 47, 52, 28, 61, 44, 73, 16, 11, 30, 71, 18, 59, 25, 67, 0]"
