{
  "algorithm": "aco",
  "cluster_id": 2,
  "final_distance": 49897.700000000004,
  "final_cost": 100000.0,
  "final_time": 4185.299999999999,
  "score": 49897.700000000004,
  "solving_time_s": 0.4010939598083496,
  "iterations": 186,
  "time_limit_per_cluster": 0.39999999999999997
}