{
  "algorithm": "nsga2",
  "cluster_id": 0,
  "final_distance": 546.0,
  "final_cost": 506613.0,
  "final_time": 39.43424783480266,
  "score": 546.0,
  "solving_time_s": 2.809415578842163,
  "iterations": 225,
  "time_limit_per_cluster": 2.8
}