{
  "routes": [
    {
      "vehicle_id": 0,
      "vehicle_name": "Truck-01-c6",
      "capacity_used": 0.0,
      "capacity_max": 10000.0,
      "capacity_utilization": 0.0,
      "distance_m": 15813.183307243908,
      "time_s": 1123.7870223375553,
      "stops_by_id": [
        0,
        40,
        39,
        38,
        45,
        0
      ]
    }
  ]
}