{
  "algorithm": "nsga2",
  "scorer": "distance",
  "cluster_id": 2,
  "final_distance": 19680.70094555468,
  "final_cost": NaN,
  "final_time": 0.0,
  "score": 19680.70094555468,
  "runtime_s": 1.0567524740472436,
  "iterations": 20
}