{
  "routes": [
    {
      "vehicle_id": 0,
      "vehicle_name": "Truck-01-c2",
      "capacity_used": 0.0,
      "capacity_max": 10000.0,
      "capacity_utilization": 0.0,
      "distance_m": 49277.89149637735,
      "time_s": 3530.875743022376,
      "stops_by_id": [
        0,
        76,
        59,
        65,
        60,
        67,
        18,
        12,
        0
      ]
    }
  ]
}