{
  "algorithm": "aco",
  "scorer": "distance",
  "cluster_id": 1,
  "final_distance": 52122.299999999996,
  "final_cost": 100000.0,
  "final_time": 4029.7999999999997,
  "score": 52122.299999999996,
  "solving_time_s": 0.30057597160339355,
  "iterations": 62,
  "time_limit_per_cluster": 0.3
}