{
  "algorithm": "nsga2",
  "scorer": "distance",
  "cluster_id": 0,
  "final_distance": 509.0,
  "final_cost": 559476.0,
  "final_time": 44.917384288013075,
  "score": 509.0,
  "cluster_runtime_s": 10.376243352890015,
  "iterations": 17,
  "epoch": 5
}