{
  "routes": [
    {
      "vehicle_id": 0,
      "vehicle_name": "Truck-01-c6",
      "capacity_used": 0.0,
      "capacity_max": 10000.0,
      "capacity_utilization": 0.0,
      "distance_m": 19779.794028528715,
      "time_s": 1435.9999470597497,
      "stops_by_id": [
        0,
        62,
        75,
        63,
        56,
        64,
        5,
        0
      ]
    }
  ]
}