{
  "algorithm": "pso",
  "cluster_id": 0,
  "final_distance": 630.0,
  "final_cost": 572889.0,
  "final_time": 45.41446217167567,
  "score": 630.0,
  "solving_time_s": 2.8112149238586426,
  "iterations": 124,
  "time_limit_per_cluster": 2.8
}