{
  "routes": [
    {
      "vehicle_id": 0,
      "vehicle_name": "Truck-01-c5",
      "capacity_used": 0.0,
      "capacity_max": 10000.0,
      "capacity_utilization": 0.0,
      "distance_m": 9333.095679857874,
      "time_s": 653.9165467408199,
      "stops_by_id": [
        0,
        20,
        58,
        6,
        8,
        36,
        30,
        0
      ]
    }
  ]
}