iter,best,mean
0,9783.996727743912,11627.602735477967
1,9783.996727743912,10835.320431446247
2,9783.996727743912,10280.894200908104
3,9783.996727743912,9783.996727743912
4,9783.996727743912,9783.996727743912
5,9783.996727743912,9783.996727743912
