{
  "epoch": 49,
  "clusters": 1,
  "algorithm": "nsga2",
  "scorer": "distance",
  "sum_final_distance": 551.0,
  "sum_final_cost": 510558.0,
  "sum_final_time": 39.58046358075633,
  "epoch_runtime_s": 10.032896041870117,
  "total_cluster_solving_time_s": 10.019748210906982
}