{
  "algorithm": "aco",
  "scorer": "distance",
  "cluster_id": 3,
  "final_distance": 16407.23439360179,
  "final_cost": 100000.0,
  "final_time": 16407.23439360179,
  "score": 16407.23439360179,
  "solving_time_s": 0.30161309242248535,
  "iterations": 52,
  "time_limit_per_cluster": 0.3
}