{
  "routes": [
    {
      "vehicle_id": 0,
      "vehicle_name": "Truck-01-c3",
      "capacity_used": 0.0,
      "capacity_max": 10000.0,
      "capacity_utilization": 0.0,
      "distance_m": 14219.748532303625,
      "time_s": 1018.7853531515573,
      "stops_by_id": [
        0,
        30,
        36,
        8,
        6,
        58,
        66,
        20,
        21,
        25,
        0
      ]
    }
  ]
}