{
  "algorithm": "nsga2",
  "scorer": "distance",
  "cluster_id": 6,
  "final_distance": 19680.67376145037,
  "final_cost": 100000.0,
  "final_time": 19680.67376145037,
  "score": 19680.67376145037,
  "solving_time_s": 0.3042922019958496,
  "iterations": 17,
  "time_limit_per_cluster": 0.3
}