{
  "algorithm": "ga",
  "cluster_id": 0,
  "final_distance": 556.0,
  "final_cost": 514503.0,
  "final_time": 39.935715748378676,
  "score": 556.0,
  "solving_time_s": 2.8038406372070312,
  "iterations": 243,
  "time_limit_per_cluster": 2.8
}