{
  "algorithm": "nsga2",
  "scorer": "distance",
  "cluster_id": 1,
  "final_distance": 18926.735998528693,
  "final_cost": NaN,
  "final_time": 0.0,
  "score": 18926.735998528693,
  "runtime_s": 1.0231055240146816,
  "iterations": 13
}