vehicle_id,vehicle_name,num_stops_including_depot,capacity_used,capacity_max,capacity_utilization,distance_m,time_s,initial_cost,distance_cost,route_cost,stops_by_id
1,Truck-01,80,246.0,10000.0,0.0246,241440.38867227634,17609.302762225212,75819.0,789.0,190572285.66242602,"[0, 6, 62, 31, 14, 78, 13, 66, 76, 53, 7, 77, 33, 42, 22, 10, 36, 74, 29, 24, 2, 34, 19, 20, 17, 37, 9, 4, 63, 1, 45, 49, 3, 54, 5, 38, 55, 50, 48, 41, 57, 64, 21, 75, 52, 47, 44, 73, 61, 28, 16, 11, 30, 71, 59, 58, 56, 51, 68, 12, 27, 72, 60, 70, 39, 32, 40, 65, 67, 25, 18, 69, 46, 23, 8, 26, 43, 15, 35, 0]"
