{
  "algorithm": "nsga2",
  "scorer": "distance",
  "cluster_id": 2,
  "final_distance": 27260.185106715122,
  "final_cost": NaN,
  "final_time": 0.0,
  "score": 27260.185106715122,
  "cluster_runtime_s": 1.0367474555969238,
  "iterations": 15,
  "epoch": 0
}