iter,best,mean
0,9866.358109457704,11818.819802152684
1,9866.358109457704,10674.285674673041
2,9866.358109457704,10068.883923351783
3,9866.358109457704,9918.754868850994
4,9866.358109457704,9895.4042360538
5,9866.358109457704,9886.013383094161
