{
  "routes": [
    {
      "vehicle_id": 0,
      "vehicle_name": "Truck-01-c6",
      "capacity_used": 0.0,
      "capacity_max": 10000.0,
      "capacity_utilization": 0.0,
      "distance_m": 32516.589997547722,
      "time_s": 2424.7559515688918,
      "stops_by_id": [
        0,
        65,
        59,
        60,
        76,
        0
      ]
    }
  ]
}