{
  "algorithm": "nsga2",
  "scorer": "distance",
  "final_distance": 282188.47235425975,
  "final_cost": 222722523.68751094,
  "final_time": 20179.262646908777,
  "runtime_s": 16.361490534152836,
  "iterations": 1000,
  "epoch": 3
}