{
  "algorithm": "nsga2",
  "scorer": "distance",
  "cluster_id": 4,
  "final_distance": 26556.651183090664,
  "final_cost": NaN,
  "final_time": 0.0,
  "score": 26556.651183090664,
  "runtime_s": 5.034102212172002,
  "iterations": 72
}