iter,best,mean
0,1873.4637082941588,1873.4637082941586
1,1873.4637082941588,1873.4637082941586
2,1873.4637082941588,1873.4637082941586
3,1873.4637082941588,1873.4637082941586
4,1873.4637082941588,1873.4637082941586
