{
  "algorithm": "nsga2",
  "scorer": "distance",
  "cluster_id": 3,
  "final_distance": 9233.727355942008,
  "final_cost": NaN,
  "final_time": 0.0,
  "score": 9233.727355942008,
  "cluster_runtime_s": 1.010453701019287,
  "iterations": 15,
  "epoch": 0
}