{
  "algorithm": "ga",
  "scorer": "distance",
  "cluster_id": 0,
  "final_distance": 2760.0,
  "final_cost": 2253459.0,
  "final_time": 199.30657203244124,
  "score": 2760.0,
  "solving_time_s": 30.006918390005012,
  "iterations": 674
}