{
  "algorithm": "ga",
  "scorer": "distance",
  "cluster_id": 0,
  "final_distance": 3250.0,
  "final_cost": 2640069.0,
  "final_time": 232.0636527776912,
  "score": 3250.0,
  "solving_time_s": 30.589008920942433,
  "iterations": 26
}