iter,best,mean,best_route_time,mean_route_time
0,73539.19999999998,90506.712,7275.799999999999,8239.582
0,65990.4,83518.454,6951.200000000001,7854.054
0,65837.49999999999,78898.637,6809.1,7610.744000000001
0,64063.099999999984,75714.042,6618.900000000001,7416.227999999999
0,64063.099999999984,73387.747,6618.900000000001,7286.566
0,64063.099999999984,71700.864,6618.900000000001,7194.316999999999
0,64063.099999999984,70425.25,6618.900000000001,7118.213999999999
0,64063.099999999984,69110.995,6580.099999999999,7039.316999999999
