iter,best,mean
0,27817.26538565277,33283.61264103368
1,27817.26538565277,30092.90759906823
2,27817.26538565277,29270.95064226076
3,27817.26538565277,28773.377980911824
4,27817.26538565277,28505.007069768235
5,27817.26538565277,28254.035651856113
