{
  "algorithm": "nsga2",
  "scorer": "distance",
  "cluster_id": 1,
  "final_distance": 37020.35277209068,
  "final_cost": NaN,
  "final_time": 0.0,
  "score": 37020.35277209068,
  "cluster_runtime_s": 1.0583157539367676,
  "iterations": 14,
  "epoch": 0
}