{
  "algorithm": "nsga2",
  "scorer": "distance",
  "cluster_id": 0,
  "final_distance": 28753.34426255828,
  "final_cost": NaN,
  "final_time": 0.0,
  "score": 28753.34426255828,
  "cluster_runtime_s": 1.0506670475006104,
  "iterations": 14,
  "epoch": 0
}