{
  "algorithm": "nsga2",
  "cluster_id": 0,
  "final_distance": 2801.0,
  "final_cost": 2285808.0,
  "final_time": 201.48206223559666,
  "score": 2801.0,
  "solving_time_s": 10.375373125076294,
  "iterations": 22,
  "epoch": 23,
  "time_limit_per_cluster": 10.0
}