vehicle_id,vehicle_name,num_stops_including_depot,capacity_used,capacity_max,capacity_utilization,distance_m,initial_cost,distance_cost,route_cost,stops_by_id
1,Truck-01,80,246.0,10000.0,0.0246,247966.7726394958,75819.0,789.0,195721602.61256218,"[0, 26, 8, 23, 46, 69, 30, 11, 16, 28, 61, 73, 44, 47, 52, 75, 64, 57, 41, 48, 21, 55, 38, 50, 5, 54, 3, 49, 45, 1, 63, 4, 9, 37, 17, 20, 19, 34, 74, 36, 10, 22, 77, 7, 53, 76, 66, 13, 33, 42, 65, 40, 32, 39, 29, 24, 2, 60, 70, 72, 27, 12, 68, 51, 71, 56, 58, 59, 18, 25, 67, 78, 14, 31, 62, 6, 35, 15, 43, 0]"
