{
  "routes": [
    {
      "vehicle_id": 0,
      "vehicle_name": "Truck-01-c5",
      "capacity_used": 0.0,
      "capacity_max": 10000.0,
      "capacity_utilization": 0.0,
      "distance_m": 22173.75498264356,
      "time_s": 1579.6195878449332,
      "stops_by_id": [
        0,
        22,
        23,
        24,
        21,
        66,
        1,
        3,
        2,
        19,
        7,
        0
      ]
    }
  ]
}