{
  "algorithm": "nsga2",
  "scorer": "distance",
  "cluster_id": 5,
  "final_distance": 17891.31462836693,
  "final_cost": NaN,
  "final_time": 0.0,
  "score": 17891.31462836693,
  "runtime_s": 1.0220456132665277,
  "iterations": 19
}