{
  "routes": [
    {
      "vehicle_id": 0,
      "vehicle_name": "Truck-01-c6",
      "capacity_used": 0.0,
      "capacity_max": 10000.0,
      "capacity_utilization": 0.0,
      "distance_m": 27077.470177488973,
      "time_s": 1840.211926300432,
      "stops_by_id": [
        0,
        39,
        38,
        37,
        68,
        71,
        35,
        33,
        31,
        34,
        32,
        78,
        72,
        29,
        0
      ]
    }
  ]
}