{
  "algorithm": "nsga2",
  "scorer": "distance",
  "cluster_id": 1,
  "final_distance": 5901.694332618249,
  "final_cost": NaN,
  "final_time": 0.0,
  "score": 5901.694332618249,
  "runtime_s": 1.0198982269503176,
  "iterations": 19
}