{
  "algorithm": "pso",
  "scorer": "distance",
  "cluster_id": 0,
  "final_distance": 3409.0,
  "final_cost": 2765520.0,
  "final_time": 247.92026212824976,
  "score": 3409.0,
  "solving_time_s": 30.02105632799794,
  "iterations": 145
}