iter,best,mean,best_route_time,mean_route_time
1,2937.0,21815.45,211.87101772915528,1571.956702296379
2,2937.0,17898.94,211.87101772915528,1289.9875761338126
3,2937.0,17160.5,211.87101772915528,1236.1698958992754
4,2937.0,16588.61,211.87101772915528,1194.8817477926048
