iter,best,mean
0,19038.83051148115,24133.824510893563
1,19012.497806623553,20630.615376010006
2,18969.165598955464,19699.767475041015
3,18969.165598955464,19366.776511688506
