iter,best,mean
0,34628.7756150199,44251.151553999975
1,34628.7756150199,38277.40449149162
2,34628.7756150199,37036.49323168986
3,34481.78876650937,36422.57041176247
4,34481.78876650937,36154.5433480145
5,34481.78876650937,36013.39333104814
6,34481.78876650937,35872.474835828085
7,34481.78876650937,35714.06600169707
8,34481.78876650937,35602.32980848908
9,34473.620735109056,35457.225432807936
