{
  "algorithm": "nsga2",
  "scorer": "distance",
  "cluster_id": 0,
  "final_distance": 5260.599496198047,
  "final_cost": NaN,
  "final_time": 0.0,
  "score": 5260.599496198047,
  "cluster_runtime_s": 1.0492851734161377,
  "iterations": 15,
  "epoch": 0
}