iter,best,mean
0,12436.86391595169,16240.639959326336
1,12436.86391595169,13684.189729970829
2,12436.86391595169,12986.232373732917
3,12436.86391595169,12622.216138716029
4,12436.86391595169,12516.64632168436
5,12436.86391595169,12494.970082621081
6,12436.86391595169,12455.883677147123
7,12436.86391595169,12436.86391595169
8,12436.86391595169,12436.86391595169
9,12436.86391595169,12436.86391595169
10,12436.86391595169,12436.86391595169
11,12436.86391595169,12436.86391595169
