iter,best,mean
0,28753.34426255828,35866.87373946791
1,28753.34426255828,30415.928897863905
2,28753.34426255828,28764.62692702786
3,28753.34426255828,28753.344262558272
4,28753.34426255828,28753.344262558272
