vehicle_id,vehicle_name,num_stops_including_depot,capacity_used,capacity_max,capacity_utilization,distance_m,time_s,initial_cost,distance_cost,route_cost,stops_by_id
1,Truck-01,80,246.0,10000.0,0.0246,246850.40239159786,17674.76870549641,75819.0,789.0,194840786.48697072,"[0, 43, 15, 35, 6, 25, 62, 31, 14, 78, 67, 65, 40, 32, 42, 33, 13, 66, 76, 53, 7, 77, 22, 10, 36, 74, 19, 17, 37, 9, 63, 4, 20, 34, 24, 29, 2, 60, 72, 12, 68, 51, 71, 18, 59, 58, 56, 39, 70, 27, 49, 45, 1, 3, 54, 5, 57, 41, 48, 50, 38, 55, 21, 64, 75, 47, 52, 28, 61, 44, 73, 16, 11, 30, 69, 46, 23, 8, 26, 0]"
