vehicle_id,vehicle_name,num_stops_including_depot,capacity_used,capacity_max,capacity_utilization,distance_m,time_s,initial_cost,distance_cost,route_cost,stops_by_id
1,Truck-01,80,246.0,10000.0,0.0246,248171.05992211148,17955.315857847483,75819.0,789.0,195882785.27854595,"[0, 26, 8, 23, 46, 69, 18, 59, 71, 30, 11, 16, 73, 44, 61, 28, 52, 47, 75, 64, 21, 55, 38, 50, 48, 41, 57, 12, 68, 51, 56, 58, 70, 60, 72, 27, 49, 45, 1, 5, 54, 3, 63, 9, 37, 17, 4, 2, 34, 20, 19, 36, 74, 24, 29, 39, 32, 67, 65, 40, 33, 42, 22, 10, 77, 7, 53, 76, 66, 13, 78, 14, 31, 62, 25, 6, 35, 15, 43, 0]"
