{
  "routes": [
    {
      "vehicle_id": 0,
      "vehicle_name": "Truck-01-c1",
      "capacity_used": 0.0,
      "capacity_max": 10000.0,
      "capacity_utilization": 0.0,
      "distance_m": 49598.19963556493,
      "time_s": 3517.480367542049,
      "stops_by_id": [
        0,
        26,
        24,
        23,
        22,
        1,
        17,
        3,
        2,
        19,
        7,
        10,
        11,
        70,
        13,
        14,
        15,
        16,
        0
      ]
    }
  ]
}