{
  "epoch": 27,
  "clusters": 1,
  "algorithm": "nsga2",
  "scorer": "distance",
  "sum_final_distance": 555.0,
  "sum_final_cost": 513714.0,
  "sum_final_time": 40.31492365459584,
  "epoch_runtime_s": 10.091799259185791,
  "total_cluster_solving_time_s": 10.084155559539795
}