{
  "epoch": 66,
  "clusters": 1,
  "algorithm": "nsga2",
  "sum_final_distance": 2844.0,
  "sum_final_cost": 2319735.0,
  "sum_final_time": 204.70755004879317,
  "epoch_runtime_s": 10.370485782623291,
  "total_cluster_solving_time_s": 10.324728012084961
}