{
  "routes": [
    {
      "vehicle_id": 1,
      "vehicle_name": "Truck-01",
      "capacity_used": 246.0,
      "capacity_max": 10000.0,
      "capacity_utilization": 0.0246,
      "distance_m": 273183.79506766994,
      "time_s": 19461.561803817083,
      "stops_by_id": [
        0,
        43,
        35,
        15,
        62,
        25,
        6,
        31,
        14,
        78,
        65,
        67,
        32,
        40,
        13,
        76,
        66,
        53,
        7,
        77,
        22,
        33,
        42,
        10,
        36,
        19,
        20,
        4,
        9,
        37,
        17,
        63,
        45,
        1,
        3,
        5,
        54,
        49,
        12,
        27,
        70,
        39,
        29,
        34,
        74,
        24,
        2,
        60,
        72,
        68,
        57,
        41,
        48,
        64,
        50,
        55,
        38,
        21,
        75,
        47,
        61,
        28,
        44,
        73,
        16,
        52,
        51,
        58,
        56,
        59,
        18,
        71,
        11,
        30,
        69,
        46,
        8,
        23,
        26,
        0
      ]
    }
  ]
}