{
  "algorithm": "nsga2",
  "scorer": "distance",
  "cluster_id": 6,
  "final_distance": 11464.603280072159,
  "final_cost": NaN,
  "final_time": 0.0,
  "score": 11464.603280072159,
  "runtime_s": 1.0162699879147112,
  "iterations": 16
}