{
  "algorithm": "nsga2",
  "scorer": "distance",
  "cluster_id": 0,
  "final_distance": 24680.051654056548,
  "final_cost": NaN,
  "final_time": 0.0,
  "score": 24680.051654056548,
  "runtime_s": 1.0496977278962731,
  "iterations": 17
}