{
  "algorithm": "nsga2",
  "scorer": "distance",
  "cluster_id": 3,
  "final_distance": 20885.805246957567,
  "final_cost": NaN,
  "final_time": 0.0,
  "score": 20885.805246957567,
  "cluster_runtime_s": 0.36583399772644043,
  "iterations": 5,
  "epoch": 0
}