iter,best,mean
0,21037.992848443755,28778.868536424627
1,21037.992848443755,23934.507132856892
2,21037.992848443755,23057.749708454554
3,21037.992848443755,22745.195055728716
4,20885.805246957567,22559.697082651433
