{
  "routes": [
    {
      "vehicle_id": 0,
      "vehicle_name": "Truck-01-c5",
      "capacity_used": 0.0,
      "capacity_max": 10000.0,
      "capacity_utilization": 0.0,
      "distance_m": 25180.02339319167,
      "time_s": 1750.4094595501783,
      "stops_by_id": [
        0,
        37,
        68,
        71,
        35,
        33,
        31,
        34,
        32,
        78,
        72,
        29,
        0
      ]
    }
  ]
}