{
  "algorithm": "nsga2",
  "scorer": "distance",
  "cluster_id": 2,
  "final_distance": 17690.765769127956,
  "final_cost": NaN,
  "final_time": 0.0,
  "score": 17690.765769127956,
  "cluster_runtime_s": 0.3411245346069336,
  "iterations": 5,
  "epoch": 0
}