{
  "routes": [
    {
      "vehicle_id": 0,
      "vehicle_name": "Truck-01-c2",
      "capacity_used": 0.0,
      "capacity_max": 10000.0,
      "capacity_utilization": 0.0,
      "distance_m": 25570.852450999468,
      "time_s": 1873.875125256537,
      "stops_by_id": [
        0,
        68,
        37,
        31,
        33,
        35,
        71,
        30,
        36,
        8,
        6,
        58,
        66,
        20,
        21,
        25,
        24,
        0
      ]
    }
  ]
}