{
  "algorithm": "pso",
  "scorer": "distance",
  "cluster_id": 4,
  "final_distance": 26547.27000060322,
  "final_cost": 100000.0,
  "final_time": 26547.27000060322,
  "score": 26547.27000060322,
  "solving_time_s": 0.3003396987915039,
  "iterations": 91,
  "time_limit_per_cluster": 0.3
}