{
  "algorithm": "nsga2",
  "cluster_id": 0,
  "final_distance": 2693.0,
  "final_cost": 2200596.0,
  "final_time": 193.3946211220552,
  "score": 2693.0,
  "solving_time_s": 10.209627628326416,
  "iterations": 23,
  "epoch": 73,
  "time_limit_per_cluster": 10.0
}