{
  "algorithm": "nsga2",
  "scorer": "distance",
  "cluster_id": 0,
  "final_distance": 32385.976150637685,
  "final_cost": 100000.0,
  "final_time": 32385.976150637685,
  "score": 32385.976150637685,
  "solving_time_s": 0.31129908561706543,
  "iterations": 12,
  "time_limit_per_cluster": 0.3
}