{
  "algorithm": "nsga2",
  "scorer": "distance",
  "cluster_id": 6,
  "final_distance": 34739.959355707346,
  "final_cost": NaN,
  "final_time": 0.0,
  "score": 34739.959355707346,
  "cluster_runtime_s": 1.0301239490509033,
  "iterations": 14,
  "epoch": 0
}