iter,best,mean
0,8593.908224855315,12113.463042750122
1,8593.908224855315,9483.630009694101
2,8593.908224855315,8891.806812047067
3,8593.908224855315,8615.551404054379
4,8593.908224855315,8593.908224855317
5,8593.908224855315,8593.908224855317
