iter,best,mean
0,9866.358109457704,11929.018218946736
1,9866.358109457704,10777.479129674048
2,9866.358109457704,10138.6653360454
3,9866.358109457704,9918.624546524461
4,9866.358109457704,9890.81800553863
5,9866.358109457704,9879.89840907393
