{
  "algorithm": "nsga2",
  "scorer": "distance",
  "cluster_id": 1,
  "final_distance": 21029.964991090816,
  "final_cost": NaN,
  "final_time": 0.0,
  "score": 21029.964991090816,
  "runtime_s": 1.0113417538814247,
  "iterations": 15
}