{
  "algorithm": "nsga2",
  "scorer": "distance",
  "cluster_id": 1,
  "final_distance": 34680.824210709165,
  "final_cost": NaN,
  "final_time": 0.0,
  "score": 34680.824210709165,
  "runtime_s": 5.107326185330749,
  "iterations": 52
}