{
  "algorithm": "nsga2",
  "scorer": "distance",
  "cluster_id": 2,
  "final_distance": 21303.95574085888,
  "final_cost": NaN,
  "final_time": 0.0,
  "score": 21303.95574085888,
  "runtime_s": 1.0526350089348853,
  "iterations": 18
}