{
  "algorithm": "ga",
  "cluster_id": 4,
  "final_distance": 19731.799999999996,
  "final_cost": 100000.0,
  "final_time": 1991.1000000000001,
  "score": 19731.799999999996,
  "solving_time_s": 0.40001559257507324,
  "iterations": 749,
  "time_limit_per_cluster": 0.39999999999999997
}