iter,best,mean
0,18911.617486129948,25412.169482799498
1,18911.617486129948,20690.16251716841
2,18471.868593272724,19883.151171620095
3,18471.868593272724,19568.623217647415
4,18471.868593272724,19385.607120519227
