{
  "algorithm": "nsga2",
  "scorer": "distance",
  "cluster_id": 2,
  "final_distance": 17439.539289158707,
  "final_cost": NaN,
  "final_time": 0.0,
  "score": 17439.539289158707,
  "cluster_runtime_s": 5.021477460861206,
  "iterations": 59,
  "epoch": 0
}