iter,best,mean
0,45423.70254017969,65071.29307003012
1,45423.70254017969,56293.11917514827
2,45157.990726321026,52410.744671774664
3,44836.11710612819,50451.226954386904
4,44817.64849962585,48797.80681029883
5,44817.64849962585,47775.799787700904
6,44817.64849962585,46862.473431348946
7,44817.64849962585,46156.19940607919
8,44817.64849962585,45396.090762196254
9,44817.64849962585,45279.38130125966
