{
  "algorithm": "aco",
  "scorer": "distance",
  "cluster_id": 3,
  "final_distance": 36718.01668655582,
  "final_cost": 100000.0,
  "final_time": 36718.01668655582,
  "score": 36718.01668655582,
  "solving_time_s": 0.3012700080871582,
  "iterations": 52,
  "time_limit_per_cluster": 0.3
}