{
  "algorithm": "pso",
  "scorer": "distance",
  "cluster_id": 6,
  "final_distance": 20683.069557202987,
  "final_cost": 100000.0,
  "final_time": 20683.069557202987,
  "score": 20683.069557202987,
  "solving_time_s": 0.3030116558074951,
  "iterations": 61,
  "time_limit_per_cluster": 0.3
}