{
  "routes": [
    {
      "vehicle_id": 0,
      "vehicle_name": "Truck-01-c6",
      "capacity_used": 0.0,
      "capacity_max": 10000.0,
      "capacity_utilization": 0.0,
      "distance_m": 19988.605942973383,
      "time_s": 1451.4937803805499,
      "stops_by_id": [
        0,
        69,
        54,
        51,
        52,
        53,
        50,
        48,
        47,
        49,
        42,
        41,
        57,
        40,
        39,
        38,
        0
      ]
    }
  ]
}