{
  "algorithm": "nsga2",
  "scorer": "distance",
  "cluster_id": 3,
  "final_distance": 5192.128941600313,
  "final_cost": NaN,
  "final_time": 0.0,
  "score": 5192.128941600313,
  "runtime_s": 1.0130931078456342,
  "iterations": 18
}