{
  "routes": [
    {
      "vehicle_id": 0,
      "vehicle_name": "Truck-01-c3",
      "capacity_used": 0.0,
      "capacity_max": 10000.0,
      "capacity_utilization": 0.0,
      "distance_m": 13763.129818277463,
      "time_s": 945.9170742654162,
      "stops_by_id": [
        0,
        1,
        3,
        2,
        19,
        7,
        0
      ]
    }
  ]
}