{
  "algorithm": "nsga2",
  "scorer": "distance",
  "cluster_id": 5,
  "final_distance": 12638.92881356105,
  "final_cost": NaN,
  "final_time": 0.0,
  "score": 12638.92881356105,
  "cluster_runtime_s": 1.023366928100586,
  "iterations": 14,
  "epoch": 0
}