{
  "algorithm": "nsga2",
  "scorer": "distance",
  "cluster_id": 3,
  "final_distance": 10432.88008603301,
  "final_cost": NaN,
  "final_time": 0.0,
  "score": 10432.88008603301,
  "cluster_runtime_s": 0.36505675315856934,
  "iterations": 5,
  "epoch": 0
}