iter,best,mean
0,10480.85022668091,13254.288107624368
1,10480.85022668091,11611.426041856206
2,10480.85022668091,11029.202042537616
3,10432.88008603301,10737.27310080898
4,10432.88008603301,10651.237178525682
