{
  "routes": [
    {
      "vehicle_id": 0,
      "vehicle_name": "Truck-01-c3",
      "capacity_used": 0.0,
      "capacity_max": 10000.0,
      "capacity_utilization": 0.0,
      "distance_m": 25596.456109382772,
      "time_s": 1751.994299713663,
      "stops_by_id": [
        0,
        44,
        45,
        40,
        57,
        41,
        42,
        50,
        48,
        47,
        49,
        53,
        54,
        52,
        51,
        55,
        69,
        56,
        0
      ]
    }
  ]
}