{
  "algorithm": "pso",
  "scorer": "distance",
  "cluster_id": 0,
  "final_distance": 11082.24212712262,
  "final_cost": 100000.0,
  "final_time": 11082.24212712262,
  "score": 11082.24212712262,
  "solving_time_s": 0.30022287368774414,
  "iterations": 109,
  "time_limit_per_cluster": 0.3
}