{
  "algorithm": "nsga2",
  "scorer": "distance",
  "cluster_id": 2,
  "final_distance": 8110.096083662847,
  "final_cost": NaN,
  "final_time": 0.0,
  "score": 8110.096083662847,
  "runtime_s": 1.047856591641903,
  "iterations": 20
}