iter,best,mean
0,31929.674706789563,38257.06607531586
1,31060.890979809024,33523.154723268206
2,31060.890979809024,32381.021805516048
3,31060.890979809024,31879.62146906869
4,31060.890979809024,31721.846155946536
