{
  "algorithm": "nsga2",
  "scorer": "distance",
  "cluster_id": 0,
  "final_distance": 35976.85148770347,
  "final_cost": NaN,
  "final_time": 0.0,
  "score": 35976.85148770347,
  "cluster_runtime_s": 0.31044578552246094,
  "iterations": 5,
  "epoch": 0
}