iter,best,mean
0,35976.85148770347,43423.672187269854
1,35976.85148770347,38546.586482191444
2,35976.85148770347,37310.48571152989
3,35976.85148770347,36557.224260465795
4,35976.85148770347,36107.412265693776
