vehicle_id,vehicle_name,num_stops_including_depot,capacity_used,capacity_max,capacity_utilization,distance_m,time_s,initial_cost,distance_cost,route_cost,stops_by_id
1,Truck-01,80,246.0,10000.0,0.0246,252384.4019289838,18144.106988471656,75819.0,789.0,199207112.1219682,"[0, 26, 8, 23, 46, 69, 30, 11, 71, 18, 59, 39, 70, 58, 56, 51, 68, 64, 75, 47, 52, 28, 61, 16, 73, 44, 38, 55, 21, 50, 48, 57, 41, 5, 54, 3, 1, 45, 49, 12, 27, 72, 60, 2, 24, 29, 34, 20, 4, 63, 9, 37, 17, 19, 74, 36, 10, 22, 42, 77, 7, 53, 76, 66, 13, 33, 32, 40, 65, 78, 14, 67, 25, 6, 62, 31, 35, 15, 43, 0]"
