{
  "algorithm": "nsga2",
  "scorer": "distance",
  "cluster_id": 4,
  "final_distance": 18969.13939766444,
  "final_cost": 100000.0,
  "final_time": 18969.13939766444,
  "score": 18969.13939766444,
  "solving_time_s": 0.3223845958709717,
  "iterations": 9,
  "epoch": 0,
  "time_limit_per_cluster": 0.3
}