iter,best,mean,best_route_time,mean_route_time
0,19091.66038961903,23237.671065458464,19091.66038961903,23237.671065458464
0,19038.8042139649,21511.35666383262,19038.8042139649,21511.35666383262
0,19038.804213964897,20692.274318590946,19038.804213964897,20692.274318590946
0,19012.471545479544,20437.359167969644,19012.471545479544,20437.359167969644
0,18969.13939766444,20270.362040766642,18969.13939766444,20270.362040766642
0,18969.13939766444,20134.81465907768,18969.13939766444,20134.81465907768
0,18969.13939766444,20003.935193707588,18969.13939766444,20003.935193707588
0,18969.13939766444,19875.27928901871,18969.13939766444,19875.27928901871
0,18969.13939766444,19755.773148199147,18969.13939766444,19755.773148199147
