{
  "algorithm": "aco",
  "scorer": "distance",
  "cluster_id": 5,
  "final_distance": 13208.585047659468,
  "final_cost": 100000.0,
  "final_time": 13208.585047659468,
  "score": 13208.585047659468,
  "solving_time_s": 0.3032717704772949,
  "iterations": 48,
  "time_limit_per_cluster": 0.3
}