{
  "algorithm": "pso",
  "scorer": "distance",
  "cluster_id": 3,
  "final_distance": 25002.006684192118,
  "final_cost": 100000.0,
  "final_time": 25002.006684192118,
  "score": 25002.006684192118,
  "solving_time_s": 0.304440975189209,
  "iterations": 51,
  "time_limit_per_cluster": 0.3
}