{
  "algorithm": "nsga2",
  "cluster_id": 0,
  "final_distance": 2827.0,
  "final_cost": 2306322.0,
  "final_time": 204.49124857652106,
  "score": 2827.0,
  "solving_time_s": 10.267193078994751,
  "iterations": 41,
  "epoch": 0,
  "time_limit_per_cluster": 10.0
}