iter,best,mean
0,16206.745694968029,23257.728761119433
1,16206.745694968029,17382.592008262378
2,16206.745694968029,16206.745694968033
3,16206.745694968029,16206.745694968033
4,16206.745694968029,16206.745694968033
