{
  "algorithm": "nsga2",
  "scorer": "distance",
  "cluster_id": 1,
  "final_distance": 22021.22819192743,
  "final_cost": NaN,
  "final_time": 0.0,
  "score": 22021.22819192743,
  "runtime_s": 1.0138073121197522,
  "iterations": 18
}