iter,best,mean
0,19762.587581066007,24973.88851055396
1,19762.587581066004,22074.52089114669
2,19762.587581066004,20623.76885335127
3,19762.587581066004,19912.91871512828
4,19762.587581066004,19762.587581066007
5,19762.587581066004,19762.587581066004
6,19762.587581066004,19762.587581066004
7,19762.587581066004,19762.587581066004
8,19762.587581066004,19762.587581066004
9,19762.587581066004,19762.587581066004
10,19762.587581066004,19762.587581066004
11,19762.587581066004,19762.587581066004
