iter,best,mean,best_route_time,mean_route_time
0,16059.100000000002,21353.813,1548.4,1842.585
0,16059.100000000002,20595.123,1548.4,1784.829
0,16059.100000000002,20046.164,1548.4,1752.0130000000001
0,16059.100000000002,19683.324,1548.4,1743.106
0,16059.100000000002,19469.624,1548.4,1740.9170000000001
0,16059.100000000002,19285.39,1548.4,1730.8730000000003
0,16059.100000000002,19159.992,1548.4,1717.7839999999999
