{
  "epoch": 50,
  "clusters": 1,
  "algorithm": "nsga2",
  "scorer": "distance",
  "sum_final_distance": 538.0,
  "sum_final_cost": 500301.0,
  "sum_final_time": 38.20012438506394,
  "epoch_runtime_s": 10.259974241256714,
  "total_cluster_solving_time_s": 10.248464822769165
}