{
  "algorithm": "ga",
  "scorer": "distance",
  "cluster_id": 0,
  "final_distance": 2824.0,
  "final_cost": 2303955.0,
  "final_time": 203.94088268424832,
  "score": 2824.0,
  "solving_time_s": 30.012660665997828,
  "iterations": 670
}