{
  "algorithm": "nsga2",
  "scorer": "distance",
  "cluster_id": 5,
  "final_distance": 6123.732988662079,
  "final_cost": 100000.0,
  "final_time": 6123.732988662079,
  "score": 6123.732988662079,
  "solving_time_s": 0.322922945022583,
  "iterations": 12,
  "epoch": 0,
  "time_limit_per_cluster": 0.3
}