{
  "epoch": 30,
  "clusters": 1,
  "algorithm": "nsga2",
  "sum_final_distance": 2675.0,
  "sum_final_cost": 2186394.0,
  "sum_final_time": 193.2541477536294,
  "epoch_runtime_s": 10.24896502494812,
  "total_cluster_solving_time_s": 10.207108736038208
}