{
  "algorithm": "nsga2",
  "scorer": "distance",
  "cluster_id": 4,
  "final_distance": 36718.067403640605,
  "final_cost": NaN,
  "final_time": 0.0,
  "score": 36718.067403640605,
  "runtime_s": 1.0119356298819184,
  "iterations": 18
}