{
  "routes": [
    {
      "vehicle_id": 0,
      "vehicle_name": "Truck-01-c4",
      "capacity_used": 0.0,
      "capacity_max": 10000.0,
      "capacity_utilization": 0.0,
      "distance_m": 56274.50330448906,
      "time_s": 3953.1709639491933,
      "stops_by_id": [
        0,
        17,
        4,
        61,
        76,
        18,
        67,
        60,
        59,
        65,
        10,
        11,
        12,
        0
      ]
    }
  ]
}