iter,best,mean
0,12853.559792361804,17475.225828859097
1,12853.559792361804,14837.613946735102
2,12853.559792361804,13793.228885709477
3,12853.559792361804,13302.979173061998
4,12853.559792361804,12918.49383871595
