{
  "routes": [
    {
      "vehicle_id": 0,
      "vehicle_name": "Truck-01-c4",
      "capacity_used": 0.0,
      "capacity_max": 10000.0,
      "capacity_utilization": 0.0,
      "distance_m": 30234.50794126722,
      "time_s": 2270.3073795751097,
      "stops_by_id": [
        0,
        16,
        15,
        14,
        13,
        70,
        11,
        10,
        19,
        2,
        3,
        17,
        0
      ]
    }
  ]
}