{
  "algorithm": "aco",
  "scorer": "distance",
  "cluster_id": 0,
  "final_distance": 11082.24212712262,
  "final_cost": 100000.0,
  "final_time": 11082.24212712262,
  "score": 11082.24212712262,
  "solving_time_s": 0.3027019500732422,
  "iterations": 81,
  "time_limit_per_cluster": 0.3
}