{
  "algorithm": "nsga2",
  "scorer": "distance",
  "cluster_id": 0,
  "final_distance": 2777.0,
  "final_cost": 2266872.0,
  "final_time": 200.57357535923344,
  "score": 2777.0,
  "solving_time_s": 30.37031388282776,
  "iterations": 71,
  "epoch": 0
}