iter,best,mean,best_route_time,mean_route_time
0,2875.0,6340.625,206.24355654890186,456.0917251693047
1,2875.0,6340.625,206.24355654890186,456.0917251693047
1,2875.0,3372.77,206.24355654890186,242.32403930266628
2,2875.0,3372.77,206.24355654890186,242.32403930266628
2,2818.0,3303.365,201.15729173653122,237.2084265091112
3,2818.0,3303.365,201.15729173653122,237.2084265091112
