{
  "algorithm": "ga",
  "scorer": "distance",
  "cluster_id": 0,
  "final_distance": 3130.0,
  "final_cost": 2545389.0,
  "final_time": 223.81771264321256,
  "score": 3130.0,
  "solving_time_s": 30.586709353956394,
  "iterations": 26
}