iter,best,mean,best_route_time,mean_route_time
1,3130.0,21822.3875,223.81771264321256,1571.7607983175933
2,3130.0,16236.5125,223.81771264321256,1170.723508395421
3,3130.0,13491.975,223.81771264321256,972.0190353694691
4,3130.0,14225.025,223.81771264321256,1023.7540930300562
5,3130.0,12579.4125,223.81771264321256,905.3944357160093
6,3130.0,10994.1875,223.81771264321256,790.0043127251886
7,3130.0,10825.4625,223.81771264321256,780.4756007626835
8,3130.0,9280.5125,223.81771264321256,668.570503245276
9,3130.0,8222.65,223.81771264321256,593.007678506177
10,3130.0,8942.525,223.81771264321256,645.3306145460923
11,3130.0,7827.5,223.81771264321256,563.2574862756999
12,3130.0,7025.9125,223.81771264321256,506.23899869756224
13,3130.0,6179.4125,223.81771264321256,445.50082053752703
14,3130.0,6207.325,223.81771264321256,447.2965053333286
15,3130.0,6186.0125,223.81771264321256,444.47190678599566
16,3130.0,7116.925,223.81771264321256,512.4041195665676
17,3130.0,5704.4875,223.81771264321256,410.6193487932866
18,3130.0,6245.35,223.81771264321256,448.7356281640922
19,3130.0,5593.725,223.81771264321256,402.4227984024092
20,3130.0,6722.5375,223.81771264321256,484.0431850437837
21,3130.0,4681.775,223.81771264321256,336.76175160686324
22,3130.0,3926.35,223.81771264321256,281.996775617484
23,3130.0,3975.8,223.81771264321256,285.4921255563762
24,3130.0,5808.8,223.81771264321256,417.7414385304073
25,3130.0,5983.45,223.81771264321256,430.00089587761124
26,3130.0,4811.835443037975,223.81771264321256,350.431809425643
