iter,best,mean
0,8976.542361168584,12717.010543169301
1,8976.542361168584,10191.667375283805
2,8976.542361168584,9160.681098033027
3,8976.542361168584,8976.542361168584
4,8976.542361168584,8976.542361168584
5,8976.542361168584,8976.542361168584
