iter,best,mean,best_route_time,mean_route_time
0,73539.19999999998,90506.712,7275.799999999999,8239.582
0,69893.00000000001,85354.771,7203.799999999999,7952.609
0,64526.49999999999,80512.83899999999,6808.799999999998,7709.8769999999995
0,64526.49999999999,76765.711,6634.3,7499.71
0,64391.2,72861.81599999999,6634.3,7267.406
0,64391.2,71389.549,6634.3,7164.0109999999995
0,64248.799999999996,70667.395,6580.099999999999,7128.526999999999
