{
  "algorithm": "nsga2",
  "scorer": "distance",
  "cluster_id": 0,
  "final_distance": 2767.0,
  "final_cost": 2258982.0,
  "final_time": 200.0636934428339,
  "score": 2767.0,
  "solving_time_s": 30.67888560600113,
  "iterations": 46
}