{
  "algorithm": "nsga2",
  "scorer": "distance",
  "cluster_id": 0,
  "final_distance": 2687.0,
  "final_cost": 2195862.0,
  "final_time": 194.14907527981595,
  "score": 2687.0,
  "solving_time_s": 30.140348029999586,
  "iterations": 156
}