iter,best,mean,best_route_time,mean_route_time
1,2881.0,5858.565,207.35142893637692,422.03778878384685
2,2881.0,3294.42,207.35142893637692,237.34017190747124
