{
  "algorithm": "nsga2",
  "scorer": "distance",
  "cluster_id": 3,
  "final_distance": 41192.704896964104,
  "final_cost": NaN,
  "final_time": 0.0,
  "score": 41192.704896964104,
  "cluster_runtime_s": 1.0650665760040283,
  "iterations": 15,
  "epoch": 0
}