{
  "algorithm": "nsga2",
  "scorer": "distance",
  "cluster_id": 5,
  "final_distance": 20479.695756842815,
  "final_cost": NaN,
  "final_time": 0.0,
  "score": 20479.695756842815,
  "runtime_s": 5.016555909998715,
  "iterations": 61
}