{
  "algorithm": "nsga2",
  "scorer": "distance",
  "cluster_id": 0,
  "final_distance": 18003.63101273378,
  "final_cost": NaN,
  "final_time": 0.0,
  "score": 18003.63101273378,
  "runtime_s": 5.05849105399102,
  "iterations": 88
}