{
  "algorithm": "nsga2",
  "scorer": "distance",
  "cluster_id": 2,
  "final_distance": 9866.358109457704,
  "final_cost": NaN,
  "final_time": 0.0,
  "score": 9866.358109457704,
  "runtime_s": 1.0338483806699514,
  "iterations": 19
}