{
  "algorithm": "pso",
  "scorer": "distance",
  "cluster_id": 4,
  "final_distance": 20031.20493224983,
  "final_cost": 100000.0,
  "final_time": 20031.20493224983,
  "score": 20031.20493224983,
  "solving_time_s": 0.300140380859375,
  "iterations": 93,
  "time_limit_per_cluster": 0.3
}