{
  "algorithm": "nsga2",
  "scorer": "distance",
  "cluster_id": 0,
  "final_distance": 20254.025715223965,
  "final_cost": NaN,
  "final_time": 0.0,
  "score": 20254.025715223965,
  "runtime_s": 5.037338670808822,
  "iterations": 66
}