{
  "algorithm": "aco",
  "scorer": "distance",
  "cluster_id": 5,
  "final_distance": 6346.195456387402,
  "final_cost": 100000.0,
  "final_time": 6346.195456387402,
  "score": 6346.195456387402,
  "solving_time_s": 0.30127906799316406,
  "iterations": 165,
  "time_limit_per_cluster": 0.3
}