{
  "algorithm": "nsga2",
  "scorer": "distance",
  "cluster_id": 3,
  "final_distance": 20700.727654145314,
  "final_cost": NaN,
  "final_time": 0.0,
  "score": 20700.727654145314,
  "runtime_s": 1.04178238613531,
  "iterations": 14
}