{
  "algorithm": "nsga2",
  "scorer": "distance",
  "cluster_id": 2,
  "final_distance": 11515.908093985048,
  "final_cost": NaN,
  "final_time": 0.0,
  "score": 11515.908093985048,
  "cluster_runtime_s": 0.31066083908081055,
  "iterations": 5,
  "epoch": 0
}