iter,best,mean
0,11613.861319378271,15089.624041430434
1,11613.861319378271,12289.492423191308
2,11613.861319378271,11875.899435740586
3,11613.861319378271,11786.282338100867
4,11613.861319378271,11722.758804887282
