vehicle_id,vehicle_name,num_stops_including_depot,capacity_used,capacity_max,capacity_utilization,distance_m,initial_cost,distance_cost,route_cost,stops_by_id
1,Truck-01,80,246.0,10000.0,0.0246,252579.3791568459,75819.0,789.0,199360949.15475142,"[0, 26, 8, 23, 46, 69, 30, 18, 59, 58, 56, 70, 51, 71, 11, 16, 28, 61, 73, 44, 38, 55, 47, 52, 75, 64, 21, 50, 48, 41, 57, 49, 12, 68, 27, 72, 60, 45, 1, 3, 5, 54, 63, 9, 37, 17, 4, 20, 19, 2, 24, 29, 34, 74, 36, 10, 7, 53, 76, 66, 13, 77, 22, 42, 33, 39, 32, 40, 65, 78, 14, 67, 25, 6, 62, 31, 35, 15, 43, 0]"
