{
  "algorithm": "nsga2",
  "scorer": "distance",
  "cluster_id": 4,
  "final_distance": 15155.562488175538,
  "final_cost": NaN,
  "final_time": 0.0,
  "score": 15155.562488175538,
  "runtime_s": 5.03647039225325,
  "iterations": 86
}