{
  "algorithm": "nsga2",
  "scorer": "distance",
  "cluster_id": 1,
  "final_distance": 33695.27919042992,
  "final_cost": NaN,
  "final_time": 0.0,
  "score": 33695.27919042992,
  "runtime_s": 1.0340595440939069,
  "iterations": 13
}