{
  "algorithm": "nsga2",
  "scorer": "distance",
  "cluster_id": 0,
  "final_distance": 32442.308957945665,
  "final_cost": 100000.0,
  "final_time": 32442.308957945665,
  "score": 32442.308957945665,
  "solving_time_s": 0.31659412384033203,
  "iterations": 8,
  "epoch": 0,
  "time_limit_per_cluster": 0.3
}