{
  "algorithm": "aco",
  "scorer": "distance",
  "cluster_id": 5,
  "final_distance": 18114.205069840187,
  "final_cost": 100000.0,
  "final_time": 18114.205069840187,
  "score": 18114.205069840187,
  "solving_time_s": 0.3089725971221924,
  "iterations": 28,
  "time_limit_per_cluster": 0.3
}