{
  "algorithm": "aco",
  "scorer": "distance",
  "cluster_id": 2,
  "final_distance": 6429.479472186104,
  "final_cost": 100000.0,
  "final_time": 6429.479472186104,
  "score": 6429.479472186104,
  "solving_time_s": 0.30024099349975586,
  "iterations": 106,
  "time_limit_per_cluster": 0.3
}