{
  "epoch": 46,
  "clusters": 1,
  "algorithm": "nsga2",
  "scorer": "distance",
  "sum_final_distance": 543.0,
  "sum_final_cost": 504246.0,
  "sum_final_time": 38.77828855093579,
  "epoch_runtime_s": 10.073062181472778,
  "total_cluster_solving_time_s": 10.060192823410034
}