{
  "algorithm": "nsga2",
  "scorer": "distance",
  "cluster_id": 0,
  "final_distance": 31676.31505993703,
  "final_cost": NaN,
  "final_time": 0.0,
  "score": 31676.31505993703,
  "runtime_s": 1.0422058808617294,
  "iterations": 11
}