iter,best,mean
1,32031.72765963673,44157.07073161814
2,32031.72765963673,34519.19244883363
3,31676.31505993703,33726.009151293765
4,31676.31505993703,33361.892142345394
5,31676.31505993703,33159.007658823764
6,31676.31505993703,32930.67828900653
7,31676.31505993703,32801.57363727621
8,31676.31505993703,32722.97022657675
9,31676.31505993703,32629.94493366989
10,31676.31505993703,32490.347489626285
11,31676.31505993703,32317.961044950243
