{
  "algorithm": "nsga2",
  "scorer": "distance",
  "cluster_id": 1,
  "final_distance": 47434.577741310175,
  "final_cost": NaN,
  "final_time": 0.0,
  "score": 47434.577741310175,
  "runtime_s": 1.0648009777069092,
  "iterations": 16
}