iter,best,mean,best_route_time,mean_route_time
0,19030.9401264722,23289.40455759463,19030.9401264722,23289.40455759463
0,19012.471545479544,21373.40911096096,19012.471545479544,21373.40911096096
0,19012.471545479544,20665.452344099096,19012.471545479544,20665.452344099096
0,19012.471545479544,20426.747086216714,19012.471545479544,20426.747086216714
0,18926.709855843725,20285.631319944645,18926.709855843725,20285.631319944645
0,18926.709855843725,20085.241940155414,18926.709855843725,20085.241940155414
0,18926.709855843725,19922.050514860137,18926.709855843725,19922.050514860137
0,18926.709855843725,19840.623647030425,18926.709855843725,19840.623647030425
0,18926.709855843725,19768.23210109006,18926.709855843725,19768.23210109006
