{
  "algorithm": "nsga2",
  "scorer": "distance",
  "cluster_id": 1,
  "final_distance": 22415.354153029075,
  "final_cost": NaN,
  "final_time": 0.0,
  "score": 22415.354153029075,
  "cluster_runtime_s": 1.0747253894805908,
  "iterations": 16,
  "epoch": 2
}