{
  "algorithm": "nsga2",
  "scorer": "distance",
  "cluster_id": 4,
  "final_distance": 16004.902940063082,
  "final_cost": NaN,
  "final_time": 0.0,
  "score": 16004.902940063082,
  "cluster_runtime_s": 0.3604910373687744,
  "iterations": 6,
  "epoch": 0
}