{
  "epoch": 33,
  "clusters": 1,
  "algorithm": "nsga2",
  "scorer": "distance",
  "sum_final_distance": 513.0,
  "sum_final_cost": 562632.0,
  "sum_final_time": 44.9867584487586,
  "epoch_runtime_s": 10.44953179359436,
  "total_cluster_runtime_s": 10.321122884750366
}