{
  "algorithm": "nsga2",
  "scorer": "distance",
  "cluster_id": 1,
  "final_distance": 22367.211520216115,
  "final_cost": NaN,
  "final_time": 0.0,
  "score": 22367.211520216115,
  "runtime_s": 5.085480498149991,
  "iterations": 65
}