iter,best,mean
0,13446.897730916657,19969.176207783203
1,13446.897730916657,15428.600002996534
2,13446.897730916657,13919.559761773506
3,13446.897730916657,13446.897730916655
4,13446.897730916657,13446.897730916655
5,13446.897730916657,13446.897730916655
