{
  "epoch": 19,
  "clusters": 1,
  "algorithm": "nsga2",
  "sum_final_distance": 2824.0,
  "sum_final_cost": 2303955.0,
  "sum_final_time": 204.4383811055325,
  "epoch_runtime_s": 10.428622007369995,
  "total_cluster_solving_time_s": 10.38718843460083
}