vehicle_id,vehicle_name,num_stops_including_depot,capacity_used,capacity_max,capacity_utilization,distance_m,initial_cost,distance_cost,route_cost,stops_by_id
1,Truck-01,80,246.0,10000.0,0.0246,298344.27745132474,75819.0,789.0,235469453.90909523,"[0, 1, 63, 4, 9, 37, 17, 20, 19, 36, 74, 34, 2, 29, 24, 39, 32, 25, 59, 18, 30, 71, 56, 58, 70, 12, 68, 27, 72, 60, 49, 45, 3, 54, 5, 48, 41, 57, 21, 50, 38, 55, 47, 75, 64, 51, 11, 52, 44, 73, 61, 28, 16, 69, 46, 23, 8, 26, 43, 15, 35, 6, 62, 31, 14, 78, 13, 66, 76, 53, 7, 77, 10, 22, 42, 33, 40, 65, 67, 0]"
