{
  "algorithm": "nsga2",
  "scorer": "distance",
  "cluster_id": 2,
  "final_distance": 27260.185106715122,
  "final_cost": NaN,
  "final_time": 0.0,
  "score": 27260.185106715122,
  "runtime_s": 1.0510671539232135,
  "iterations": 19
}