{
  "routes": [
    {
      "vehicle_id": 0,
      "vehicle_name": "Truck-01-c2",
      "capacity_used": 0.0,
      "capacity_max": 10000.0,
      "capacity_utilization": 0.0,
      "distance_m": 27260.185106715122,
      "time_s": 1805.2323559895985,
      "stops_by_id": [
        0,
        74,
        73,
        43,
        77,
        0
      ]
    }
  ]
}