{
  "algorithm": "ga",
  "scorer": "distance",
  "cluster_id": 0,
  "final_distance": 2789.0,
  "final_cost": 2276340.0,
  "final_time": 202.17203742347718,
  "score": 2789.0,
  "solving_time_s": 30.010430782000185,
  "iterations": 672
}