{
  "algorithm": "nsga2",
  "scorer": "distance",
  "cluster_id": 0,
  "final_distance": 2677.0,
  "final_cost": 2187972.0,
  "final_time": 193.39084381693297,
  "score": 2677.0,
  "solving_time_s": 30.033632683996984,
  "iterations": 154
}