{
  "algorithm": "nsga2",
  "scorer": "distance",
  "cluster_id": 0,
  "final_distance": 2850.0,
  "final_cost": 2324469.0,
  "final_time": 205.40536831222263,
  "score": 2850.0,
  "solving_time_s": 30.573418239015155,
  "iterations": 47
}