{
  "algorithm": "aco",
  "scorer": "distance",
  "cluster_id": 0,
  "final_distance": 2878.0,
  "final_cost": 2346561.0,
  "final_time": 207.43453029316584,
  "score": 2878.0,
  "solving_time_s": 30.028121028000896,
  "iterations": 192
}