iter,best,mean,best_route_time,mean_route_time
0,73539.19999999998,90506.712,7275.799999999999,8239.582
0,65169.9,80879.325,6620.2,7695.771
0,65169.9,76791.97,6620.2,7451.683000000001
0,64526.49999999999,73918.726,6620.2,7296.2480000000005
0,64391.2,71394.917,6620.2,7162.397
0,64063.099999999984,70111.99699999999,6618.900000000001,7084.4619999999995
0,64063.099999999984,69019.73599999999,6580.099999999999,7012.736999999999
0,64063.099999999984,67943.204,6580.099999999999,6952.305
