iter,best,mean
0,20479.69575684281,26293.913472017273
1,20479.69575684281,22924.832227059243
2,20479.69575684281,21905.509720578735
3,20479.69575684281,21314.436003326075
