vehicle_id,vehicle_name,num_stops_including_depot,capacity_used,capacity_max,capacity_utilization,distance_m,initial_cost,distance_cost,route_cost,stops_by_id
1,Truck-01,80,246.0,10000.0,0.0246,256653.17731446982,75819.0,789.0,202575175.9011167,"[0, 35, 15, 43, 26, 8, 23, 46, 69, 25, 67, 40, 32, 58, 56, 59, 18, 71, 30, 11, 16, 28, 61, 73, 44, 47, 52, 75, 21, 64, 57, 41, 48, 50, 55, 38, 5, 54, 3, 1, 45, 49, 60, 72, 27, 12, 68, 51, 70, 39, 29, 24, 2, 4, 63, 9, 37, 17, 20, 19, 34, 74, 36, 10, 22, 77, 7, 53, 76, 66, 13, 33, 42, 65, 78, 14, 31, 62, 6, 0]"
