iter,best,mean
0,9233.727355942008,10117.264359850024
1,9233.727355942008,9390.226698764556
2,9233.727355942008,9233.727355942012
3,9233.727355942008,9233.72735594201
4,9233.727355942008,9233.72735594201
