{
  "algorithm": "nsga2",
  "scorer": "distance",
  "cluster_id": 1,
  "final_distance": 27768.36189368915,
  "final_cost": NaN,
  "final_time": 0.0,
  "score": 27768.36189368915,
  "runtime_s": 5.02640188485384,
  "iterations": 62
}