{
  "algorithm": "aco",
  "scorer": "distance",
  "cluster_id": 3,
  "final_distance": 31563.375514949923,
  "final_cost": 100000.0,
  "final_time": 31563.375514949923,
  "score": 31563.375514949923,
  "solving_time_s": 0.300250768661499,
  "iterations": 35,
  "time_limit_per_cluster": 0.3
}