{
  "algorithm": "pso",
  "scorer": "distance",
  "cluster_id": 0,
  "final_distance": 593.0,
  "final_cost": 543696.0,
  "final_time": 42.80829086528668,
  "score": 593.0,
  "solving_time_s": 2.009206830058247,
  "iterations": 1
}