iter,best,mean,best_route_time,mean_route_time
1,593.0,1791.8933333333334,42.80829086528668,129.1191222957371
