{
  "algorithm": "aco",
  "cluster_id": 0,
  "final_distance": 558.0,
  "final_cost": 516081.0,
  "final_time": 40.268991848390016,
  "score": 558.0,
  "solving_time_s": 2.8160152435302734,
  "iterations": 140,
  "time_limit_per_cluster": 2.8
}