vehicle_id,vehicle_name,num_stops_including_depot,capacity_used,capacity_max,capacity_utilization,distance_m,initial_cost,distance_cost,route_cost,stops_by_id
1,Truck-01,80,246.0,10000.0,0.0246,253660.92620415887,75819.0,789.0,200214289.77508134,"[0, 26, 8, 23, 46, 69, 16, 11, 30, 71, 18, 59, 58, 56, 51, 2, 70, 60, 72, 27, 12, 68, 64, 21, 47, 75, 52, 28, 61, 73, 44, 55, 38, 50, 48, 41, 57, 49, 45, 1, 3, 54, 5, 63, 4, 9, 37, 17, 20, 19, 34, 24, 29, 74, 36, 10, 22, 77, 7, 53, 76, 66, 13, 42, 33, 32, 39, 40, 65, 67, 25, 6, 62, 31, 14, 78, 35, 15, 43, 0]"
