vehicle_id,vehicle_name,num_stops_including_depot,capacity_used,capacity_max,capacity_utilization,distance_m,initial_cost,distance_cost,route_cost,stops_by_id
1,Truck-01,80,246.0,10000.0,0.0246,287520.12265941314,75819.0,789.0,226929195.77827698,"[0, 11, 30, 18, 59, 71, 51, 56, 58, 68, 12, 27, 72, 60, 70, 39, 32, 40, 65, 67, 78, 14, 31, 15, 43, 35, 62, 25, 6, 26, 8, 23, 46, 69, 16, 73, 61, 28, 52, 47, 44, 38, 55, 50, 5, 54, 3, 41, 48, 21, 75, 64, 57, 49, 45, 1, 63, 4, 9, 37, 17, 20, 19, 34, 2, 24, 29, 74, 36, 10, 22, 42, 33, 13, 66, 76, 53, 7, 77, 0]"
