iter,best,mean,best_route_time,mean_route_time
1,2959.0,6045.55,213.18322579253854,434.4744467643062
2,2901.0,3335.34,207.2906494815848,239.75480795110127
