{
  "routes": [
    {
      "vehicle_id": 0,
      "vehicle_name": "Truck-01-c2",
      "capacity_used": 0.0,
      "capacity_max": 10000.0,
      "capacity_utilization": 0.0,
      "distance_m": 22546.6718807351,
      "time_s": 1641.9027327959561,
      "stops_by_id": [
        0,
        5,
        64,
        63,
        75,
        9,
        62,
        0
      ]
    }
  ]
}