iter,best,mean
0,27022.446124273072,34043.87598584247
1,26495.031952202367,28309.793866196043
2,26495.031952202367,27433.17046354671
3,26495.031952202367,27005.639651760786
4,26495.031952202367,26798.858933517226
