{
  "routes": [
    {
      "vehicle_id": 0,
      "vehicle_name": "Truck-01-c1",
      "capacity_used": 0.0,
      "capacity_max": 10000.0,
      "capacity_utilization": 0.0,
      "distance_m": 41685.92578767694,
      "time_s": 2895.9453108826424,
      "stops_by_id": [
        0,
        61,
        9,
        4,
        59,
        17,
        1,
        3,
        2,
        19,
        7,
        22,
        23,
        0
      ]
    }
  ]
}