iter,best,mean
0,20724.689245054313,25869.19920275873
1,20316.80352282828,22495.92983701221
2,20316.80352282828,21658.0869615395
3,20316.80352282828,21142.515976936218
