iter,best,mean
0,18109.406576894628,23662.17720180694
1,18109.406576894628,19019.32054568834
2,18109.406576894628,18248.278150034814
3,18109.406576894628,18157.45730820711
4,18109.406576894628,18109.406576894635
