{
  "routes": [
    {
      "vehicle_id": 0,
      "vehicle_name": "Truck-01-c3",
      "capacity_used": 0.0,
      "capacity_max": 10000.0,
      "capacity_utilization": 0.0,
      "distance_m": 10763.047902494425,
      "time_s": 781.9376822988115,
      "stops_by_id": [
        0,
        66,
        21,
        25,
        24,
        23,
        22,
        0
      ]
    }
  ]
}