{
  "algorithm": "ga",
  "scorer": "distance",
  "cluster_id": 4,
  "final_distance": 11217.570064791076,
  "final_cost": 100000.0,
  "final_time": 11217.570064791076,
  "score": 11217.570064791076,
  "solving_time_s": 0.3020474910736084,
  "iterations": 56,
  "time_limit_per_cluster": 0.3
}