{
  "algorithm": "nsga2",
  "scorer": "distance",
  "cluster_id": 0,
  "final_distance": 2663.0,
  "final_cost": 2176926.0,
  "final_time": 190.59829056893446,
  "score": 2663.0,
  "solving_time_s": 30.130526065826416,
  "iterations": 69,
  "epoch": 0
}