{
  "algorithm": "nsga2",
  "scorer": "distance",
  "cluster_id": 0,
  "final_distance": 2657.0,
  "final_cost": 2172192.0,
  "final_time": 190.33456636739191,
  "score": 2657.0,
  "solving_time_s": 30.022553205490112,
  "iterations": 29,
  "epoch": 0
}