iter,best,mean
0,26547.306669254212,34465.987812559295
1,26547.30666925421,29339.722011293168
2,26547.30666925421,27774.262112925473
3,26547.30666925421,26648.953611609162
4,26547.30666925421,26547.30666925421
