iter,best,mean,best_route_time,mean_route_time
0,48786.40000000001,61714.126,4574.700000000001,5204.321
0,48786.40000000001,57648.559,4550.099999999999,4982.321
0,48786.40000000001,56577.942,4431.4,4926.175
0,48786.40000000001,55535.109000000004,4431.4,4881.619
0,48786.40000000001,55281.263,4431.4,4874.955
0,48786.40000000001,54994.378,4431.4,4850.834
0,48786.40000000001,54877.28,4431.4,4845.571
0,48786.40000000001,54570.732,4431.4,4830.848999999999
