iter,best,mean
0,31373.9821794701,37502.45102952344
1,31373.9821794701,35007.63869255243
2,31373.9821794701,32419.37677210418
3,31373.9821794701,31373.98217947011
4,31373.9821794701,31373.98217947011
5,31373.9821794701,31373.98217947011
6,31373.9821794701,31373.98217947011
7,31373.9821794701,31373.98217947011
8,31373.9821794701,31373.98217947011
9,31373.9821794701,31373.98217947011
10,31373.9821794701,31373.98217947011
11,31373.9821794701,31373.98217947011
12,31373.9821794701,31373.98217947011
