{
  "algorithm": "nsga2",
  "scorer": "distance",
  "cluster_id": 0,
  "final_distance": 36718.067403640605,
  "final_cost": NaN,
  "final_time": 0.0,
  "score": 36718.067403640605,
  "cluster_runtime_s": 1.061732292175293,
  "iterations": 15,
  "epoch": 0
}