vehicle_id,vehicle_name,num_stops_including_depot,capacity_used,capacity_max,capacity_utilization,distance_m,initial_cost,distance_cost,route_cost,stops_by_id
1,Truck-01,80,246.0,10000.0,0.0246,288032.84087847185,75819.0,789.0,227333730.4531143,"[0, 7, 53, 77, 10, 36, 74, 29, 24, 2, 34, 19, 20, 17, 37, 9, 4, 63, 45, 1, 3, 54, 5, 41, 48, 50, 55, 38, 44, 73, 61, 28, 47, 21, 75, 52, 16, 11, 30, 71, 18, 59, 58, 56, 51, 68, 12, 64, 57, 49, 27, 72, 60, 70, 39, 32, 33, 42, 22, 76, 66, 13, 40, 65, 67, 14, 31, 62, 6, 25, 69, 46, 23, 8, 26, 43, 15, 35, 78, 0]"
