iter,best,mean
0,18109.406576894628,23527.150910964934
1,18109.406576894628,19109.079519629668
2,18109.406576894628,18198.071933442476
3,18109.406576894628,18109.406576894635
4,18109.406576894628,18109.40657689463
