{
  "epoch": 71,
  "clusters": 1,
  "algorithm": "nsga2",
  "scorer": "distance",
  "sum_final_distance": 538.0,
  "sum_final_cost": 500301.0,
  "sum_final_time": 38.26794049864674,
  "epoch_runtime_s": 10.32590389251709,
  "total_cluster_solving_time_s": 10.315317630767822
}