{
  "algorithm": "aco",
  "scorer": "distance",
  "cluster_id": 3,
  "final_distance": 36420.78345411146,
  "final_cost": 100000.0,
  "final_time": 36420.78345411146,
  "score": 36420.78345411146,
  "solving_time_s": 0.30463647842407227,
  "iterations": 39,
  "time_limit_per_cluster": 0.3
}