{
  "algorithm": "nsga2",
  "scorer": "distance",
  "cluster_id": 5,
  "final_distance": 20316.80352282828,
  "final_cost": NaN,
  "final_time": 0.0,
  "score": 20316.80352282828,
  "runtime_s": 5.048579256050289,
  "iterations": 69
}