{
  "algorithm": "ga",
  "scorer": "distance",
  "cluster_id": 6,
  "final_distance": 12135.957639223898,
  "final_cost": 100000.0,
  "final_time": 12135.957639223898,
  "score": 12135.957639223898,
  "solving_time_s": 0.30043959617614746,
  "iterations": 57,
  "time_limit_per_cluster": 0.3
}