iter,best,mean
0,22367.211520216115,30291.620260463107
1,22367.211520216115,24934.761838305145
2,22367.211520216115,23805.481324936478
3,22367.211520216115,23278.38824747252
4,22367.211520216115,22997.29207875949
5,22367.211520216115,22648.05506898213
6,22367.211520216115,22367.49249522347
7,22367.211520216115,22367.21152021611
8,22367.211520216115,22367.21152021611
9,22367.211520216115,22367.21152021611
10,22367.211520216115,22367.21152021611
11,22367.211520216115,22367.21152021611
