{
  "algorithm": "pso",
  "cluster_id": 0,
  "final_distance": 630.0,
  "final_cost": 572889.0,
  "final_time": 45.433775158602124,
  "score": 630.0,
  "solving_time_s": 2.8107383251190186,
  "iterations": 124,
  "time_limit_per_cluster": 2.8
}