iter,best,mean,best_route_time,mean_route_time
0,73539.19999999998,90506.712,7275.799999999999,8239.582
0,66330.5,83030.193,6798.800000000001,7840.526999999999
0,64384.100000000006,79841.723,6658.5,7675.8640000000005
0,64063.099999999984,76161.455,6618.900000000001,7443.708
0,64063.099999999984,74046.74,6618.900000000001,7330.812
0,64063.099999999984,72848.008,6580.099999999999,7247.163999999999
0,64063.099999999984,71262.358,6580.099999999999,7147.427
0,64063.099999999984,69937.01299999999,6580.099999999999,7065.815
