{
  "algorithm": "nsga2",
  "scorer": "distance",
  "cluster_id": 2,
  "final_distance": 4635.766588137945,
  "final_cost": NaN,
  "final_time": 0.0,
  "score": 4635.766588137945,
  "cluster_runtime_s": 1.0370187759399414,
  "iterations": 15,
  "epoch": 0
}