iter,best,mean
0,7180.908792175613,7180.908792175614
1,7180.908792175613,7180.908792175614
2,7180.908792175613,7180.908792175614
3,7180.908792175613,7180.908792175614
4,7180.908792175613,7180.908792175614
