{
  "algorithm": "aco",
  "scorer": "distance",
  "final_distance": 246544.4981606914,
  "final_cost": 194599428.0487855,
  "final_time": 17771.16411763304,
  "runtime_s": 14.40146422199905,
  "iterations": 350
}