vehicle_id,vehicle_name,num_stops_including_depot,capacity_used,capacity_max,capacity_utilization,distance_m,initial_cost,distance_cost,route_cost,stops_by_id
1,Truck-01,80,246.0,10000.0,0.0246,256895.57334904376,75819.0,789.0,202766426.37239552,"[0, 8, 26, 23, 46, 69, 16, 11, 30, 71, 51, 56, 58, 59, 18, 25, 6, 62, 31, 14, 78, 67, 65, 40, 32, 39, 70, 60, 72, 27, 68, 12, 49, 57, 41, 48, 50, 21, 64, 75, 47, 52, 28, 61, 73, 44, 55, 38, 5, 54, 3, 1, 45, 63, 4, 17, 37, 9, 2, 24, 29, 74, 36, 19, 20, 34, 10, 22, 77, 7, 53, 76, 66, 13, 33, 42, 35, 15, 43, 0]"
