vehicle_id,vehicle_name,num_stops_including_depot,capacity_used,capacity_max,capacity_utilization,distance_m,initial_cost,distance_cost,route_cost,stops_by_id
1,Truck-01,80,246.0,10000.0,0.0246,287051.4054026601,75819.0,789.0,226559377.8626988,"[0, 35, 15, 62, 6, 43, 26, 8, 23, 46, 69, 30, 11, 16, 73, 44, 61, 28, 52, 47, 75, 21, 64, 68, 12, 27, 72, 49, 57, 41, 48, 50, 55, 38, 5, 54, 3, 63, 1, 45, 60, 70, 2, 34, 19, 20, 4, 9, 37, 17, 10, 77, 7, 53, 76, 66, 13, 65, 78, 14, 31, 67, 40, 32, 33, 42, 22, 36, 74, 24, 29, 39, 25, 59, 18, 71, 51, 56, 58, 0]"
