{
  "algorithm": "nsga2",
  "scorer": "distance",
  "cluster_id": 5,
  "final_distance": 7139.776856776818,
  "final_cost": NaN,
  "final_time": 0.0,
  "score": 7139.776856776818,
  "runtime_s": 5.033960540313274,
  "iterations": 81
}