{
  "algorithm": "nsga2",
  "scorer": "distance",
  "cluster_id": 4,
  "final_distance": 8976.542361168584,
  "final_cost": NaN,
  "final_time": 0.0,
  "score": 8976.542361168584,
  "runtime_s": 5.019678233657032,
  "iterations": 91
}