{
  "algorithm": "nsga2",
  "cluster_id": 0,
  "final_distance": 549.0,
  "final_cost": 508980.0,
  "final_time": 38.82313874597627,
  "score": 549.0,
  "solving_time_s": 2.8234171867370605,
  "iterations": 36,
  "epoch": 0,
  "time_limit_per_cluster": 2.8
}