{
  "algorithm": "nsga2",
  "scorer": "distance",
  "cluster_id": 2,
  "final_distance": 27768.36189368915,
  "final_cost": NaN,
  "final_time": 0.0,
  "score": 27768.36189368915,
  "cluster_runtime_s": 0.3312845230102539,
  "iterations": 4,
  "epoch": 0
}