iter,best,mean
0,27768.36189368915,38815.230991315206
1,27768.36189368915,32278.384109236737
2,27768.36189368915,30724.808785040626
3,27768.36189368915,30163.924290359737
