{
  "algorithm": "ga",
  "scorer": "distance",
  "cluster_id": 1,
  "final_distance": 15390.37418836565,
  "final_cost": 100000.0,
  "final_time": 15390.37418836565,
  "score": 15390.37418836565,
  "solving_time_s": 0.30652856826782227,
  "iterations": 40,
  "time_limit_per_cluster": 0.3
}