{
  "algorithm": "nsga2",
  "scorer": "distance",
  "cluster_id": 0,
  "final_distance": 2638.0,
  "final_cost": 2157201.0,
  "final_time": 189.71212149666525,
  "score": 2638.0,
  "solving_time_s": 30.02670827199472,
  "iterations": 156
}