{
  "algorithm": "nsga2",
  "scorer": "distance",
  "cluster_id": 0,
  "final_distance": 2738.0,
  "final_cost": 2236101.0,
  "final_time": 197.86909708589792,
  "score": 2738.0,
  "solving_time_s": 30.552453626994975,
  "iterations": 48
}