iter,best,mean,best_route_time,mean_route_time
1,2828.0,5509.54,202.85877304312882,397.7245536448603
2,2760.0,3325.73,199.77765442663386,240.2901171662327
