iter,best,mean
0,20499.776609207136,29270.553296285485
1,20185.411924771663,24545.659540344976
2,20185.411924771663,23403.14392041387
3,20185.411924771663,22584.94265639541
4,20185.411924771663,21958.327306801504
5,20185.411924771663,21611.266811466114
6,20185.411924771663,21414.1250398642
7,20185.411924771663,21164.181872976922
8,20185.411924771663,20813.041044181075
9,20185.411924771663,20363.411223438332
10,20185.411924771663,20185.411924771666
11,20185.411924771663,20185.411924771666
