{
  "algorithm": "ga",
  "scorer": "distance",
  "cluster_id": 0,
  "final_distance": 2821.0,
  "final_cost": 2301588.0,
  "final_time": 203.248494724731,
  "score": 2821.0,
  "solving_time_s": 30.031072674006282,
  "iterations": 657
}