{
  "algorithm": "ga",
  "scorer": "distance",
  "cluster_id": 0,
  "final_distance": 3171.0,
  "final_cost": 2577738.0,
  "final_time": 227.60832595991636,
  "score": 3171.0,
  "solving_time_s": 30.51250693993643,
  "iterations": 26
}