iter,best,mean
0,45766.21761173732,59210.710923801715
1,44275.43922806176,50328.23762421612
2,44275.43922806176,48367.81509972703
3,44275.43922806176,47053.121184695156
4,44275.43922806176,46332.31314999794
