{
  "algorithm": "aco",
  "scorer": "distance",
  "cluster_id": 0,
  "final_distance": 3535.0,
  "final_cost": 2864934.0,
  "final_time": 254.58042240318963,
  "score": 3535.0,
  "solving_time_s": 30.111229876987636,
  "iterations": 63
}