{
  "algorithm": "aco",
  "scorer": "distance",
  "cluster_id": 0,
  "final_distance": 2969.0,
  "final_cost": 2418360.0,
  "final_time": 213.4174962992462,
  "score": 2969.0,
  "solving_time_s": 30.05138550599804,
  "iterations": 194
}