{
  "algorithm": "nsga2",
  "cluster_id": 0,
  "final_distance": 548.0,
  "final_cost": 508191.0,
  "final_time": 39.79781574649081,
  "score": 548.0,
  "solving_time_s": 2.8052785396575928,
  "iterations": 219,
  "time_limit_per_cluster": 2.8
}