vehicle_id,vehicle_name,num_stops_including_depot,capacity_used,capacity_max,capacity_utilization,distance_m,time_s,initial_cost,distance_cost,route_cost,stops_by_id
1,Truck-01,80,246.0,10000.0,0.0246,303384.03060663067,21441.88923483752,75819.0,789.0,239445819.1486316,"[0, 10, 36, 74, 34, 2, 24, 29, 39, 32, 42, 33, 22, 77, 7, 53, 76, 66, 13, 40, 65, 31, 14, 78, 67, 25, 6, 62, 35, 15, 43, 26, 8, 23, 69, 46, 16, 11, 30, 71, 18, 59, 58, 56, 51, 68, 70, 60, 72, 27, 12, 57, 41, 49, 45, 1, 4, 20, 19, 17, 37, 9, 63, 3, 54, 5, 38, 55, 50, 48, 21, 64, 75, 47, 52, 28, 61, 44, 73, 0]"
