iter,best,mean,best_route_time,mean_route_time
0,73539.19999999998,90506.712,7275.799999999999,8239.582
0,65169.9,80859.598,6620.2,7694.031
0,65169.9,77228.996,6620.2,7476.731
0,64248.799999999996,74238.304,6580.099999999999,7303.547999999999
0,64248.799999999996,72315.098,6580.099999999999,7212.812999999999
0,64248.799999999996,71084.865,6580.099999999999,7138.075
0,64198.39999999998,69807.299,6580.099999999999,7060.182
0,64063.099999999984,69081.739,6580.099999999999,7007.161
