{
  "routes": [
    {
      "vehicle_id": 0,
      "vehicle_name": "Truck-01-c3",
      "capacity_used": 0.0,
      "capacity_max": 10000.0,
      "capacity_utilization": 0.0,
      "distance_m": 34543.72578972172,
      "time_s": 2475.263747901957,
      "stops_by_id": [
        0,
        77,
        55,
        51,
        52,
        54,
        53,
        50,
        48,
        47,
        49,
        69,
        46,
        74,
        43,
        73,
        0
      ]
    }
  ]
}