{
  "routes": [
    {
      "vehicle_id": 0,
      "vehicle_name": "Truck-01-c3",
      "capacity_used": 0.0,
      "capacity_max": 10000.0,
      "capacity_utilization": 0.0,
      "distance_m": 14595.885340051693,
      "time_s": 1033.2898906953458,
      "stops_by_id": [
        0,
        23,
        22,
        7,
        19,
        2,
        3,
        1,
        0
      ]
    }
  ]
}