{
  "algorithm": "nsga2",
  "scorer": "distance",
  "cluster_id": 0,
  "final_distance": 28566.35190503018,
  "final_cost": NaN,
  "final_time": 0.0,
  "score": 28566.35190503018,
  "runtime_s": 5.050045667681843,
  "iterations": 77
}