iter,best,mean
0,21037.992848443755,29096.452868695425
1,20838.132294772193,23896.39986099033
2,20838.132294772193,23142.835361253834
3,20838.132294772193,22812.28178305189
