{
  "algorithm": "nsga2",
  "scorer": "distance",
  "cluster_id": 0,
  "final_distance": 2828.0,
  "final_cost": 2307111.0,
  "final_time": 204.34895852428917,
  "score": 2828.0,
  "solving_time_s": 37.64748525619507,
  "iterations": 3,
  "epoch": 0
}