{
  "algorithm": "nsga2",
  "scorer": "distance",
  "cluster_id": 0,
  "final_distance": 2663.0,
  "final_cost": 2176926.0,
  "final_time": 191.80229164094482,
  "score": 2663.0,
  "solving_time_s": 30.09219765663147,
  "iterations": 69,
  "epoch": 0
}