{
  "algorithm": "nsga2",
  "scorer": "distance",
  "cluster_id": 0,
  "final_distance": 2823.0,
  "final_cost": 2303166.0,
  "final_time": 203.20659874489326,
  "score": 2823.0,
  "solving_time_s": 30.61069679260254,
  "iterations": 29,
  "epoch": 0
}