iter,best,mean,best_route_time,mean_route_time
0,2828.0,5536.26,204.34895852428917,398.791765111157
1,2828.0,5536.26,204.34895852428917,398.791765111157
1,2828.0,3415.15,204.34895852428917,246.26229958745157
2,2828.0,3415.15,204.34895852428917,246.26229958745157
2,2828.0,3334.32,204.34895852428917,240.467941625427
3,2828.0,3334.32,204.34895852428917,240.467941625427
