iter,best,mean
0,11748.913479544375,14496.769531358115
1,11748.913479544375,13160.502610561653
2,11748.913479544375,12533.200864144033
3,11748.913479544375,11748.913479544372
4,11748.913479544375,11748.913479544372
5,11748.913479544375,11748.913479544372
