iter,best,mean
0,23940.417140746147,30844.30024961111
1,23940.417140746147,26390.57093052233
2,23896.738754887352,25469.191391484543
3,23896.738754887352,25038.12697290954
4,23892.447000098247,24645.859708472955
5,23892.447000098247,24404.70503823014
6,23892.447000098247,24192.992879306003
7,23892.447000098247,24059.294274545155
8,23892.447000098247,23981.5722978991
9,23892.447000098247,23939.30372232573
10,23892.447000098247,23938.866938467138
11,23892.447000098247,23938.866938467138
