{
  "epoch": 33,
  "clusters": 1,
  "algorithm": "nsga2",
  "scorer": "distance",
  "sum_final_distance": 545.0,
  "sum_final_cost": 505824.0,
  "sum_final_time": 39.007168381300815,
  "epoch_runtime_s": 10.224806308746338,
  "total_cluster_solving_time_s": 10.215734004974365
}