{
  "epoch": 94,
  "clusters": 1,
  "algorithm": "nsga2",
  "scorer": "distance",
  "sum_final_distance": 538.0,
  "sum_final_cost": 500301.0,
  "sum_final_time": 38.154491889026424,
  "epoch_runtime_s": 10.51810073852539,
  "total_cluster_solving_time_s": 10.508766412734985
}