{
  "algorithm": "nsga2",
  "scorer": "distance",
  "cluster_id": 0,
  "final_distance": 55483.35125647644,
  "final_cost": NaN,
  "final_time": 0.0,
  "score": 55483.35125647644,
  "runtime_s": 1.0493857339024544,
  "iterations": 13
}