{
  "epoch": 16,
  "clusters": 1,
  "algorithm": "nsga2",
  "sum_final_distance": 2798.0,
  "sum_final_cost": 2283441.0,
  "sum_final_time": 201.25379777439355,
  "epoch_runtime_s": 10.075604677200317,
  "total_cluster_solving_time_s": 10.034671545028687
}