{
  "algorithm": "nsga2",
  "scorer": "distance",
  "cluster_id": 3,
  "final_distance": 19460.10675825831,
  "final_cost": NaN,
  "final_time": 0.0,
  "score": 19460.10675825831,
  "cluster_runtime_s": 5.066619873046875,
  "iterations": 71,
  "epoch": 0
}