{
  "algorithm": "pso",
  "scorer": "distance",
  "cluster_id": 5,
  "final_distance": 10283.14015551938,
  "final_cost": 100000.0,
  "final_time": 10283.14015551938,
  "score": 10283.14015551938,
  "solving_time_s": 0.304119348526001,
  "iterations": 69,
  "time_limit_per_cluster": 0.3
}