{
  "algorithm": "nsga2",
  "cluster_id": 0,
  "final_distance": 2766.0,
  "final_cost": 2258193.0,
  "final_time": 200.1153738789143,
  "score": 2766.0,
  "solving_time_s": 10.429923057556152,
  "iterations": 19,
  "epoch": 42,
  "time_limit_per_cluster": 10.0
}