{
  "algorithm": "nsga2",
  "scorer": "distance",
  "cluster_id": 6,
  "final_distance": 6123.741447122346,
  "final_cost": NaN,
  "final_time": 0.0,
  "score": 6123.741447122346,
  "cluster_runtime_s": 1.0377678871154785,
  "iterations": 15,
  "epoch": 0
}