{
  "algorithm": "nsga2",
  "scorer": "distance",
  "cluster_id": 1,
  "final_distance": 45114.79186615803,
  "final_cost": NaN,
  "final_time": 0.0,
  "score": 45114.79186615803,
  "cluster_runtime_s": 1.065993070602417,
  "iterations": 12,
  "epoch": 0
}