{
  "routes": [
    {
      "vehicle_id": 0,
      "vehicle_name": "Truck-01-c1",
      "capacity_used": 0.0,
      "capacity_max": 10000.0,
      "capacity_utilization": 0.0,
      "distance_m": 45114.79186615803,
      "time_s": 3260.42323959172,
      "stops_by_id": [
        0,
        1,
        3,
        2,
        19,
        11,
        14,
        15,
        16,
        13,
        70,
        7,
        22,
        23,
        24,
        26,
        27,
        28,
        25,
        21,
        66,
        0
      ]
    }
  ]
}