iter,best,mean
0,9107.463984902673,10378.854819186578
1,9107.463984902673,9398.320542572934
2,9107.463984902673,9261.101731846253
3,9107.463984902673,9116.405988404278
4,9107.463984902673,9107.463984902673
5,9107.463984902673,9107.463984902673
