{
  "algorithm": "nsga2",
  "scorer": "distance",
  "cluster_id": 3,
  "final_distance": 18109.406576894628,
  "final_cost": NaN,
  "final_time": 0.0,
  "score": 18109.406576894628,
  "runtime_s": 1.0665914197452366,
  "iterations": 18
}