{
  "epoch": 97,
  "clusters": 1,
  "algorithm": "nsga2",
  "scorer": "distance",
  "sum_final_distance": 538.0,
  "sum_final_cost": 500301.0,
  "sum_final_time": 38.25986556250715,
  "epoch_runtime_s": 10.140158653259277,
  "total_cluster_solving_time_s": 10.130929946899414
}