{
  "algorithm": "nsga2",
  "cluster_id": 0,
  "final_distance": 2767.0,
  "final_cost": 2258982.0,
  "final_time": 200.1443723533307,
  "score": 2767.0,
  "solving_time_s": 10.348695278167725,
  "iterations": 24,
  "epoch": 54,
  "time_limit_per_cluster": 10.0
}