{
  "algorithm": "nsga2",
  "scorer": "distance",
  "cluster_id": 3,
  "final_distance": 19762.587581066004,
  "final_cost": NaN,
  "final_time": 0.0,
  "score": 19762.587581066004,
  "cluster_runtime_s": 1.100872278213501,
  "iterations": 12,
  "epoch": 0
}