{
  "algorithm": "pso",
  "scorer": "distance",
  "cluster_id": 0,
  "final_distance": 3220.0,
  "final_cost": 2616399.0,
  "final_time": 230.88188222628435,
  "score": 3220.0,
  "solving_time_s": 30.122355491002963,
  "iterations": 147
}