iter,best,mean,best_route_time,mean_route_time
1,2937.0,22045.35,211.82811733273044,1587.0009595556708
2,2937.0,18001.12,211.82811733273044,1296.8625424849702
3,2937.0,17146.79,211.82811733273044,1233.9772386430311
4,2937.0,16390.83,211.82811733273044,1180.5006550356984
