{
  "algorithm": "nsga2",
  "scorer": "distance",
  "cluster_id": 2,
  "final_distance": 19886.413804582753,
  "final_cost": NaN,
  "final_time": 0.0,
  "score": 19886.413804582753,
  "runtime_s": 1.0164567711763084,
  "iterations": 16
}