iter,best,mean
0,19078.93655377381,24492.8563677722
1,19030.96641312591,20395.101595101623
2,18926.735998528693,19692.109617307724
3,18926.735998528693,19379.30213275616
4,18926.735998528693,19200.696818963945
5,18926.735998528693,19121.237795448767
6,18926.735998528693,19111.448240350863
7,18926.735998528693,19088.409573344044
8,18926.735998528693,19053.26081999672
9,18926.735998528693,19022.440118723538
10,18926.735998528693,19009.058054700705
11,18926.735998528693,18997.091528381818
