{
  "epoch": 81,
  "clusters": 1,
  "algorithm": "nsga2",
  "scorer": "distance",
  "sum_final_distance": 539.0,
  "sum_final_cost": 501090.0,
  "sum_final_time": 38.28775649539221,
  "epoch_runtime_s": 10.638819694519043,
  "total_cluster_solving_time_s": 10.625667810440063
}