{
  "algorithm": "nsga2",
  "cluster_id": 0,
  "final_distance": 64484.499999999985,
  "final_cost": 100000.0,
  "final_time": 6452.4,
  "score": 64484.499999999985,
  "solving_time_s": 0.4109530448913574,
  "iterations": 26,
  "epoch": 0,
  "time_limit_per_cluster": 0.39999999999999997
}