iter,best,mean
0,12436.86391595169,17040.11164432068
1,12436.86391595169,13862.738282393282
2,12436.86391595169,13043.440638815611
3,12436.86391595169,12706.48929505732
4,12436.86391595169,12512.57396116919
5,12436.86391595169,12476.826616135286
6,12436.86391595169,12436.86391595169
7,12436.86391595169,12436.86391595169
8,12436.86391595169,12436.86391595169
9,12436.86391595169,12436.86391595169
10,12436.86391595169,12436.86391595169
11,12436.86391595169,12436.86391595169
