{
  "algorithm": "ga",
  "scorer": "distance",
  "cluster_id": 5,
  "final_distance": 6123.732988662079,
  "final_cost": 100000.0,
  "final_time": 6123.732988662079,
  "score": 6123.732988662079,
  "solving_time_s": 0.3044624328613281,
  "iterations": 66,
  "time_limit_per_cluster": 0.3
}