iter,best,mean,best_route_time,mean_route_time
0,73539.19999999998,90506.712,7275.799999999999,8239.582
0,65990.4,83895.17,6951.200000000001,7889.21
0,65983.59999999999,79153.177,6917.0,7645.953999999999
0,64391.2,75668.973,6634.3,7432.29
0,64384.100000000006,72999.185,6634.3,7269.491999999999
0,64384.100000000006,70685.601,6634.3,7130.978999999999
0,64384.100000000006,69558.541,6634.3,7053.777999999999
0,64384.100000000006,68636.488,6634.3,6995.722
