{
  "algorithm": "nsga2",
  "scorer": "distance",
  "cluster_id": 2,
  "final_distance": 19038.804213964897,
  "final_cost": 100000.0,
  "final_time": 19038.804213964897,
  "score": 19038.804213964897,
  "solving_time_s": 0.32175302505493164,
  "iterations": 9,
  "epoch": 0,
  "time_limit_per_cluster": 0.3
}