iter,best,mean,best_route_time,mean_route_time
0,19124.56590360072,23417.251052651627,19124.56590360072,23417.251052651627
0,19038.8042139649,21539.987743284342,19038.8042139649,21539.987743284342
0,19038.8042139649,20680.26477213589,19038.8042139649,20680.26477213589
0,19038.8042139649,20245.64358175591,19038.8042139649,20245.64358175591
0,19038.804213964897,20112.091801170387,19038.804213964897,20112.091801170387
0,19038.804213964897,20036.75162025309,19038.804213964897,20036.75162025309
0,19038.804213964897,19952.48719681681,19038.804213964897,19952.48719681681
0,19038.804213964897,19861.397114617313,19038.804213964897,19861.397114617313
0,19038.804213964897,19736.0797386738,19038.804213964897,19736.0797386738
