{
  "algorithm": "nsga2",
  "cluster_id": 0,
  "final_distance": 2698.0,
  "final_cost": 2204541.0,
  "final_time": 194.4938536743091,
  "score": 2698.0,
  "solving_time_s": 10.334227561950684,
  "iterations": 19,
  "epoch": 47,
  "time_limit_per_cluster": 10.0
}