,mean,std,min,max,count
GA,372393.73044887756,27517.17992903848,319047.2041613796,439529.5174401718,30.0
PSO,594009.9084029465,77203.72467330362,361605.070530657,771173.5820678705,30.0
ACO,277311.2196551624,13690.077072783934,250954.04577487896,303078.81359468075,30.0
