{
  "GA_vs_PSO": {
    "t_statistic": -7.807289872347273,
    "p_value": 4.518955402085616e-06,
    "cohen_d": -3.4915261749228312,
    "hedges_g": -3.343996899926092
  },
  "GA_vs_ACO": {
    "t_statistic": -0.2172556707935743,
    "p_value": 0.8306043016892503,
    "cohen_d": -0.09715968967834956,
    "hedges_g": -0.09305435067785593
  },
  "GA_vs_NSGA2": {
    "t_statistic": 1.6971319847082451,
    "p_value": 0.10985734749489341,
    "cohen_d": 0.758980496919354,
    "hedges_g": 0.7269108984579729
  },
  "PSO_vs_ACO": {
    "t_statistic": 7.945620697485332,
    "p_value": 7.322419932795162e-06,
    "cohen_d": 3.553389600601299,
    "hedges_g": 3.403246378040681
  },
  "PSO_vs_NSGA2": {
    "t_statistic": 9.005136409018846,
    "p_value": 3.2890800821299585e-06,
    "cohen_d": 4.027219431444897,
    "hedges_g": 3.8570552301162397
  },
  "ACO_vs_NSGA2": {
    "t_statistic": 2.27792903212202,
    "p_value": 0.03561101510987913,
    "cohen_d": 1.0187208327490278,
    "hedges_g": 0.9756762905201957
  }
}