{
  "GA_vs_PSO": {
    "t_statistic": -12.99839195519303,
    "p_value": 2.3225795332305432e-15,
    "cohen_d": -3.356170371329271,
    "hedges_g": -3.3125837431301894
  },
  "GA_vs_ACO": {
    "t_statistic": -2.313754410497387,
    "p_value": 0.02438058975841518,
    "cohen_d": -0.5974088199380225,
    "hedges_g": -0.5896502638349314
  },
  "PSO_vs_ACO": {
    "t_statistic": 12.191814158316664,
    "p_value": 4.7207308206133135e-14,
    "cohen_d": 3.1479128796810825,
    "hedges_g": 3.107030894230679
  }
}