{
  "GA_vs_PSO": {
    "t_statistic": -6.717848126198046,
    "p_value": 2.0753047051149034e-05,
    "cohen_d": -3.0043130145396835,
    "hedges_g": -2.8773702111084294
  },
  "GA_vs_ACO": {
    "t_statistic": 0.08457461816798548,
    "p_value": 0.9335649377408191,
    "cohen_d": 0.03782291907894085,
    "hedges_g": 0.03622476756856307
  },
  "GA_vs_NSGA2": {
    "t_statistic": 2.3322467250240697,
    "p_value": 0.03307017337995302,
    "cohen_d": 1.043012443491016,
    "hedges_g": 0.9989414951744943
  },
  "PSO_vs_ACO": {
    "t_statistic": 6.924398993791617,
    "p_value": 2.3400335865224382e-05,
    "cohen_d": 3.096685370689841,
    "hedges_g": 2.9658395099564676
  },
  "PSO_vs_NSGA2": {
    "t_statistic": 8.139459555857373,
    "p_value": 7.425770900063982e-06,
    "cohen_d": 3.6400769734014666,
    "hedges_g": 3.4862709041028133
  },
  "ACO_vs_NSGA2": {
    "t_statistic": 2.524760063381762,
    "p_value": 0.02152820053405416,
    "cohen_d": 1.1291070257196596,
    "hedges_g": 1.0813982781540403
  }
}