{
  "GA_vs_PSO": {
    "t_statistic": -14.56106219016235,
    "p_value": 4.984508387744602e-21
  },
  "GA_vs_ACO": {
    "t_statistic": 16.6599076228988,
    "p_value": 8.92110919577853e-24
  },
  "PSO_vs_ACO": {
    "t_statistic": 21.751250109115425,
    "p_value": 1.4173619006853175e-29
  }
}