{
  "epoch": 55,
  "clusters": 1,
  "algorithm": "nsga2",
  "sum_final_distance": 2771.0,
  "sum_final_cost": 2262138.0,
  "sum_final_time": 200.7601056264125,
  "epoch_runtime_s": 10.427574157714844,
  "total_cluster_solving_time_s": 10.37455439567566
}