{
  "routes": [
    {
      "vehicle_id": 0,
      "vehicle_name": "Truck-01-c1",
      "capacity_used": 0.0,
      "capacity_max": 10000.0,
      "capacity_utilization": 0.0,
      "distance_m": 37932.82764333498,
      "time_s": 2721.136025577195,
      "stops_by_id": [
        0,
        16,
        15,
        14,
        13,
        70,
        11,
        10,
        7,
        19,
        2,
        3,
        17,
        1,
        23,
        22,
        0
      ]
    }
  ]
}