iter,best,mean
0,19038.830511481152,24782.378157981122
1,18926.735998528697,20375.38686899829
2,18926.735998528693,19642.69540705805
3,18926.735998528693,19363.05813573951
4,18926.735998528693,19142.252785270313
5,18926.735998528693,19067.75919786737
6,18926.735998528693,19017.15651627402
7,18926.735998528693,18980.904321584465
8,18926.735998528693,18941.346692437
9,18926.735998528693,18926.735998528693
10,18926.735998528693,18926.735998528693
11,18926.735998528693,18926.735998528693
