{
  "algorithm": "pso",
  "scorer": "distance",
  "cluster_id": 5,
  "final_distance": 9280.045734348338,
  "final_cost": 100000.0,
  "final_time": 9280.045734348338,
  "score": 9280.045734348338,
  "solving_time_s": 0.30115222930908203,
  "iterations": 155,
  "time_limit_per_cluster": 0.3
}