{
  "algorithm": "nsga2",
  "scorer": "distance",
  "cluster_id": 1,
  "final_distance": 20367.573111000074,
  "final_cost": 100000.0,
  "final_time": 20367.573111000074,
  "score": 20367.573111000074,
  "solving_time_s": 0.31620144844055176,
  "iterations": 13,
  "time_limit_per_cluster": 0.3
}