{
  "algorithm": "nsga2",
  "scorer": "distance",
  "cluster_id": 1,
  "final_distance": 27698.300136449245,
  "final_cost": NaN,
  "final_time": 0.0,
  "score": 27698.300136449245,
  "runtime_s": 5.02792742010206,
  "iterations": 77
}