{
  "routes": [
    {
      "vehicle_id": 0,
      "vehicle_name": "Truck-01-c3",
      "capacity_used": 0.0,
      "capacity_max": 10000.0,
      "capacity_utilization": 0.0,
      "distance_m": 16782.442999089915,
      "time_s": 1246.4362563051975,
      "stops_by_id": [
        0,
        44,
        45,
        38,
        39,
        40,
        0
      ]
    }
  ]
}