{
  "algorithm": "nsga2",
  "scorer": "distance",
  "cluster_id": 2,
  "final_distance": 15859.387271008414,
  "final_cost": NaN,
  "final_time": 0.0,
  "score": 15859.387271008414,
  "runtime_s": 5.026637337170541,
  "iterations": 87
}