iter,best,mean,best_route_time,mean_route_time
0,73539.19999999998,90506.712,7275.799999999999,8239.582
0,64384.100000000006,82978.583,6658.5,7834.236
0,64384.100000000006,78604.139,6658.5,7594.227
0,64063.099999999984,74354.12599999999,6618.900000000001,7333.844
0,64063.099999999984,72030.925,6580.099999999999,7184.38
0,64063.099999999984,70555.333,6580.099999999999,7090.92
0,64063.099999999984,69614.68199999999,6580.099999999999,7042.526999999999
0,64063.099999999984,68336.53199999999,6580.099999999999,6972.392
