{
  "epoch": 75,
  "clusters": 1,
  "algorithm": "nsga2",
  "scorer": "distance",
  "sum_final_distance": 549.0,
  "sum_final_cost": 508980.0,
  "sum_final_time": 39.19304237201787,
  "epoch_runtime_s": 10.333440065383911,
  "total_cluster_solving_time_s": 10.322776556015015
}