{
  "algorithm": "nsga2",
  "scorer": "distance",
  "cluster_id": 0,
  "final_distance": 32596.71175240232,
  "final_cost": NaN,
  "final_time": 0.0,
  "score": 32596.71175240232,
  "cluster_runtime_s": 0.3160359859466553,
  "iterations": 3,
  "epoch": 0
}