{
  "algorithm": "ga",
  "scorer": "distance",
  "final_score": 244603.16870881215,
  "final_cost": 193067719.11125278,
  "runtime_s": 11.506959400954656,
  "iterations": 1000
}