vehicle_id,vehicle_name,num_stops_including_depot,capacity_used,capacity_max,capacity_utilization,distance_m,initial_cost,distance_cost,route_cost,stops_by_id
1,Truck-01,80,246.0,10000.0,0.0246,244603.16870881215,75819.0,789.0,193067719.11125278,"[0, 26, 8, 23, 46, 69, 30, 71, 11, 16, 28, 61, 73, 44, 55, 38, 5, 54, 3, 1, 45, 63, 9, 37, 17, 4, 20, 19, 34, 74, 36, 10, 22, 77, 7, 53, 76, 66, 13, 33, 42, 32, 39, 29, 24, 2, 60, 70, 72, 27, 68, 12, 49, 57, 41, 48, 50, 21, 64, 75, 47, 52, 51, 56, 58, 59, 18, 25, 67, 40, 65, 78, 14, 31, 62, 6, 35, 15, 43, 0]"
