iter,best,mean
0,6387.881784169009,8814.4738873977
1,6387.881784169009,7195.478463920769
2,6387.881784169009,6608.050965851446
3,6387.881784169009,6387.881784169009
4,6387.881784169009,6387.881784169009
5,6387.881784169009,6387.881784169009
