{
  "epoch": 11,
  "clusters": 1,
  "algorithm": "nsga2",
  "sum_final_distance": 2862.0,
  "sum_final_cost": 2333937.0,
  "sum_final_time": 205.15512523720182,
  "epoch_runtime_s": 10.062697410583496,
  "total_cluster_solving_time_s": 10.021229028701782
}