{
  "algorithm": "nsga2",
  "scorer": "distance",
  "cluster_id": 0,
  "final_distance": 18109.406576894628,
  "final_cost": NaN,
  "final_time": 0.0,
  "score": 18109.406576894628,
  "cluster_runtime_s": 1.0389177799224854,
  "iterations": 16,
  "epoch": 0
}