{
  "algorithm": "nsga2",
  "scorer": "distance",
  "cluster_id": 4,
  "final_distance": 9280.058552493376,
  "final_cost": NaN,
  "final_time": 0.0,
  "score": 9280.058552493376,
  "cluster_runtime_s": 0.35957860946655273,
  "iterations": 6,
  "epoch": 0
}