iter,best,mean
0,9280.058552493376,10257.542980603768
1,9280.058552493376,9569.587758830668
2,9280.058552493376,9340.082080045018
3,9280.058552493376,9295.149128550147
4,9280.058552493376,9280.058552493376
5,9280.058552493376,9280.058552493376
