{
  "algorithm": "aco",
  "scorer": "distance",
  "cluster_id": 0,
  "final_distance": 2933.0,
  "final_cost": 2389956.0,
  "final_time": 211.73135646843693,
  "score": 2933.0,
  "solving_time_s": 30.073414825994405,
  "iterations": 193
}