{
  "routes": [
    {
      "vehicle_id": 0,
      "vehicle_name": "Truck-01-c5",
      "capacity_used": 0.0,
      "capacity_max": 10000.0,
      "capacity_utilization": 0.0,
      "distance_m": 44074.7256659578,
      "time_s": 3245.493228626494,
      "stops_by_id": [
        0,
        74,
        46,
        56,
        49,
        47,
        48,
        50,
        69,
        54,
        51,
        55,
        52,
        53,
        42,
        41,
        57,
        40,
        45,
        44,
        77,
        43,
        73,
        0
      ]
    }
  ]
}