{
  "algorithm": "nsga2",
  "scorer": "distance",
  "cluster_id": 2,
  "final_distance": 18192.533509219014,
  "final_cost": NaN,
  "final_time": 0.0,
  "score": 18192.533509219014,
  "cluster_runtime_s": 5.0455522537231445,
  "iterations": 71,
  "epoch": 0
}