{
  "algorithm": "nsga2",
  "scorer": "distance",
  "cluster_id": 3,
  "final_distance": 20367.601243890364,
  "final_cost": NaN,
  "final_time": 0.0,
  "score": 20367.601243890364,
  "runtime_s": 5.034524786751717,
  "iterations": 65
}