{
  "epoch": 3,
  "clusters": 1,
  "algorithm": "nsga2",
  "scorer": "distance",
  "sum_final_distance": 547.0,
  "sum_final_cost": 507402.0,
  "sum_final_time": 38.94870685755687,
  "epoch_runtime_s": 10.39140248298645,
  "total_cluster_solving_time_s": 10.381831169128418
}