{
  "algorithm": "nsga2",
  "scorer": "distance",
  "cluster_id": 5,
  "final_distance": 18335.741903274342,
  "final_cost": NaN,
  "final_time": 0.0,
  "score": 18335.741903274342,
  "cluster_runtime_s": 1.0146958827972412,
  "iterations": 15,
  "epoch": 0
}