{
  "algorithm": "nsga2",
  "scorer": "distance",
  "cluster_id": 2,
  "final_distance": 18192.533509219014,
  "final_cost": NaN,
  "final_time": 0.0,
  "score": 18192.533509219014,
  "runtime_s": 5.016210340894759,
  "iterations": 83
}