{
  "algorithm": "nsga2",
  "scorer": "distance",
  "cluster_id": 4,
  "final_distance": 11547.88858928085,
  "final_cost": NaN,
  "final_time": 0.0,
  "score": 11547.88858928085,
  "cluster_runtime_s": 0.33960795402526855,
  "iterations": 5,
  "epoch": 0
}