iter,best,mean
0,11547.88858928085,15398.458586434612
1,11547.88858928085,12616.380577532276
2,11547.88858928085,11547.888589280848
3,11547.88858928085,11547.888589280848
4,11547.88858928085,11547.888589280848
