{
  "algorithm": "nsga2",
  "scorer": "distance",
  "cluster_id": 1,
  "final_distance": 48681.07370751355,
  "final_cost": NaN,
  "final_time": 0.0,
  "score": 48681.07370751355,
  "runtime_s": 1.0456738150678575,
  "iterations": 14
}