{
  "routes": [
    {
      "vehicle_id": 0,
      "vehicle_name": "Truck-01-c1",
      "capacity_used": 0.0,
      "capacity_max": 10000.0,
      "capacity_utilization": 0.0,
      "distance_m": 78278.26425833623,
      "time_s": 5742.179440680575,
      "stops_by_id": [
        0,
        12,
        18,
        67,
        60,
        59,
        65,
        10,
        11,
        14,
        15,
        16,
        13,
        70,
        7,
        19,
        2,
        3,
        1,
        17,
        4,
        61,
        76,
        0
      ]
    }
  ]
}