{
  "algorithm": "pso",
  "scorer": "distance",
  "cluster_id": 0,
  "final_distance": 3372.0,
  "final_cost": 2736327.0,
  "final_time": 242.23232746709306,
  "score": 3372.0,
  "solving_time_s": 30.01539760099695,
  "iterations": 146
}