iter,best,mean,best_route_time,mean_route_time
1,2937.0,21902.66,210.8272667166521,1576.688744784479
2,2937.0,17982.18,210.8272667166521,1293.5329566647167
3,2937.0,17104.03,210.8272667166521,1231.001843877643
4,2937.0,16493.48,210.8272667166521,1186.9388902707149
