{
  "algorithm": "aco",
  "scorer": "distance",
  "cluster_id": 3,
  "final_distance": 4635.760184953267,
  "final_cost": 100000.0,
  "final_time": 4635.760184953267,
  "score": 4635.760184953267,
  "solving_time_s": 0.30111122131347656,
  "iterations": 225,
  "time_limit_per_cluster": 0.3
}