{
  "algorithm": "nsga2",
  "scorer": "distance",
  "cluster_id": 3,
  "final_distance": 18986.796105321762,
  "final_cost": NaN,
  "final_time": 0.0,
  "score": 18986.796105321762,
  "cluster_runtime_s": 1.0033395290374756,
  "iterations": 13,
  "epoch": 0
}