{
  "algorithm": "ga",
  "scorer": "distance",
  "cluster_id": 0,
  "final_distance": 652.0,
  "final_cost": 590247.0,
  "final_time": 47.58831321684046,
  "score": 652.0,
  "solving_time_s": 2.0319787450134754,
  "iterations": 37
}