{
  "epoch": 20,
  "clusters": 1,
  "algorithm": "nsga2",
  "sum_final_distance": 2694.0,
  "sum_final_cost": 2201385.0,
  "sum_final_time": 194.5605789635051,
  "epoch_runtime_s": 10.213443756103516,
  "total_cluster_solving_time_s": 10.170143842697144
}