{
  "algorithm": "nsga2",
  "scorer": "distance",
  "cluster_id": 0,
  "final_distance": 34473.620735109056,
  "final_cost": NaN,
  "final_time": 0.0,
  "score": 34473.620735109056,
  "cluster_runtime_s": 1.0144851207733154,
  "iterations": 10,
  "epoch": 0
}