{
  "algorithm": "nsga2",
  "scorer": "distance",
  "cluster_id": 0,
  "final_distance": 2722.0,
  "final_cost": 2223477.0,
  "final_time": 196.21992234158407,
  "score": 2722.0,
  "solving_time_s": 30.482056632987224,
  "iterations": 48
}