iter,best,mean,best_route_time,mean_route_time
0,20031.20493224983,25088.808276844666,20031.20493224983,25088.808276844666
0,20031.20493224983,23544.462807162898,20031.20493224983,23544.462807162898
0,20031.20493224983,22835.356262983012,20031.20493224983,22835.356262983012
0,20031.20493224983,22456.958275379326,20031.20493224983,22456.958275379326
0,20031.20493224983,22293.595406417924,20031.20493224983,22293.595406417924
0,20031.20493224983,22173.991291845003,20031.20493224983,22173.991291845003
