{
  "algorithm": "nsga2",
  "scorer": "distance",
  "cluster_id": 0,
  "final_distance": 2807.0,
  "final_cost": 2290542.0,
  "final_time": 203.07096979537923,
  "score": 2807.0,
  "solving_time_s": 30.027249418999418,
  "iterations": 151
}