{
  "algorithm": "aco",
  "scorer": "distance",
  "cluster_id": 5,
  "final_distance": 10314.099219080968,
  "final_cost": 100000.0,
  "final_time": 10314.099219080968,
  "score": 10314.099219080968,
  "solving_time_s": 0.3045775890350342,
  "iterations": 35,
  "time_limit_per_cluster": 0.3
}