{
  "algorithm": "nsga2",
  "cluster_id": 0,
  "final_distance": 550.0,
  "final_cost": 509769.0,
  "final_time": 39.58346475822881,
  "score": 550.0,
  "solving_time_s": 2.8326704502105713,
  "iterations": 38,
  "epoch": 0,
  "time_limit_per_cluster": 2.8
}