vehicle_id,vehicle_name,num_stops_including_depot,capacity_used,capacity_max,capacity_utilization,distance_m,initial_cost,distance_cost,route_cost,stops_by_id
1,Truck-01,80,246.0,10000.0,0.0246,276582.2431655985,75819.0,789.0,218299208.8576572,"[0, 8, 26, 23, 6, 62, 43, 15, 35, 31, 14, 78, 65, 40, 13, 66, 76, 53, 7, 77, 10, 22, 42, 33, 32, 39, 59, 18, 71, 51, 56, 58, 70, 60, 72, 27, 68, 12, 57, 49, 45, 2, 24, 29, 74, 36, 34, 19, 20, 17, 37, 9, 4, 63, 1, 5, 54, 3, 41, 48, 50, 38, 55, 21, 64, 75, 47, 52, 28, 44, 73, 61, 16, 11, 30, 69, 46, 25, 67, 0]"
