{
  "algorithm": "nsga2",
  "scorer": "distance",
  "cluster_id": 5,
  "final_distance": 9602.07143159127,
  "final_cost": NaN,
  "final_time": 0.0,
  "score": 9602.07143159127,
  "runtime_s": 1.0749074802733958,
  "iterations": 15
}