{
  "algorithm": "nsga2",
  "scorer": "distance",
  "cluster_id": 1,
  "final_distance": 26495.031952202367,
  "final_cost": NaN,
  "final_time": 0.0,
  "score": 26495.031952202367,
  "cluster_runtime_s": 0.3085651397705078,
  "iterations": 5,
  "epoch": 0
}