{
  "algorithm": "aco",
  "scorer": "distance",
  "cluster_id": 0,
  "final_distance": 3560.0,
  "final_cost": 2884659.0,
  "final_time": 257.61347014465156,
  "score": 3560.0,
  "solving_time_s": 30.203522945055738,
  "iterations": 64
}