{
  "algorithm": "aco",
  "scorer": "distance",
  "cluster_id": 0,
  "final_distance": 2812.0,
  "final_cost": 2294487.0,
  "final_time": 204.7219270081221,
  "score": 2812.0,
  "solving_time_s": 30.12646428199514,
  "iterations": 193
}