{
  "algorithm": "pso",
  "scorer": "distance",
  "cluster_id": 0,
  "final_distance": 3286.0,
  "final_cost": 2668473.0,
  "final_time": 236.3242190280023,
  "score": 3286.0,
  "solving_time_s": 30.020577966002747,
  "iterations": 148
}