iter,best,mean,best_route_time,mean_route_time
1,2937.0,22126.59,209.87612785083084,1591.7127239649396
2,2937.0,17874.56,209.87612785083084,1287.1373613959677
3,2937.0,17068.82,209.87612785083084,1229.8127004871599
4,2937.0,16374.29,209.87612785083084,1179.260194935964
