{
  "algorithm": "nsga2",
  "scorer": "distance",
  "cluster_id": 0,
  "final_distance": 18003.63101273378,
  "final_cost": NaN,
  "final_time": 0.0,
  "score": 18003.63101273378,
  "cluster_runtime_s": 5.044152736663818,
  "iterations": 68,
  "epoch": 0
}