vehicle_id,vehicle_name,num_stops_including_depot,capacity_used,capacity_max,capacity_utilization,distance_m,time_s,initial_cost,distance_cost,route_cost,stops_by_id
1,Truck-01,80,246.0,10000.0,0.0246,303221.61783823447,21605.216714571736,75819.0,789.0,239317675.474367,"[0, 43, 35, 15, 78, 14, 31, 62, 6, 25, 59, 51, 71, 18, 30, 11, 16, 52, 28, 47, 75, 21, 64, 12, 49, 3, 5, 54, 63, 9, 37, 17, 19, 34, 29, 36, 10, 22, 77, 42, 33, 53, 7, 76, 66, 13, 40, 65, 67, 32, 74, 39, 24, 2, 20, 4, 45, 1, 72, 27, 60, 70, 58, 56, 68, 57, 50, 41, 48, 38, 55, 44, 61, 73, 69, 23, 46, 8, 26, 0]"
