{
  "algorithm": "ga",
  "scorer": "distance",
  "final_score": 248887.88336605986,
  "final_cost": 196448358.97582123,
  "runtime_s": 11.533034157997463,
  "iterations": 1000
}