vehicle_id,vehicle_name,num_stops_including_depot,capacity_used,capacity_max,capacity_utilization,distance_m,initial_cost,distance_cost,route_cost,stops_by_id
1,Truck-01,80,246.0,10000.0,0.0246,248887.88336605986,75819.0,789.0,196448358.97582123,"[0, 26, 8, 23, 46, 69, 30, 71, 18, 59, 58, 56, 51, 68, 12, 57, 64, 21, 75, 47, 52, 11, 16, 28, 61, 73, 44, 38, 55, 50, 48, 41, 5, 54, 3, 49, 45, 1, 63, 9, 37, 17, 4, 20, 19, 36, 74, 29, 24, 34, 2, 60, 72, 27, 70, 39, 32, 33, 42, 22, 10, 77, 7, 53, 76, 66, 13, 78, 14, 67, 65, 40, 25, 6, 62, 31, 35, 15, 43, 0]"
