{
  "algorithm": "nsga2",
  "scorer": "distance",
  "cluster_id": 6,
  "final_distance": 13206.394204101336,
  "final_cost": NaN,
  "final_time": 0.0,
  "score": 13206.394204101336,
  "cluster_runtime_s": 0.3538627624511719,
  "iterations": 5,
  "epoch": 0
}