{
  "routes": [
    {
      "vehicle_id": 0,
      "vehicle_name": "Truck-01-c6",
      "capacity_used": 0.0,
      "capacity_max": 10000.0,
      "capacity_utilization": 0.0,
      "distance_m": 30308.96758852821,
      "time_s": 2222.8945840622455,
      "stops_by_id": [
        0,
        46,
        55,
        51,
        52,
        54,
        69,
        53,
        50,
        48,
        47,
        49,
        56,
        64,
        62,
        75,
        63,
        0
      ]
    }
  ]
}