{
  "algorithm": "ga",
  "scorer": "distance",
  "final_distance": 263499.62912078004,
  "final_cost": 207977026.37629545,
  "final_time": 19048.56018422703,
  "runtime_s": 11.524385900935158,
  "iterations": 1000
}