{
  "algorithm": "nsga2",
  "scorer": "distance",
  "cluster_id": 6,
  "final_distance": 11748.913479544375,
  "final_cost": NaN,
  "final_time": 0.0,
  "score": 11748.913479544375,
  "cluster_runtime_s": 0.36222052574157715,
  "iterations": 6,
  "epoch": 0
}