{
  "algorithm": "nsga2",
  "cluster_id": 0,
  "final_distance": 548.0,
  "final_cost": 508191.0,
  "final_time": 39.704957173870206,
  "score": 548.0,
  "solving_time_s": 2.8016881942749023,
  "iterations": 223,
  "time_limit_per_cluster": 2.8
}