iter,best,mean
0,11217.585559158699,13686.759435896909
1,11217.585559158699,11883.941060867266
2,11217.585559158699,11479.056540017975
3,11217.585559158699,11227.431916463986
4,11217.585559158699,11217.5855591587
5,11217.585559158699,11217.5855591587
