{
  "algorithm": "aco",
  "scorer": "distance",
  "cluster_id": 0,
  "final_distance": 3655.0,
  "final_cost": 2959614.0,
  "final_time": 263.19621599530797,
  "score": 3655.0,
  "solving_time_s": 30.092530551017262,
  "iterations": 64
}