{
  "algorithm": "nsga2",
  "cluster_id": 3,
  "final_distance": 17993.0,
  "final_cost": 100000.0,
  "final_time": 1463.8999999999999,
  "score": 17993.0,
  "solving_time_s": 0.40002894401550293,
  "iterations": 403,
  "time_limit_per_cluster": 0.39999999999999997
}