iter,best,mean
0,21601.179292592617,27553.110470393785
1,21402.583783978025,23254.51077316332
2,21402.583783978025,22607.708060354555
3,21402.583783978025,22111.022122061226
4,21307.778754375442,21868.90530639252
5,21307.778754375442,21724.132635715534
6,21307.778754375442,21660.52567303547
7,21307.778754375442,21587.490075590074
8,21307.778754375442,21578.27990812815
9,21307.778754375442,21569.8341641639
10,21307.778754375442,21556.303408930937
11,21307.778754375442,21539.046270487383
