{
  "routes": [
    {
      "vehicle_id": 0,
      "vehicle_name": "Truck-01-c5",
      "capacity_used": 0.0,
      "capacity_max": 10000.0,
      "capacity_utilization": 0.0,
      "distance_m": 32179.26562484,
      "time_s": 2304.4940350386955,
      "stops_by_id": [
        0,
        5,
        64,
        62,
        75,
        63,
        56,
        69,
        55,
        51,
        52,
        54,
        53,
        50,
        48,
        47,
        49,
        42,
        41,
        57,
        40,
        39,
        38,
        45,
        44,
        0
      ]
    }
  ]
}