{
  "algorithm": "ga",
  "scorer": "distance",
  "cluster_id": 2,
  "final_distance": 24680.017564564416,
  "final_cost": 100000.0,
  "final_time": 24680.017564564416,
  "score": 24680.017564564416,
  "solving_time_s": 0.3054196834564209,
  "iterations": 41,
  "time_limit_per_cluster": 0.3
}