{
  "algorithm": "nsga2",
  "scorer": "distance",
  "cluster_id": 0,
  "final_distance": 560.0,
  "final_cost": 517659.0,
  "final_time": 39.967959827339634,
  "score": 560.0,
  "solving_time_s": 2.2447986602783203,
  "iterations": 4,
  "epoch": 0
}