{
  "algorithm": "nsga2",
  "scorer": "distance",
  "cluster_id": 0,
  "final_distance": 516.0,
  "final_cost": 574467.0,
  "final_time": 46.2896718600703,
  "score": 516.0,
  "cluster_runtime_s": 10.172544002532959,
  "iterations": 27,
  "epoch": 43
}