{
  "epoch": 22,
  "clusters": 1,
  "algorithm": "nsga2",
  "scorer": "distance",
  "sum_final_distance": 549.0,
  "sum_final_cost": 508980.0,
  "sum_final_time": 39.259036787811766,
  "epoch_runtime_s": 10.016212701797485,
  "total_cluster_solving_time_s": 10.007318019866943
}