{
  "epoch": 20,
  "clusters": 1,
  "algorithm": "nsga2",
  "scorer": "distance",
  "sum_final_distance": 544.0,
  "sum_final_cost": 505035.0,
  "sum_final_time": 39.01669691302601,
  "epoch_runtime_s": 10.03715205192566,
  "total_cluster_solving_time_s": 10.026900053024292
}