{
  "algorithm": "nsga2",
  "cluster_id": 0,
  "final_distance": 542.0,
  "final_cost": 503457.0,
  "final_time": 38.928978107466605,
  "score": 542.0,
  "solving_time_s": 2.8023297786712646,
  "iterations": 225,
  "time_limit_per_cluster": 2.8
}