iter,best,mean,best_route_time,mean_route_time
0,73539.19999999998,90506.712,7275.799999999999,8239.582
0,64248.799999999996,81735.26299999999,6580.099999999999,7755.032999999999
0,64248.799999999996,78360.973,6580.099999999999,7572.0779999999995
0,64248.799999999996,75788.848,6580.099999999999,7423.494000000001
0,64248.799999999996,73490.58,6580.099999999999,7272.456999999999
0,64248.799999999996,71906.102,6580.099999999999,7170.416
0,64248.799999999996,70513.83,6580.099999999999,7085.908
0,64198.39999999998,69572.446,6580.099999999999,7022.505
