{
  "epoch": 78,
  "clusters": 1,
  "algorithm": "nsga2",
  "scorer": "distance",
  "sum_final_distance": 543.0,
  "sum_final_cost": 504246.0,
  "sum_final_time": 38.803061483719176,
  "epoch_runtime_s": 10.213742971420288,
  "total_cluster_solving_time_s": 10.205537557601929
}