{
  "algorithm": "nsga2",
  "scorer": "distance",
  "cluster_id": 6,
  "final_distance": 13579.751873721156,
  "final_cost": NaN,
  "final_time": 0.0,
  "score": 13579.751873721156,
  "cluster_runtime_s": 0.30123329162597656,
  "iterations": 4,
  "epoch": 0
}