iter,best,mean
0,13579.751873721156,17138.6960440606
1,13579.751873721156,14893.579754361559
2,13579.751873721156,14356.151971863555
3,13579.751873721156,14091.518004309251
