{
  "epoch": 33,
  "clusters": 1,
  "algorithm": "nsga2",
  "scorer": "distance",
  "sum_final_distance": 540.0,
  "sum_final_cost": 501879.0,
  "sum_final_time": 38.448213622245895,
  "epoch_runtime_s": 10.16895842552185,
  "total_cluster_solving_time_s": 10.156564474105835
}