{
  "algorithm": "aco",
  "scorer": "distance",
  "cluster_id": 0,
  "final_distance": 31660.804705922095,
  "final_cost": 100000.0,
  "final_time": 31660.804705922095,
  "score": 31660.804705922095,
  "solving_time_s": 0.30616331100463867,
  "iterations": 20,
  "time_limit_per_cluster": 0.3
}