vehicle_id,vehicle_name,num_stops_including_depot,capacity_used,capacity_max,capacity_utilization,distance_m,initial_cost,distance_cost,route_cost,stops_by_id
1,Truck-01,80,246.0,10000.0,0.0246,274034.25745215855,75819.0,789.0,216288848.12975308,"[0, 1, 45, 3, 5, 54, 63, 4, 9, 37, 17, 20, 19, 34, 2, 24, 29, 74, 36, 10, 22, 77, 7, 53, 66, 13, 76, 33, 42, 65, 40, 32, 39, 70, 60, 72, 27, 68, 12, 49, 57, 41, 48, 50, 38, 55, 21, 64, 75, 52, 47, 44, 73, 61, 28, 16, 11, 30, 71, 58, 56, 51, 59, 18, 25, 67, 78, 14, 31, 62, 6, 35, 15, 43, 26, 8, 23, 46, 69, 0]"
