{
  "algorithm": "nsga2",
  "scorer": "distance",
  "cluster_id": 2,
  "final_distance": 22546.6718807351,
  "final_cost": NaN,
  "final_time": 0.0,
  "score": 22546.6718807351,
  "runtime_s": 1.0547338221222162,
  "iterations": 19
}