{
  "algorithm": "nsga2",
  "scorer": "distance",
  "cluster_id": 0,
  "final_distance": 511.0,
  "final_cost": 561054.0,
  "final_time": 45.21178485759262,
  "score": 511.0,
  "cluster_runtime_s": 10.178748607635498,
  "iterations": 24,
  "epoch": 42
}