{
  "algorithm": "pso",
  "scorer": "distance",
  "cluster_id": 1,
  "final_distance": 28266.08843165994,
  "final_cost": 100000.0,
  "final_time": 28266.08843165994,
  "score": 28266.08843165994,
  "solving_time_s": 0.3023185729980469,
  "iterations": 76,
  "time_limit_per_cluster": 0.3
}