{
  "routes": [
    {
      "vehicle_id": 0,
      "vehicle_name": "Truck-01-c2",
      "capacity_used": 0.0,
      "capacity_max": 10000.0,
      "capacity_utilization": 0.0,
      "distance_m": 32772.71229868794,
      "time_s": 2411.0234028379004,
      "stops_by_id": [
        0,
        65,
        59,
        4,
        9,
        61,
        0
      ]
    }
  ]
}