{
  "algorithm": "aco",
  "scorer": "distance",
  "cluster_id": 4,
  "final_distance": 15009.391446056807,
  "final_cost": 100000.0,
  "final_time": 15009.391446056807,
  "score": 15009.391446056807,
  "solving_time_s": 0.3026895523071289,
  "iterations": 70,
  "time_limit_per_cluster": 0.3
}