{
  "algorithm": "nsga2",
  "scorer": "distance",
  "cluster_id": 1,
  "final_distance": 21436.15910337527,
  "final_cost": NaN,
  "final_time": 0.0,
  "score": 21436.15910337527,
  "runtime_s": 1.0477786962874234,
  "iterations": 18
}