{
  "algorithm": "nsga2",
  "scorer": "distance",
  "cluster_id": 2,
  "final_distance": 20229.706190776655,
  "final_cost": NaN,
  "final_time": 0.0,
  "score": 20229.706190776655,
  "runtime_s": 5.054328134283423,
  "iterations": 56
}