iter,best,mean
0,21303.95574085888,27000.16534784644
1,21303.95574085888,23354.601130293402
2,21303.95574085888,21660.6128386207
3,21303.95574085888,21303.955740858884
4,21303.95574085888,21303.955740858884
