iter,best,mean
0,20479.69575684281,25707.815919871227
1,20254.025715223965,22586.78593840912
2,20254.025715223965,21566.63089351692
3,20254.025715223965,20949.75528657771
4,20254.025715223965,20729.837625191292
5,20254.025715223965,20719.14203467055
6,20254.025715223965,20695.36853033121
7,20254.025715223965,20674.8075526528
8,20254.025715223965,20631.46565358724
9,20254.025715223965,20532.40049457236
10,20254.025715223965,20469.19228040734
11,20254.025715223965,20462.85388024161
