{
  "algorithm": "nsga2",
  "scorer": "distance",
  "cluster_id": 2,
  "final_distance": 40404.85097110348,
  "final_cost": NaN,
  "final_time": 0.0,
  "score": 40404.85097110348,
  "cluster_runtime_s": 1.0318233966827393,
  "iterations": 15,
  "epoch": 0
}