{
  "algorithm": "nsga2",
  "scorer": "distance",
  "cluster_id": 0,
  "final_distance": 2687.0,
  "final_cost": 2195862.0,
  "final_time": 192.9104499958069,
  "score": 2687.0,
  "solving_time_s": 30.154703855514526,
  "iterations": 68,
  "epoch": 0
}