iter,best,mean
0,6429.488352961436,8636.534605144456
1,6429.488352961436,6793.639458203851
2,6429.488352961436,6429.488352961436
3,6429.488352961436,6429.488352961436
4,6429.488352961436,6429.488352961436
