{
  "epoch": 63,
  "clusters": 1,
  "algorithm": "nsga2",
  "sum_final_distance": 2722.0,
  "sum_final_cost": 2223477.0,
  "sum_final_time": 195.49795370800044,
  "epoch_runtime_s": 10.288831233978271,
  "total_cluster_solving_time_s": 10.243751287460327
}