{
  "algorithm": "ga",
  "scorer": "distance",
  "cluster_id": 3,
  "final_distance": 16104.538941100043,
  "final_cost": 100000.0,
  "final_time": 16104.538941100043,
  "score": 16104.538941100043,
  "solving_time_s": 0.30448341369628906,
  "iterations": 61,
  "time_limit_per_cluster": 0.3
}