{
  "algorithm": "nsga2",
  "scorer": "distance",
  "cluster_id": 0,
  "final_distance": 509.0,
  "final_cost": 559476.0,
  "final_time": 44.94943952599646,
  "score": 509.0,
  "cluster_runtime_s": 10.252428531646729,
  "iterations": 14,
  "epoch": 36
}