{
  "algorithm": "nsga2",
  "cluster_id": 4,
  "final_distance": 19724.3,
  "final_cost": 100000.0,
  "final_time": 2012.1000000000001,
  "score": 19724.3,
  "solving_time_s": 0.3028130531311035,
  "iterations": 13,
  "epoch": 0,
  "time_limit_per_cluster": 0.3
}