{
  "algorithm": "pso",
  "scorer": "distance",
  "final_score": 271187.1788771588,
  "final_cost": 214042503.1340783,
  "runtime_s": 55.20055589999538,
  "iterations": 1200
}