vehicle_id,vehicle_name,num_stops_including_depot,capacity_used,capacity_max,capacity_utilization,distance_m,initial_cost,distance_cost,route_cost,stops_by_id
1,Truck-01,80,246.0,10000.0,0.0246,271187.1788771588,75819.0,789.0,214042503.1340783,"[0, 8, 26, 43, 15, 35, 6, 62, 31, 14, 78, 67, 65, 40, 32, 13, 66, 76, 53, 7, 77, 33, 42, 22, 10, 17, 37, 9, 4, 20, 19, 36, 74, 34, 2, 24, 29, 39, 70, 60, 72, 27, 49, 45, 1, 63, 3, 54, 5, 41, 57, 48, 50, 38, 55, 21, 64, 75, 47, 52, 28, 61, 44, 73, 16, 11, 51, 68, 12, 56, 58, 59, 71, 30, 18, 25, 23, 46, 69, 0]"
