{
  "algorithm": "nsga2",
  "scorer": "distance",
  "cluster_id": 3,
  "final_distance": 10473.803425735623,
  "final_cost": NaN,
  "final_time": 0.0,
  "score": 10473.803425735623,
  "cluster_runtime_s": 0.35523343086242676,
  "iterations": 6,
  "epoch": 0
}