{
  "routes": [
    {
      "vehicle_id": 0,
      "vehicle_name": "Truck-01-c3",
      "capacity_used": 0.0,
      "capacity_max": 10000.0,
      "capacity_utilization": 0.0,
      "distance_m": 22007.703063939443,
      "time_s": 1511.287584683148,
      "stops_by_id": [
        0,
        26,
        24,
        23,
        22,
        1,
        0
      ]
    }
  ]
}