{
  "algorithm": "pso",
  "cluster_id": 6,
  "final_distance": 39693.9,
  "final_cost": 100000.0,
  "final_time": 3617.9,
  "score": 39693.9,
  "solving_time_s": 0.40076255798339844,
  "iterations": 111,
  "time_limit_per_cluster": 0.39999999999999997
}