{
  "algorithm": "nsga2",
  "scorer": "distance",
  "cluster_id": 0,
  "final_distance": 64248.799999999996,
  "final_cost": 100000.0,
  "final_time": 6580.099999999999,
  "score": 64248.799999999996,
  "solving_time_s": 0.3227193355560303,
  "iterations": 8,
  "epoch": 0,
  "time_limit_per_cluster": 0.3
}