iter,best,mean,best_route_time,mean_route_time
0,73539.19999999998,90506.712,7275.799999999999,8239.582
0,65169.9,81169.773,6620.2,7720.246
0,64573.200000000004,76863.079,6620.2,7489.911
0,64391.2,73654.149,6620.2,7286.155
0,64248.799999999996,71498.423,6580.099999999999,7161.646
0,64248.799999999996,70068.377,6580.099999999999,7080.039000000001
0,64248.799999999996,69117.333,6580.099999999999,7024.012999999999
0,64248.799999999996,68327.594,6580.099999999999,6978.371999999999
