{
  "routes": [
    {
      "vehicle_id": 0,
      "vehicle_name": "Truck-01-c2",
      "capacity_used": 0.0,
      "capacity_max": 10000.0,
      "capacity_utilization": 0.0,
      "distance_m": 20329.538677009936,
      "time_s": 1543.9713233008538,
      "stops_by_id": [
        0,
        31,
        34,
        32,
        78,
        72,
        29,
        0
      ]
    }
  ]
}