{
  "algorithm": "nsga2",
  "scorer": "distance",
  "final_distance": 277272.7971704441,
  "final_cost": 218844055.9674804,
  "final_time": 20145.098943365778,
  "runtime_s": 18.771241297014058,
  "iterations": 1000,
  "epoch": 4
}