{
  "algorithm": "pso",
  "cluster_id": 0,
  "final_distance": 630.0,
  "final_cost": 572889.0,
  "final_time": 45.19213436388244,
  "score": 630.0,
  "solving_time_s": 2.817981243133545,
  "iterations": 126,
  "time_limit_per_cluster": 2.8
}