{
  "algorithm": "nsga2",
  "cluster_id": 0,
  "final_distance": 547.0,
  "final_cost": 507402.0,
  "final_time": 39.07423016690647,
  "score": 547.0,
  "solving_time_s": 2.80387020111084,
  "iterations": 220,
  "time_limit_per_cluster": 2.8
}