{
  "algorithm": "pso",
  "scorer": "distance",
  "cluster_id": 0,
  "final_distance": 2826.0,
  "final_cost": 2305533.0,
  "final_time": 204.56863340930585,
  "score": 2826.0,
  "solving_time_s": 30.58644260605797,
  "iterations": 4
}