{
  "algorithm": "pso",
  "scorer": "distance",
  "cluster_id": 0,
  "final_distance": 2937.0,
  "final_cost": 2393112.0,
  "final_time": 212.65856493629175,
  "score": 2937.0,
  "solving_time_s": 30.013785440009087,
  "iterations": 0
}