{
  "algorithm": "pso",
  "scorer": "distance",
  "cluster_id": 0,
  "final_distance": 3596.0,
  "final_cost": 2913063.0,
  "final_time": 258.12648238053185,
  "score": 3596.0,
  "solving_time_s": 30.01648256000044,
  "iterations": 145
}