iter,best,mean,best_route_time,mean_route_time
1,2937.0,22130.39,212.28680396734498,1594.6781507682279
2,2937.0,17860.42,212.28680396734498,1286.239536430045
3,2937.0,17003.46,212.28680396734498,1224.8477252320988
4,2937.0,16459.16,212.28680396734498,1184.6211200271446
