{
  "algorithm": "nsga2",
  "scorer": "distance",
  "cluster_id": 0,
  "final_distance": 21642.119945490565,
  "final_cost": NaN,
  "final_time": 0.0,
  "score": 21642.119945490565,
  "cluster_runtime_s": 0.30661988258361816,
  "iterations": 5,
  "epoch": 0
}