iter,best,mean
0,21642.119945490565,29539.754401155864
1,21642.119945490565,23282.518799493027
2,21642.119945490565,22206.765498179942
3,21642.119945490565,21879.790220451905
4,21642.119945490565,21703.845780071457
