{
  "routes": [
    {
      "vehicle_id": 0,
      "vehicle_name": "Truck-01-c0",
      "capacity_used": 0.0,
      "capacity_max": 10000.0,
      "capacity_utilization": 0.0,
      "distance_m": 36833.01378096514,
      "time_s": 2775.044621941134,
      "stops_by_id": [
        0,
        23,
        22,
        7,
        19,
        2,
        3,
        1,
        17,
        4,
        9,
        61,
        0
      ]
    }
  ]
}