iter,best,mean,best_route_time,mean_route_time
0,6429.479472186104,9393.579677993033,6429.479472186104,9393.579677993033
0,6429.479472186104,8983.78321785805,6429.479472186104,8983.78321785805
0,6429.479472186104,8800.536886351898,6429.479472186104,8800.536886351898
0,6429.479472186104,8708.356722520912,6429.479472186104,8708.356722520912
0,6429.479472186104,8577.902592056385,6429.479472186104,8577.902592056385
0,6429.479472186104,8549.491310494142,6429.479472186104,8549.491310494142
0,6429.479472186104,8505.23272705585,6429.479472186104,8505.23272705585
0,6429.479472186104,8494.421403399032,6429.479472186104,8494.421403399032
0,6429.479472186104,8464.486614994887,6429.479472186104,8464.486614994887
