{
  "algorithm": "nsga2",
  "scorer": "distance",
  "cluster_id": 3,
  "final_distance": 9783.996727743912,
  "final_cost": NaN,
  "final_time": 0.0,
  "score": 9783.996727743912,
  "runtime_s": 4.240496743004769
}