{
  "algorithm": "nsga2",
  "scorer": "distance",
  "cluster_id": 0,
  "final_distance": 2757.0,
  "final_cost": 2251092.0,
  "final_time": 198.60517290399997,
  "score": 2757.0,
  "solving_time_s": 30.189667493104935,
  "iterations": 47
}