{
  "algorithm": "nsga2",
  "scorer": "distance",
  "cluster_id": 1,
  "final_distance": 20065.339379173714,
  "final_cost": NaN,
  "final_time": 0.0,
  "score": 20065.339379173714,
  "cluster_runtime_s": 1.0467419624328613,
  "iterations": 13,
  "epoch": 0
}