iter,best,mean
0,12135.97440212252,15327.621699425434
1,12135.97440212252,12824.101619756691
2,12135.97440212252,12163.386521430511
3,12135.97440212252,12135.974402122521
4,12135.97440212252,12135.974402122521
