{
  "algorithm": "nsga2",
  "scorer": "distance",
  "cluster_id": 5,
  "final_distance": 18424.19564108735,
  "final_cost": NaN,
  "final_time": 0.0,
  "score": 18424.19564108735,
  "runtime_s": 1.0552097707986832,
  "iterations": 17
}