{
  "algorithm": "nsga2",
  "scorer": "distance",
  "cluster_id": 6,
  "final_distance": 3733.778772230591,
  "final_cost": NaN,
  "final_time": 0.0,
  "score": 3733.778772230591,
  "runtime_s": 1.0565965380519629,
  "iterations": 19
}