{
  "routes": [
    {
      "vehicle_id": 0,
      "vehicle_name": "Truck-01-c6",
      "capacity_used": 0.0,
      "capacity_max": 10000.0,
      "capacity_utilization": 0.0,
      "distance_m": 13209.191955853963,
      "time_s": 966.275259494319,
      "stops_by_id": [
        0,
        37,
        68,
        71,
        35,
        33,
        0
      ]
    }
  ]
}