{
  "epoch": 24,
  "clusters": 1,
  "algorithm": "nsga2",
  "sum_final_distance": 2785.0,
  "sum_final_cost": 2273184.0,
  "sum_final_time": 200.2106085257439,
  "epoch_runtime_s": 10.056212425231934,
  "total_cluster_solving_time_s": 10.015507698059082
}