{
  "algorithm": "nsga2",
  "scorer": "distance",
  "cluster_id": 0,
  "final_distance": 540.0,
  "final_cost": 501879.0,
  "final_time": 38.44702963358892,
  "score": 540.0,
  "solving_time_s": 10.195911169052124
}