iter,best,mean,best_route_time,mean_route_time
0,73539.19999999998,90506.712,7275.799999999999,8239.582
0,65169.9,80879.325,6620.2,7695.771
0,64896.399999999994,76350.44699999999,6620.2,7421.681
0,64464.49999999999,73449.874,6620.2,7256.361
0,64063.099999999984,72410.684,6618.900000000001,7199.821
0,64063.099999999984,70930.81599999999,6618.900000000001,7104.669
0,64063.099999999984,69030.95599999999,6618.900000000001,6988.655
0,64063.099999999984,68177.45599999999,6580.099999999999,6944.573
