{
  "algorithm": "nsga2",
  "scorer": "distance",
  "cluster_id": 0,
  "final_distance": 19696.266286678343,
  "final_cost": NaN,
  "final_time": 0.0,
  "score": 19696.266286678343,
  "cluster_runtime_s": 0.56844162940979,
  "iterations": 4,
  "epoch": 0
}