{
  "algorithm": "nsga2",
  "scorer": "distance",
  "final_distance": 236212.16348839094,
  "final_cost": 186447215.99234045,
  "final_time": 17139.714169883842,
  "epoch_runtime_s": 60.151533126831055,
  "iterations": 446,
  "epoch": 8
}