iter,best,mean
1,35695.6,50315.3025
2,35525.6,41219.814999999995
3,35525.6,39054.144
4,35525.6,37336.47149999999
5,35525.6,36311.0345
