{
  "routes": [
    {
      "vehicle_id": 0,
      "vehicle_name": "Truck-01-c0",
      "capacity_used": 0.0,
      "capacity_max": 10000.0,
      "capacity_utilization": 0.0,
      "distance_m": 47959.399999999994,
      "time_s": 5432.400000000001,
      "stops_by_id": [
        0,
        58,
        20,
        6,
        8,
        36,
        30,
        68,
        37,
        38,
        39,
        71,
        35,
        33,
        31,
        34,
        32,
        78,
        72,
        29,
        0
      ]
    }
  ]
}