{
  "algorithm": "nsga2",
  "scorer": "distance",
  "cluster_id": 6,
  "final_distance": 15009.41217791132,
  "final_cost": NaN,
  "final_time": 0.0,
  "score": 15009.41217791132,
  "runtime_s": 1.01119928015396,
  "iterations": 17
}