{
  "algorithm": "nsga2",
  "scorer": "distance",
  "cluster_id": 4,
  "final_distance": 18674.699999999997,
  "final_cost": 100000.0,
  "final_time": 2168.0,
  "score": 18674.699999999997,
  "solving_time_s": 0.32306885719299316,
  "iterations": 14,
  "epoch": 0,
  "time_limit_per_cluster": 0.3
}