{
  "algorithm": "nsga2",
  "scorer": "distance",
  "cluster_id": 4,
  "final_distance": 20838.132294772193,
  "final_cost": NaN,
  "final_time": 0.0,
  "score": 20838.132294772193,
  "cluster_runtime_s": 0.36504602432250977,
  "iterations": 5,
  "epoch": 0
}