iter,best,mean
0,21037.992848443755,28748.054120748602
1,20838.132294772193,23735.78027467328
2,20838.132294772193,22952.670166909567
3,20838.132294772193,22629.288210737202
4,20838.132294772193,22385.72022139999
