{
  "routes": [
    {
      "vehicle_id": 0,
      "vehicle_name": "Truck-01-c4",
      "capacity_used": 0.0,
      "capacity_max": 10000.0,
      "capacity_utilization": 0.0,
      "distance_m": 31982.004741609016,
      "time_s": 2288.019967467215,
      "stops_by_id": [
        0,
        24,
        25,
        21,
        20,
        66,
        58,
        6,
        8,
        36,
        30,
        68,
        37,
        71,
        35,
        33,
        31,
        34,
        32,
        78,
        0
      ]
    }
  ]
}