{
  "algorithm": "ntnsga2",
  "scorer": "distance",
  "final_distance": 584372.4310466681,
  "final_cost": 461145667.09582114,
  "final_time": 41901.175201233804,
  "runtime_s": 87.9060398999718,
  "iterations": 0
}