{
  "routes": [
    {
      "vehicle_id": 1,
      "vehicle_name": "Truck-01",
      "capacity_used": 246.0,
      "capacity_max": 10000.0,
      "capacity_utilization": 0.0246,
      "distance_m": 584372.4310466681,
      "time_s": 41901.175201233804,
      "stops_by_id": [
        0,
        43,
        35,
        15,
        6,
        62,
        13,
        40,
        33,
        19,
        32,
        16,
        47,
        5,
        54,
        3,
        68,
        58,
        59,
        2,
        29,
        4,
        9,
        20,
        70,
        17,
        37,
        36,
        49,
        76,
        66,
        53,
        42,
        39,
        7,
        74,
        77,
        22,
        10,
        34,
        60,
        27,
        72,
        48,
        57,
        21,
        61,
        56,
        26,
        8,
        73,
        64,
        75,
        28,
        38,
        50,
        52,
        44,
        41,
        55,
        51,
        25,
        65,
        67,
        14,
        31,
        78,
        69,
        23,
        18,
        24,
        63,
        1,
        45,
        12,
        11,
        30,
        71,
        46,
        0
      ]
    }
  ]
}