{
  "routes": [
    {
      "vehicle_id": 1,
      "vehicle_name": "Truck-01",
      "capacity_used": 246.0,
      "capacity_max": 10000.0,
      "capacity_utilization": 0.0246,
      "distance_m": 514731.98365127575,
      "time_s": 36921.34598206028,
      "stops_by_id": [
        0,
        67,
        78,
        66,
        76,
        74,
        17,
        37,
        9,
        20,
        4,
        19,
        49,
        63,
        1,
        27,
        12,
        64,
        52,
        51,
        61,
        28,
        47,
        68,
        70,
        56,
        58,
        30,
        11,
        16,
        44,
        55,
        57,
        48,
        41,
        21,
        59,
        18,
        71,
        62,
        31,
        15,
        6,
        2,
        72,
        39,
        24,
        34,
        29,
        32,
        40,
        10,
        36,
        42,
        22,
        13,
        33,
        77,
        7,
        53,
        65,
        60,
        45,
        54,
        75,
        73,
        50,
        38,
        5,
        3,
        8,
        26,
        46,
        69,
        23,
        43,
        35,
        14,
        25,
        0
      ]
    }
  ]
}