{
  "epoch": 1,
  "clusters": 1,
  "algorithm": "nsga2",
  "scorer": "distance",
  "sum_final_distance": 553.0,
  "sum_final_cost": 512136.0,
  "sum_final_time": 39.75224057408262,
  "epoch_runtime_s": 10.015150308609009,
  "total_cluster_solving_time_s": 10.007288694381714
}