{
  "algorithm": "aco",
  "cluster_id": 0,
  "final_distance": 558.0,
  "final_cost": 516081.0,
  "final_time": 40.27785124063428,
  "score": 558.0,
  "solving_time_s": 2.805375099182129,
  "iterations": 140,
  "time_limit_per_cluster": 2.8
}