{
  "algorithm": "pso",
  "scorer": "distance",
  "cluster_id": 1,
  "final_distance": 23061.844174904563,
  "final_cost": 100000.0,
  "final_time": 23061.844174904563,
  "score": 23061.844174904563,
  "solving_time_s": 0.30260562896728516,
  "iterations": 93,
  "time_limit_per_cluster": 0.3
}