{
  "algorithm": "nsga2",
  "scorer": "distance",
  "cluster_id": 4,
  "final_distance": 25509.718668402027,
  "final_cost": NaN,
  "final_time": 0.0,
  "score": 25509.718668402027,
  "cluster_runtime_s": 5.05502724647522,
  "iterations": 68,
  "epoch": 0
}