iter,best,mean,best_route_time,mean_route_time
0,18674.699999999997,23516.521,2115.2999999999997,2384.492
0,18674.699999999997,22218.478,2111.8999999999996,2300.141
0,18674.699999999997,21504.264,2111.8999999999996,2263.78
0,18674.699999999997,21081.257999999998,2111.8999999999996,2244.262
