{
  "algorithm": "aco",
  "cluster_id": 0,
  "final_distance": 558.0,
  "final_cost": 516081.0,
  "final_time": 40.37838492239272,
  "score": 558.0,
  "solving_time_s": 2.8047025203704834,
  "iterations": 138,
  "time_limit_per_cluster": 2.8
}