iter,best,mean,best_route_time,mean_route_time
0,20479.667469121247,26536.000132674897,20479.667469121247,26536.000132674897
0,20479.667469121247,24269.549179707315,20479.667469121247,24269.549179707315
0,20479.667469121247,22566.006562476974,20479.667469121247,22566.006562476974
0,20479.667469121247,21996.66458363974,20479.667469121247,21996.66458363974
0,20479.667469121247,21658.317185432552,20479.667469121247,21658.317185432552
0,20367.573111000067,21510.4294499921,20367.573111000067,21510.4294499921
0,20367.573111000067,21384.899055985374,20367.573111000067,21384.899055985374
0,20367.573111000067,21250.095300661927,20367.573111000067,21250.095300661927
0,20367.573111000067,21185.180085038166,20367.573111000067,21185.180085038166
