iter,best,mean
0,19038.83051148115,25331.58916846762
1,19038.83051148115,20875.370343102346
2,18926.735998528693,19942.75899154344
3,18926.735998528693,19443.517737155944
