{
  "algorithm": "nsga2",
  "scorer": "distance",
  "cluster_id": 5,
  "final_distance": 37724.39525695443,
  "final_cost": NaN,
  "final_time": 0.0,
  "score": 37724.39525695443,
  "cluster_runtime_s": 1.0635120868682861,
  "iterations": 15,
  "epoch": 0
}