{
  "algorithm": "nsga2",
  "scorer": "distance",
  "cluster_id": 3,
  "final_distance": 20838.13229477219,
  "final_cost": NaN,
  "final_time": 0.0,
  "score": 20838.13229477219,
  "cluster_runtime_s": 1.0466384887695312,
  "iterations": 13,
  "epoch": 0
}