iter,best,mean
0,9107.463984902673,10565.405749726993
1,9107.463984902673,9421.523919729198
2,9107.463984902673,9241.593639698813
3,9107.463984902673,9114.179625009281
4,9107.463984902673,9107.463984902673
5,9107.463984902673,9107.463984902673
