{
  "algorithm": "nsga2",
  "cluster_id": 0,
  "final_distance": 542.0,
  "final_cost": 503457.0,
  "final_time": 38.87839209010228,
  "score": 542.0,
  "solving_time_s": 2.8342642784118652,
  "iterations": 38,
  "epoch": 0,
  "time_limit_per_cluster": 2.8
}