{
  "algorithm": "pso",
  "scorer": "distance",
  "cluster_id": 0,
  "final_distance": 31339.5,
  "final_cost": 100000.0,
  "final_time": 3048.7000000000003,
  "score": 31339.5,
  "solving_time_s": 1.0001287460327148,
  "iterations": 442,
  "time_limit_per_cluster": 1.0
}