{
  "algorithm": "nsga2",
  "scorer": "distance",
  "cluster_id": 0,
  "final_distance": 2737.0,
  "final_cost": 2235312.0,
  "final_time": 197.04377362782628,
  "score": 2737.0,
  "solving_time_s": 30.126591682434082,
  "iterations": 28,
  "epoch": 0
}