iter,best,mean
0,19143.06092607836,25302.044143698222
1,19038.830511481152,20833.59675557042
2,18926.735998528697,19858.94350790448
3,18926.735998528697,19513.407773582734
4,18926.735998528697,19269.986978483506
5,18926.735998528697,19123.175836779425
6,18926.735998528697,19109.798710392144
7,18926.735998528697,19080.44054074695
8,18926.735998528697,19031.560134462026
9,18926.735998528697,19025.47090769128
10,18926.735998528693,19013.564807270777
11,18926.735998528693,18990.17690243404
