{
  "algorithm": "aco",
  "scorer": "distance",
  "cluster_id": 1,
  "final_distance": 19981.48177426331,
  "final_cost": 100000.0,
  "final_time": 19981.48177426331,
  "score": 19981.48177426331,
  "solving_time_s": 0.3027036190032959,
  "iterations": 29,
  "time_limit_per_cluster": 0.3
}