{
  "algorithm": "nsga2",
  "cluster_id": 0,
  "final_distance": 2782.0,
  "final_cost": 2270817.0,
  "final_time": 200.52063215331003,
  "score": 2782.0,
  "solving_time_s": 10.046249866485596,
  "iterations": 40,
  "epoch": 2,
  "time_limit_per_cluster": 10.0
}