{
  "algorithm": "nsga2",
  "scorer": "distance",
  "cluster_id": 1,
  "final_distance": 9107.463984902673,
  "final_cost": NaN,
  "final_time": 0.0,
  "score": 9107.463984902673,
  "runtime_s": 1.047775886952877,
  "iterations": 20
}