{
  "algorithm": "nsga2",
  "scorer": "distance",
  "cluster_id": 0,
  "final_distance": 12894.977688810328,
  "final_cost": 100000.0,
  "final_time": 12894.977688810328,
  "score": 12894.977688810328,
  "solving_time_s": 0.3193647861480713,
  "iterations": 14,
  "epoch": 0,
  "time_limit_per_cluster": 0.3
}