{
  "algorithm": "nsga2",
  "scorer": "distance",
  "cluster_id": 0,
  "final_distance": 31998.264708746872,
  "final_cost": NaN,
  "final_time": 0.0,
  "score": 31998.264708746872,
  "cluster_runtime_s": 1.0286865234375,
  "iterations": 10,
  "epoch": 0
}