{
  "algorithm": "pso",
  "scorer": "distance",
  "cluster_id": 0,
  "final_distance": 3223.0,
  "final_cost": 2618766.0,
  "final_time": 233.22745227683754,
  "score": 3223.0,
  "solving_time_s": 30.020259498000087,
  "iterations": 145
}