iter,best,mean,best_route_time,mean_route_time
1,2937.0,21993.73,211.65127630897453,1584.3019799594338
2,2937.0,17937.18,211.65127630897453,1292.870000478958
3,2937.0,17110.0,211.65127630897453,1232.5322412470894
4,2937.0,16653.11,211.65127630897453,1198.441963524536
