vehicle_id,vehicle_name,num_stops_including_depot,capacity_used,capacity_max,capacity_utilization,distance_m,initial_cost,distance_cost,route_cost,stops_by_id
1,Truck-01,80,246.0,10000.0,0.0246,269305.7869928822,75819.0,789.0,212558084.93738407,"[0, 43, 15, 35, 31, 14, 78, 65, 13, 66, 76, 53, 7, 77, 33, 42, 22, 10, 36, 74, 19, 20, 17, 37, 9, 4, 63, 45, 49, 1, 3, 54, 5, 38, 55, 75, 52, 47, 44, 73, 61, 28, 16, 11, 69, 46, 30, 71, 51, 68, 64, 21, 50, 48, 41, 57, 12, 27, 72, 70, 60, 2, 34, 24, 29, 39, 58, 56, 59, 18, 25, 32, 40, 67, 62, 6, 23, 8, 26, 0]"
