{
  "algorithm": "nsga2",
  "scorer": "distance",
  "cluster_id": 5,
  "final_distance": 20341.970256542758,
  "final_cost": NaN,
  "final_time": 0.0,
  "score": 20341.970256542758,
  "cluster_runtime_s": 1.018155813217163,
  "iterations": 12,
  "epoch": 0
}