{
  "algorithm": "nsga2",
  "scorer": "distance",
  "cluster_id": 4,
  "final_distance": 18926.709855843725,
  "final_cost": 100000.0,
  "final_time": 18926.709855843725,
  "score": 18926.709855843725,
  "solving_time_s": 0.30097413063049316,
  "iterations": 12,
  "time_limit_per_cluster": 0.3
}