{
  "epoch": 47,
  "clusters": 1,
  "algorithm": "nsga2",
  "scorer": "distance",
  "sum_final_distance": 538.0,
  "sum_final_cost": 500301.0,
  "sum_final_time": 38.08667577544361,
  "epoch_runtime_s": 10.248700380325317,
  "total_cluster_solving_time_s": 10.238454341888428
}