{
  "algorithm": "aco",
  "scorer": "distance",
  "cluster_id": 0,
  "final_distance": 2859.0,
  "final_cost": 2331570.0,
  "final_time": 205.61769543443765,
  "score": 2859.0,
  "solving_time_s": 30.066380912001478,
  "iterations": 195
}