{
  "algorithm": "nsga2",
  "scorer": "distance",
  "cluster_id": 0,
  "final_distance": 511.0,
  "final_cost": 561054.0,
  "final_time": 45.12454554422986,
  "score": 511.0,
  "cluster_runtime_s": 10.736032724380493,
  "iterations": 16,
  "epoch": 22
}