vehicle_id,vehicle_name,num_stops_including_depot,capacity_used,capacity_max,capacity_utilization,distance_m,initial_cost,distance_cost,route_cost,stops_by_id
1,Truck-01,80,246.0,10000.0,0.0246,255968.46760880374,75819.0,789.0,202034939.94334614,"[0, 6, 25, 59, 18, 71, 30, 46, 23, 26, 8, 69, 11, 16, 52, 47, 28, 61, 73, 44, 38, 55, 21, 75, 64, 57, 41, 48, 50, 5, 54, 3, 63, 9, 37, 17, 4, 1, 45, 49, 12, 27, 72, 60, 70, 68, 51, 56, 58, 39, 29, 24, 2, 20, 19, 34, 74, 36, 10, 22, 42, 33, 77, 7, 53, 76, 66, 13, 32, 40, 65, 67, 78, 14, 31, 62, 35, 15, 43, 0]"
