vehicle_id,vehicle_name,num_stops_including_depot,capacity_used,capacity_max,capacity_utilization,distance_m,initial_cost,distance_cost,route_cost,stops_by_id
1,Truck-01,80,246.0,10000.0,0.0246,249181.72051331404,75819.0,789.0,196680196.48500478,"[0, 26, 8, 23, 46, 69, 30, 11, 71, 51, 56, 58, 59, 18, 25, 6, 62, 31, 14, 67, 65, 40, 32, 39, 29, 24, 2, 60, 70, 72, 27, 68, 64, 52, 16, 28, 61, 73, 44, 47, 75, 21, 55, 38, 50, 48, 41, 57, 12, 49, 45, 1, 3, 5, 54, 63, 4, 9, 37, 17, 20, 19, 34, 74, 36, 10, 22, 42, 33, 77, 7, 53, 76, 66, 13, 78, 35, 15, 43, 0]"
