{
  "routes": [
    {
      "vehicle_id": 0,
      "vehicle_name": "Truck-01-c2",
      "capacity_used": 0.0,
      "capacity_max": 10000.0,
      "capacity_utilization": 0.0,
      "distance_m": 42057.76724125027,
      "time_s": 2907.8777326153654,
      "stops_by_id": [
        0,
        73,
        43,
        74,
        46,
        55,
        51,
        52,
        53,
        54,
        69,
        56,
        49,
        47,
        48,
        50,
        42,
        41,
        57,
        40,
        45,
        44,
        77,
        0
      ]
    }
  ]
}