iter,best,mean,best_route_time,mean_route_time
0,68254.70000000001,87955.156,6866.199999999999,7820.526
0,68254.70000000001,84829.18400000001,6866.199999999999,7613.123999999999
0,64484.499999999985,80424.82400000001,6452.4,7384.978999999999
0,64484.499999999985,76396.125,6452.4,7154.435
0,64484.499999999985,74984.765,6452.4,7079.232
0,64484.499999999985,73663.69900000001,6452.4,7011.195
0,64484.499999999985,72456.05099999999,6452.4,6952.8769999999995
0,64484.499999999985,71788.88799999999,6452.4,6921.166
