{
  "algorithm": "ga",
  "scorer": "distance",
  "cluster_id": 5,
  "final_distance": 16407.23439360179,
  "final_cost": 100000.0,
  "final_time": 16407.23439360179,
  "score": 16407.23439360179,
  "solving_time_s": 0.3012270927429199,
  "iterations": 45,
  "time_limit_per_cluster": 0.3
}