{
  "algorithm": "nsga2",
  "scorer": "distance",
  "cluster_id": 0,
  "final_distance": 27768.32353844704,
  "final_cost": 100000.0,
  "final_time": 27768.32353844704,
  "score": 27768.32353844704,
  "solving_time_s": 0.3195359706878662,
  "iterations": 13,
  "time_limit_per_cluster": 0.3
}