{
  "algorithm": "ga",
  "scorer": "distance",
  "cluster_id": 0,
  "final_distance": 3266.0,
  "final_cost": 2652693.0,
  "final_time": 235.46729488057971,
  "score": 3266.0,
  "solving_time_s": 30.589716573944315,
  "iterations": 26
}