{
  "algorithm": "ga",
  "scorer": "distance",
  "cluster_id": 0,
  "final_distance": 2795.0,
  "final_cost": 2281074.0,
  "final_time": 201.40821070601154,
  "score": 2795.0,
  "solving_time_s": 30.030996909998066,
  "iterations": 693
}