{
  "routes": [
    {
      "vehicle_id": 0,
      "vehicle_name": "Truck-01-c1",
      "capacity_used": 0.0,
      "capacity_max": 10000.0,
      "capacity_utilization": 0.0,
      "distance_m": 25717.782865303605,
      "time_s": 1894.4006001446696,
      "stops_by_id": [
        0,
        5,
        64,
        56,
        63,
        75,
        62,
        9,
        0
      ]
    }
  ]
}