{
  "algorithm": "aco",
  "cluster_id": 4,
  "final_distance": 20659.299999999996,
  "final_cost": 100000.0,
  "final_time": 2105.7999999999997,
  "score": 20659.299999999996,
  "solving_time_s": 0.40166711807250977,
  "iterations": 211,
  "time_limit_per_cluster": 0.39999999999999997
}