{
  "algorithm": "ga",
  "cluster_id": 0,
  "final_distance": 556.0,
  "final_cost": 514503.0,
  "final_time": 39.97688501674769,
  "score": 556.0,
  "solving_time_s": 2.8051702976226807,
  "iterations": 240,
  "time_limit_per_cluster": 2.8
}