{
  "epoch": 37,
  "clusters": 1,
  "algorithm": "nsga2",
  "sum_final_distance": 2758.0,
  "sum_final_cost": 2251881.0,
  "sum_final_time": 198.94319218506772,
  "epoch_runtime_s": 10.041014194488525,
  "total_cluster_solving_time_s": 10.002879619598389
}