{
  "routes": [
    {
      "vehicle_id": 0,
      "vehicle_name": "Truck-01-c4",
      "capacity_used": 0.0,
      "capacity_max": 10000.0,
      "capacity_utilization": 0.0,
      "distance_m": 51993.91311891929,
      "time_s": 3815.6175772251954,
      "stops_by_id": [
        0,
        61,
        4,
        17,
        65,
        59,
        60,
        67,
        18,
        76,
        0
      ]
    }
  ]
}