{
  "algorithm": "nsga2",
  "cluster_id": 0,
  "final_distance": 546.0,
  "final_cost": 506613.0,
  "final_time": 39.447097978772966,
  "score": 546.0,
  "solving_time_s": 2.8010356426239014,
  "iterations": 222,
  "time_limit_per_cluster": 2.8
}