{
  "algorithm": "nsga2",
  "scorer": "distance",
  "cluster_id": 5,
  "final_distance": 10307.101713331263,
  "final_cost": 100000.0,
  "final_time": 10307.101713331263,
  "score": 10307.101713331263,
  "solving_time_s": 0.30967283248901367,
  "iterations": 14,
  "time_limit_per_cluster": 0.3
}