{
  "routes": [
    {
      "vehicle_id": 0,
      "vehicle_name": "Truck-01-c0",
      "capacity_used": 0.0,
      "capacity_max": 10000.0,
      "capacity_utilization": 0.0,
      "distance_m": 29360.46630494946,
      "time_s": 2129.439621851631,
      "stops_by_id": [
        0,
        27,
        28,
        26,
        22,
        23,
        24,
        25,
        21,
        66,
        0
      ]
    }
  ]
}