{
  "algorithm": "nsga2",
  "cluster_id": 1,
  "final_distance": 54131.6,
  "final_cost": 100000.0,
  "final_time": 3729.8999999999996,
  "score": 54131.6,
  "solving_time_s": 0.4021875858306885,
  "iterations": 39,
  "epoch": 0,
  "time_limit_per_cluster": 0.39999999999999997
}