{
  "algorithm": "nsga2",
  "scorer": "distance",
  "cluster_id": 1,
  "final_distance": 34312.35061002173,
  "final_cost": 100000.0,
  "final_time": 34312.35061002173,
  "score": 34312.35061002173,
  "solving_time_s": 0.31745243072509766,
  "iterations": 8,
  "epoch": 0,
  "time_limit_per_cluster": 0.3
}