iter,best,mean,best_route_time,mean_route_time
0,35267.74163501319,45000.32858310214,35267.74163501319,45000.32858310214
0,35267.74163501319,40787.16851622181,35267.74163501319,40787.16851622181
0,35267.74163501319,38536.49566184098,35267.74163501319,38536.49566184098
0,35176.2061610735,37287.26538231789,35176.2061610735,37287.26538231789
0,34312.35061002173,36875.064357679534,34312.35061002173,36875.064357679534
0,34312.35061002173,36726.18812861629,34312.35061002173,36726.18812861629
0,34312.35061002173,36533.17666376868,34312.35061002173,36533.17666376868
0,34312.35061002173,36488.07501423245,34312.35061002173,36488.07501423245
