{
  "routes": [
    {
      "vehicle_id": 0,
      "vehicle_name": "Truck-01-c2",
      "capacity_used": 0.0,
      "capacity_max": 10000.0,
      "capacity_utilization": 0.0,
      "distance_m": 47920.35355389253,
      "time_s": 3491.4163138550034,
      "stops_by_id": [
        0,
        76,
        18,
        67,
        60,
        59,
        4,
        9,
        61,
        0
      ]
    }
  ]
}