{
  "epoch": 55,
  "clusters": 1,
  "algorithm": "nsga2",
  "scorer": "distance",
  "sum_final_distance": 538.0,
  "sum_final_cost": 500301.0,
  "sum_final_time": 38.32227739444328,
  "epoch_runtime_s": 10.498405456542969,
  "total_cluster_solving_time_s": 10.490031480789185
}