{
  "algorithm": "nsga2",
  "scorer": "distance",
  "cluster_id": 5,
  "final_distance": 10362.069293469789,
  "final_cost": 100000.0,
  "final_time": 10362.069293469789,
  "score": 10362.069293469789,
  "solving_time_s": 0.31271958351135254,
  "iterations": 9,
  "epoch": 0,
  "time_limit_per_cluster": 0.3
}