iter,best,mean,best_route_time,mean_route_time
0,10362.069293469789,12835.592570577126,10362.069293469789,12835.592570577126
0,10362.069293469789,11834.343628672952,10362.069293469789,11834.343628672952
0,10362.069293469789,11267.674088321357,10362.069293469789,11267.674088321357
0,10362.069293469789,11118.887291723213,10362.069293469789,11118.887291723213
0,10362.069293469789,11042.242040239706,10362.069293469789,11042.242040239706
0,10362.069293469789,10971.418074694344,10362.069293469789,10971.418074694344
0,10362.069293469789,10943.970362584105,10362.069293469789,10943.970362584105
0,10362.069293469789,10918.939643039606,10362.069293469789,10918.939643039606
0,10362.069293469789,10870.47776898504,10362.069293469789,10870.47776898504
