iter,best,mean
0,56352.13498345698,74358.62742519686
1,55764.90214430207,62533.72599472023
2,55764.90214430207,59915.54624727562
3,55764.90214430207,58499.624721658976
4,55764.90214430207,57777.00234187969
5,55764.90214430207,57337.89680060405
6,55764.90214430207,56994.96842335657
7,55764.90214430207,56480.73266738596
8,55764.90214430207,56149.53965394853
9,55764.90214430207,55949.88048863586
10,55764.90214430207,55764.902144302076
