{
  "algorithm": "nsga2",
  "cluster_id": 1,
  "final_distance": 53285.399999999994,
  "final_cost": 100000.0,
  "final_time": 3827.1,
  "score": 53285.399999999994,
  "solving_time_s": 0.40459227561950684,
  "iterations": 39,
  "epoch": 0,
  "time_limit_per_cluster": 0.39999999999999997
}