{
  "algorithm": "nsga2",
  "scorer": "distance",
  "cluster_id": 2,
  "final_distance": 49512.42825179481,
  "final_cost": NaN,
  "final_time": 0.0,
  "score": 49512.42825179481,
  "runtime_s": 1.0169352083466947,
  "iterations": 18
}