{
  "algorithm": "nsga2",
  "scorer": "distance",
  "cluster_id": 0,
  "final_distance": 2893.0,
  "final_cost": 2358396.0,
  "final_time": 206.56299909525518,
  "score": 2893.0,
  "solving_time_s": 37.51467514038086,
  "iterations": 3,
  "epoch": 0
}