iter,best,mean,best_route_time,mean_route_time
0,2893.0,5540.065,206.56299909525518,398.3821636281762
1,2893.0,5540.065,206.56299909525518,398.3821636281762
1,2893.0,3418.695,206.56299909525518,245.52693338404282
2,2893.0,3418.695,206.56299909525518,245.52693338404282
2,2893.0,3314.385,206.56299909525518,238.09016741594635
3,2893.0,3314.385,206.56299909525518,238.09016741594635
