vehicle_id,vehicle_name,num_stops_including_depot,capacity_used,capacity_max,capacity_utilization,distance_m,initial_cost,distance_cost,route_cost,stops_by_id
1,Truck-01,80,246.0,10000.0,0.0246,249416.35234066477,75819.0,789.0,196865320.9967845,"[0, 26, 8, 23, 46, 69, 25, 39, 70, 60, 72, 27, 12, 68, 51, 56, 58, 59, 18, 71, 30, 11, 16, 47, 75, 21, 64, 52, 28, 61, 73, 44, 55, 38, 50, 48, 41, 57, 49, 45, 1, 3, 54, 5, 63, 4, 9, 37, 17, 20, 19, 34, 24, 29, 2, 74, 36, 10, 22, 77, 7, 53, 66, 76, 13, 33, 42, 32, 40, 65, 67, 78, 14, 31, 62, 6, 35, 15, 43, 0]"
