iter,best,mean
0,28753.34426255828,35499.56813280101
1,28753.34426255828,30673.091246157066
2,28753.34426255828,28846.271847537337
3,28753.34426255828,28753.344262558272
4,28753.34426255828,28753.344262558272
