{
  "algorithm": "nsga2",
  "scorer": "distance",
  "cluster_id": 2,
  "final_distance": 29148.395268708537,
  "final_cost": NaN,
  "final_time": 0.0,
  "score": 29148.395268708537,
  "runtime_s": 1.0595227610319853,
  "iterations": 17
}