{
  "epoch": 53,
  "clusters": 1,
  "algorithm": "nsga2",
  "scorer": "distance",
  "sum_final_distance": 538.0,
  "sum_final_cost": 500301.0,
  "sum_final_time": 38.15449188902641,
  "epoch_runtime_s": 10.588660478591919,
  "total_cluster_solving_time_s": 10.580288648605347
}