iter,best,mean
0,7889.289240286451,10293.766629944317
1,7889.289240286451,8551.359651226552
2,7889.289240286451,7956.59572285783
3,7889.289240286451,7889.289240286452
4,7889.289240286451,7889.289240286452
