{
  "epoch": 14,
  "clusters": 1,
  "algorithm": "nsga2",
  "scorer": "distance",
  "sum_final_distance": 511.0,
  "sum_final_cost": 572889.0,
  "sum_final_time": 45.998176446225244,
  "epoch_runtime_s": 10.479191541671753,
  "total_cluster_runtime_s": 10.348633766174316
}