{
  "algorithm": "ga",
  "scorer": "distance",
  "cluster_id": 0,
  "final_distance": 35198.85657855278,
  "final_cost": 100000.0,
  "final_time": 35198.85657855278,
  "score": 35198.85657855278,
  "solving_time_s": 0.31000590324401855,
  "iterations": 29,
  "time_limit_per_cluster": 0.3
}