{
  "algorithm": "nsga2",
  "scorer": "distance",
  "final_distance": 11924.0,
  "final_cost": 9483855.0,
  "final_time": 847.5282429070367,
  "runtime_s": 46.916184979025275,
  "iterations": 1000,
  "epoch": 6
}