{
  "epoch": 83,
  "clusters": 1,
  "algorithm": "nsga2",
  "scorer": "distance",
  "sum_final_distance": 539.0,
  "sum_final_cost": 501090.0,
  "sum_final_time": 38.38953663484417,
  "epoch_runtime_s": 10.615111351013184,
  "total_cluster_solving_time_s": 10.605135679244995
}