{
  "algorithm": "nsga2",
  "scorer": "distance",
  "cluster_id": 0,
  "final_distance": 2668.0,
  "final_cost": 2180871.0,
  "final_time": 192.55782798085906,
  "score": 2668.0,
  "solving_time_s": 30.590602044016123,
  "iterations": 49
}