iter,best,mean,best_route_time,mean_route_time
0,73539.19999999998,90506.712,7275.799999999999,8239.582
0,68121.2,83687.83,6920.800000000002,7848.559
0,65169.9,79736.947,6634.3,7644.078
0,64573.100000000006,76281.525,6634.3,7440.596
0,64248.799999999996,73415.953,6580.099999999999,7273.308999999999
0,64063.099999999984,71725.47399999999,6580.099999999999,7162.46
0,64063.099999999984,70764.921,6580.099999999999,7100.097
0,64063.099999999984,69727.924,6580.099999999999,7036.566999999999
