iter,best,mean
0,19038.83051148115,25119.476255699807
1,18926.735998528693,20563.42816769524
2,18926.735998528693,19710.983690708188
3,18926.735998528693,19368.263581873878
4,18926.735998528693,19123.06054484601
5,18926.735998528693,19104.10246775963
6,18926.735998528693,19070.316209678982
7,18926.735998528693,19018.09302658495
8,18926.735998528693,18993.432233735406
9,18926.735998528693,18950.275846248707
10,18926.735998528693,18926.735998528693
11,18926.735998528693,18926.735998528693
