{
  "routes": [
    {
      "vehicle_id": 0,
      "vehicle_name": "Truck-01-c0",
      "capacity_used": 0.0,
      "capacity_max": 10000.0,
      "capacity_utilization": 0.0,
      "distance_m": 40616.901995888606,
      "time_s": 3008.9666542743716,
      "stops_by_id": [
        0,
        73,
        43,
        74,
        46,
        55,
        51,
        52,
        53,
        54,
        69,
        49,
        47,
        48,
        50,
        42,
        41,
        57,
        40,
        39,
        38,
        45,
        44,
        77,
        0
      ]
    }
  ]
}