{
  "algorithm": "nsga2",
  "scorer": "distance",
  "cluster_id": 0,
  "final_distance": 2801.0,
  "final_cost": 2285808.0,
  "final_time": 202.21526756786488,
  "score": 2801.0,
  "solving_time_s": 30.462810039520264,
  "iterations": 68,
  "epoch": 0
}