{
  "algorithm": "nsga2",
  "cluster_id": 0,
  "final_distance": 2725.0,
  "final_cost": 2225844.0,
  "final_time": 196.29232834204822,
  "score": 2725.0,
  "solving_time_s": 10.330294847488403,
  "iterations": 24,
  "epoch": 64,
  "time_limit_per_cluster": 10.0
}