{
  "algorithm": "ga",
  "scorer": "distance",
  "cluster_id": 6,
  "final_distance": 17064.472715032865,
  "final_cost": 100000.0,
  "final_time": 17064.472715032865,
  "score": 17064.472715032865,
  "solving_time_s": 0.3076019287109375,
  "iterations": 31,
  "time_limit_per_cluster": 0.3
}