vehicle_id,vehicle_name,num_stops_including_depot,capacity_used,capacity_max,capacity_utilization,distance_m,initial_cost,distance_cost,route_cost,stops_by_id
1,Truck-01,80,246.0,10000.0,0.0246,295157.3786441378,75819.0,789.0,232954990.75022474,"[0, 8, 26, 23, 46, 6, 35, 15, 43, 62, 31, 14, 78, 65, 42, 33, 13, 66, 76, 53, 7, 77, 22, 10, 36, 74, 34, 2, 20, 19, 24, 29, 39, 32, 40, 67, 25, 59, 18, 69, 16, 28, 61, 73, 44, 47, 75, 52, 11, 30, 71, 56, 58, 70, 60, 72, 27, 12, 68, 51, 64, 21, 55, 38, 50, 48, 41, 57, 49, 45, 1, 5, 54, 3, 63, 4, 17, 37, 9, 0]"
