{
  "algorithm": "pso",
  "scorer": "distance",
  "cluster_id": 0,
  "final_distance": 3221.0,
  "final_cost": 2617188.0,
  "final_time": 230.32856799425858,
  "score": 3221.0,
  "solving_time_s": 30.020263589001843,
  "iterations": 148
}