{
  "algorithm": "pso",
  "scorer": "distance",
  "cluster_id": 0,
  "final_distance": 2826.0,
  "final_cost": 2305533.0,
  "final_time": 203.25765910717286,
  "score": 2826.0,
  "solving_time_s": 30.16234129690565,
  "iterations": 4
}