iter,best,mean,best_route_time,mean_route_time
1,2937.0,22113.68,211.69814755389982,1592.76343348728
2,2937.0,17884.11,211.69814755389982,1288.7882741071815
3,2937.0,16944.23,211.69814755389982,1222.5915919369086
4,2937.0,16458.72,211.69814755389982,1186.268792747686
