{
  "routes": [
    {
      "vehicle_id": 0,
      "vehicle_name": "Truck-01-c5",
      "capacity_used": 0.0,
      "capacity_max": 10000.0,
      "capacity_utilization": 0.0,
      "distance_m": 28634.597508010527,
      "time_s": 1970.2799687434217,
      "stops_by_id": [
        0,
        74,
        43,
        73,
        0
      ]
    }
  ]
}