{
  "algorithm": "nsga2",
  "scorer": "distance",
  "cluster_id": 3,
  "final_distance": 16059.100000000002,
  "final_cost": 100000.0,
  "final_time": 1557.3,
  "score": 16059.100000000002,
  "solving_time_s": 0.300398588180542,
  "iterations": 11,
  "epoch": 0,
  "time_limit_per_cluster": 0.3
}