iter,best,mean,best_route_time,mean_route_time
0,73539.19999999998,90506.712,7275.799999999999,8239.582
0,65169.9,81169.773,6620.2,7720.246
0,65169.9,76926.828,6620.2,7489.840999999999
0,64391.2,74156.445,6620.2,7313.48
0,64063.099999999984,72311.47099999999,6580.099999999999,7204.094
0,64063.099999999984,70650.696,6580.099999999999,7097.084
0,64063.099999999984,69787.405,6580.099999999999,7049.151999999999
0,64063.099999999984,69023.515,6580.099999999999,7008.395
