{
  "algorithm": "aco",
  "scorer": "distance",
  "final_score": 254400.23021437728,
  "final_cost": 200797600.63914368,
  "runtime_s": 16.387089786992874,
  "iterations": 400
}