vehicle_id,vehicle_name,num_stops_including_depot,capacity_used,capacity_max,capacity_utilization,distance_m,time_s,initial_cost,distance_cost,route_cost,stops_by_id
1,Truck-01,80,246.0,10000.0,0.0246,256174.26157460973,18659.041951883555,75819.0,789.0,202197311.38236707,"[0, 8, 26, 23, 46, 69, 51, 56, 58, 59, 18, 71, 30, 11, 16, 44, 73, 61, 28, 52, 47, 75, 64, 21, 38, 55, 50, 48, 41, 57, 49, 5, 54, 3, 1, 45, 63, 17, 37, 9, 4, 34, 20, 19, 36, 74, 29, 24, 2, 60, 27, 72, 12, 68, 70, 39, 32, 40, 65, 33, 42, 10, 22, 77, 7, 53, 76, 66, 13, 78, 14, 31, 62, 6, 25, 67, 35, 15, 43, 0]"
