{
  "algorithm": "nsga2",
  "scorer": "distance",
  "cluster_id": 1,
  "final_distance": 28753.34426255828,
  "final_cost": NaN,
  "final_time": 0.0,
  "score": 28753.34426255828,
  "cluster_runtime_s": 1.057790756225586,
  "iterations": 15,
  "epoch": 0
}