{
  "algorithm": "aco",
  "cluster_id": 0,
  "final_distance": 558.0,
  "final_cost": 516081.0,
  "final_time": 40.31711992320486,
  "score": 558.0,
  "solving_time_s": 2.81766676902771,
  "iterations": 140,
  "time_limit_per_cluster": 2.8
}