{
  "algorithm": "nsga2",
  "scorer": "distance",
  "cluster_id": 0,
  "final_distance": 9280.058552493376,
  "final_cost": NaN,
  "final_time": 0.0,
  "score": 9280.058552493376,
  "runtime_s": 5.0051794848404825,
  "iterations": 97
}