{
  "routes": [
    {
      "vehicle_id": 0,
      "vehicle_name": "Truck-01-c1",
      "capacity_used": 0.0,
      "capacity_max": 10000.0,
      "capacity_utilization": 0.0,
      "distance_m": 32255.159096652314,
      "time_s": 2347.534831987424,
      "stops_by_id": [
        0,
        73,
        43,
        74,
        46,
        55,
        77,
        44,
        45,
        38,
        0
      ]
    }
  ]
}