iter,best,mean
0,19030.96641312591,25341.696617799
1,18926.735998528693,20499.239108876303
2,18926.735998528693,19802.026204103102
3,18926.735998528693,19467.517091632573
