{
  "algorithm": "ga",
  "scorer": "distance",
  "cluster_id": 0,
  "final_distance": 2821.0,
  "final_cost": 2301588.0,
  "final_time": 202.62955617767759,
  "score": 2821.0,
  "solving_time_s": 30.005682028000592,
  "iterations": 674
}