{
  "algorithm": "nsga2",
  "cluster_id": 0,
  "final_distance": 2798.0,
  "final_cost": 2283441.0,
  "final_time": 201.7681743846779,
  "score": 2798.0,
  "solving_time_s": 10.42192816734314,
  "iterations": 21,
  "epoch": 59,
  "time_limit_per_cluster": 10.0
}