iter,best,mean
0,15612.537020388307,21129.93924163362
1,15390.395446455967,17211.430226003704
2,15390.395446455967,16275.19507988276
3,15390.395446455967,15898.882034461036
4,15390.395446455967,15730.893998800679
