{
  "algorithm": "nsga2",
  "scorer": "distance",
  "cluster_id": 5,
  "final_distance": 17624.407992703695,
  "final_cost": NaN,
  "final_time": 0.0,
  "score": 17624.407992703695,
  "cluster_runtime_s": 1.0276803970336914,
  "iterations": 15,
  "epoch": 0
}