{
  "algorithm": "nsga2",
  "scorer": "distance",
  "cluster_id": 2,
  "final_distance": 10843.414214809163,
  "final_cost": NaN,
  "final_time": 0.0,
  "score": 10843.414214809163,
  "runtime_s": 1.0562186539173126,
  "iterations": 18
}