{
  "algorithm": "nsga2",
  "scorer": "distance",
  "cluster_id": 0,
  "final_distance": 2637.0,
  "final_cost": 2156412.0,
  "final_time": 190.9263267342252,
  "score": 2637.0,
  "solving_time_s": 30.076621853004326,
  "iterations": 154
}