iter,best,mean
0,32805.61244510949,41913.60364588078
1,32596.71175240232,34754.68036003447
2,32596.71175240232,33846.94684083523
