{
  "algorithm": "nsga2",
  "scorer": "distance",
  "cluster_id": 2,
  "final_distance": 14008.717910351812,
  "final_cost": NaN,
  "final_time": 0.0,
  "score": 14008.717910351812,
  "cluster_runtime_s": 1.008089303970337,
  "iterations": 15,
  "epoch": 0
}