iter,best,mean
1,9429.1,9429.100000000002
2,9429.1,9429.100000000002
3,9429.1,9429.100000000002
4,9429.1,9429.100000000002
5,9429.1,9429.100000000002
6,9429.1,9429.100000000002
