vehicle_id,vehicle_name,num_stops_including_depot,capacity_used,capacity_max,capacity_utilization,distance_m,initial_cost,distance_cost,route_cost,stops_by_id
1,Truck-01,80,246.0,10000.0,0.0246,273328.118773405,75819.0,789.0,215731704.71221653,"[0, 6, 25, 32, 40, 65, 67, 78, 14, 31, 62, 35, 15, 43, 26, 8, 23, 46, 69, 11, 16, 30, 71, 18, 59, 58, 56, 51, 68, 27, 49, 12, 64, 57, 41, 48, 50, 21, 75, 47, 52, 28, 61, 73, 44, 55, 38, 5, 54, 3, 1, 45, 63, 4, 9, 37, 17, 20, 19, 34, 29, 24, 2, 60, 72, 70, 39, 74, 36, 10, 53, 7, 77, 22, 42, 33, 13, 66, 76, 0]"
