vehicle_id,vehicle_name,num_stops_including_depot,capacity_used,capacity_max,capacity_utilization,distance_m,initial_cost,distance_cost,route_cost,stops_by_id
1,Truck-01,80,246.0,10000.0,0.0246,251728.17932652798,75819.0,789.0,198689352.4886306,"[0, 26, 8, 23, 46, 69, 16, 11, 30, 71, 51, 56, 58, 59, 18, 25, 67, 65, 40, 32, 39, 70, 60, 72, 27, 12, 68, 1, 45, 49, 57, 41, 48, 50, 21, 64, 75, 47, 52, 28, 61, 73, 44, 55, 38, 5, 54, 3, 63, 4, 9, 37, 17, 20, 19, 34, 29, 24, 2, 36, 74, 10, 22, 77, 7, 53, 66, 76, 13, 33, 42, 78, 14, 31, 62, 6, 35, 15, 43, 0]"
