{
  "algorithm": "nsga2",
  "scorer": "distance",
  "cluster_id": 0,
  "final_distance": 2673.0,
  "final_cost": 2184816.0,
  "final_time": 192.78446406438573,
  "score": 2673.0,
  "solving_time_s": 30.08684752300178,
  "iterations": 156
}