{
  "algorithm": "ga",
  "scorer": "distance",
  "cluster_id": 4,
  "final_distance": 14265.595765463851,
  "final_cost": 100000.0,
  "final_time": 14265.595765463851,
  "score": 14265.595765463851,
  "solving_time_s": 0.3054344654083252,
  "iterations": 50,
  "time_limit_per_cluster": 0.3
}