{
  "algorithm": "pso",
  "scorer": "distance",
  "cluster_id": 0,
  "final_distance": 3125.0,
  "final_cost": 2541444.0,
  "final_time": 225.36334348652974,
  "score": 3125.0,
  "solving_time_s": 30.056442447006702,
  "iterations": 149
}