iter,best,mean,best_route_time,mean_route_time
1,2937.0,22153.27,211.25727729631453,1596.3120489356995
2,2937.0,18058.75,211.25727729631453,1300.4936358336583
3,2937.0,17155.42,211.25727729631453,1234.9727472156255
4,2937.0,16504.79,211.25727729631453,1188.28344145093
