{
  "algorithm": "ga",
  "scorer": "distance",
  "cluster_id": 0,
  "final_distance": 2750.0,
  "final_cost": 2245569.0,
  "final_time": 199.6907464007896,
  "score": 2750.0,
  "solving_time_s": 30.014548573002685,
  "iterations": 673
}