{
  "algorithm": "ga",
  "scorer": "distance",
  "cluster_id": 0,
  "final_distance": 3254.0,
  "final_cost": 2643225.0,
  "final_time": 234.05189835054045,
  "score": 3254.0,
  "solving_time_s": 30.230764396023005,
  "iterations": 39
}