{
  "routes": [
    {
      "vehicle_id": 0,
      "vehicle_name": "Truck-01-c1",
      "capacity_used": 0.0,
      "capacity_max": 10000.0,
      "capacity_utilization": 0.0,
      "distance_m": 55028.690070409364,
      "time_s": 3902.029885305905,
      "stops_by_id": [
        0,
        12,
        15,
        16,
        14,
        13,
        70,
        11,
        10,
        7,
        19,
        2,
        3,
        1,
        22,
        23,
        24,
        26,
        0
      ]
    }
  ]
}