{
  "algorithm": "nsga2",
  "scorer": "distance",
  "cluster_id": 1,
  "final_distance": 25974.13920542577,
  "final_cost": NaN,
  "final_time": 0.0,
  "score": 25974.13920542577,
  "cluster_runtime_s": 1.0015637874603271,
  "iterations": 13,
  "epoch": 0
}