{
  "routes": [
    {
      "vehicle_id": 0,
      "vehicle_name": "Truck-01-c1",
      "capacity_used": 0.0,
      "capacity_max": 10000.0,
      "capacity_utilization": 0.0,
      "distance_m": 25974.13920542577,
      "time_s": 1891.146175915379,
      "stops_by_id": [
        0,
        58,
        6,
        8,
        36,
        30,
        68,
        37,
        31,
        34,
        32,
        78,
        72,
        29,
        33,
        35,
        71,
        20,
        0
      ]
    }
  ]
}