{
  "algorithm": "aco",
  "scorer": "distance",
  "cluster_id": 5,
  "final_distance": 19620.382050309996,
  "final_cost": 100000.0,
  "final_time": 19620.382050309996,
  "score": 19620.382050309996,
  "solving_time_s": 0.3036816120147705,
  "iterations": 71,
  "time_limit_per_cluster": 0.3
}