{
  "algorithm": "aco",
  "scorer": "distance",
  "cluster_id": 0,
  "final_distance": 2938.0,
  "final_cost": 2393901.0,
  "final_time": 210.99661290376005,
  "score": 2938.0,
  "solving_time_s": 30.115652102998865,
  "iterations": 194
}