{
  "algorithm": "nsga2",
  "scorer": "distance",
  "cluster_id": 0,
  "final_distance": 2733.0,
  "final_cost": 2232156.0,
  "final_time": 196.7811271895544,
  "score": 2733.0,
  "solving_time_s": 30.412173986434937,
  "iterations": 68,
  "epoch": 0
}