{
  "algorithm": "aco",
  "scorer": "distance",
  "cluster_id": 1,
  "final_distance": 20292.813902290956,
  "final_cost": 100000.0,
  "final_time": 20292.813902290956,
  "score": 20292.813902290956,
  "solving_time_s": 0.30332207679748535,
  "iterations": 26,
  "time_limit_per_cluster": 0.3
}