{
  "algorithm": "nsga2",
  "scorer": "distance",
  "cluster_id": 3,
  "final_distance": 15897.486744805085,
  "final_cost": NaN,
  "final_time": 0.0,
  "score": 15897.486744805085,
  "cluster_runtime_s": 5.000963926315308,
  "iterations": 70,
  "epoch": 0
}