{
  "algorithm": "pso",
  "scorer": "distance",
  "cluster_id": 6,
  "final_distance": 9866.344481482236,
  "final_cost": 100000.0,
  "final_time": 9866.344481482236,
  "score": 9866.344481482236,
  "solving_time_s": 0.3007974624633789,
  "iterations": 135,
  "time_limit_per_cluster": 0.3
}