{
  "algorithm": "nsga2",
  "scorer": "distance",
  "cluster_id": 0,
  "final_distance": 28266.12747444412,
  "final_cost": NaN,
  "final_time": 0.0,
  "score": 28266.12747444412,
  "runtime_s": 1.0426615090109408,
  "iterations": 17
}