{
  "algorithm": "nsga2",
  "cluster_id": 0,
  "final_distance": 2791.0,
  "final_cost": 2277918.0,
  "final_time": 202.07257214319193,
  "score": 2791.0,
  "solving_time_s": 10.286099433898926,
  "iterations": 25,
  "epoch": 56,
  "time_limit_per_cluster": 10.0
}