iter,best,mean
0,14520.049940185432,21391.657053505365
1,14520.049940185432,15711.286952012744
2,14520.049940185432,14520.049940185432
3,14520.049940185432,14520.049940185432
4,14520.049940185432,14520.049940185432
