iter,best,mean,best_route_time,mean_route_time
0,73539.19999999998,90506.712,7275.799999999999,8239.582
0,64384.100000000006,81919.359,6658.5,7769.354
0,64384.100000000006,77791.146,6658.5,7527.284000000001
0,64384.100000000006,75532.958,6658.5,7373.003
0,64198.39999999998,73270.00099999999,6658.5,7247.91
0,64198.39999999998,72009.594,6646.8,7185.526999999999
0,64198.39999999998,70899.48,6620.2,7126.526999999999
0,64198.39999999998,69925.86,6620.2,7070.714
