{
  "algorithm": "nsga2",
  "scorer": "distance",
  "cluster_id": 0,
  "final_distance": 2794.0,
  "final_cost": 2280285.0,
  "final_time": 199.44704979165374,
  "score": 2794.0,
  "solving_time_s": 40.229949712753296,
  "iterations": 3,
  "epoch": 0
}