{
  "algorithm": "nsga2",
  "scorer": "distance",
  "cluster_id": 0,
  "final_distance": 2628.0,
  "final_cost": 2149311.0,
  "final_time": 190.23682370234462,
  "score": 2628.0,
  "solving_time_s": 30.34001588821411,
  "iterations": 70,
  "epoch": 0
}