iter,best,mean,best_route_time,mean_route_time
0,2794.0,7195.165,199.44704979165374,517.9458338940049
1,2794.0,7195.165,199.44704979165374,517.9458338940049
1,2794.0,3403.53,199.44704979165374,245.07458893082523
2,2794.0,3403.53,199.44704979165374,245.07458893082523
2,2794.0,3294.525,199.44704979165374,237.1559392185714
3,2794.0,3294.525,199.44704979165374,237.1559392185714
