{
  "algorithm": "nsga2",
  "scorer": "distance",
  "cluster_id": 1,
  "final_distance": 20004.997380366458,
  "final_cost": NaN,
  "final_time": 0.0,
  "score": 20004.997380366458,
  "runtime_s": 1.0381512232124805,
  "iterations": 17
}