{
  "algorithm": "nsga2",
  "scorer": "distance",
  "cluster_id": 2,
  "final_distance": 11082.257434567427,
  "final_cost": NaN,
  "final_time": 0.0,
  "score": 11082.257434567427,
  "runtime_s": 1.0448993551544845,
  "iterations": 19
}