iter,best,mean
0,9107.463984902673,10481.644950272721
1,9107.463984902673,9413.113149034012
2,9107.463984902673,9263.060460210681
3,9107.463984902673,9129.24108202033
4,9107.463984902673,9107.463984902673
5,9107.463984902673,9107.463984902673
