iter,best,mean,best_route_time,mean_route_time
0,19143.034484593376,23844.600379725558,19143.034484593376,23844.600379725558
0,18969.13939766444,21784.976642123263,18969.13939766444,21784.976642123263
0,18969.13939766444,20918.742683458295,18969.13939766444,20918.742683458295
0,18969.13939766444,20544.093265330248,18969.13939766444,20544.093265330248
0,18969.13939766444,20363.84740029347,18969.13939766444,20363.84740029347
0,18969.13939766444,20189.095359224513,18969.13939766444,20189.095359224513
0,18969.13939766444,20035.61699053673,18969.13939766444,20035.61699053673
0,18969.13939766444,19921.798563678036,18969.13939766444,19921.798563678036
0,18969.13939766444,19882.89213272374,18969.13939766444,19882.89213272374
