{
  "algorithm": "ga",
  "scorer": "distance",
  "cluster_id": 2,
  "final_distance": 28428.12613246542,
  "final_cost": 100000.0,
  "final_time": 28428.12613246542,
  "score": 28428.12613246542,
  "solving_time_s": 0.30469751358032227,
  "iterations": 46,
  "time_limit_per_cluster": 0.3
}