{
  "algorithm": "nsga2",
  "scorer": "distance",
  "cluster_id": 5,
  "final_distance": 10346.652940356325,
  "final_cost": 100000.0,
  "final_time": 10346.652940356325,
  "score": 10346.652940356325,
  "solving_time_s": 0.3150763511657715,
  "iterations": 17,
  "time_limit_per_cluster": 0.3
}