{
  "algorithm": "nsga2",
  "scorer": "distance",
  "cluster_id": 6,
  "final_distance": 3457.3270020568557,
  "final_cost": NaN,
  "final_time": 0.0,
  "score": 3457.3270020568557,
  "runtime_s": 1.0665373662486672,
  "iterations": 18
}