iter,best,mean,best_route_time,mean_route_time
0,73539.19999999998,90506.712,7275.799999999999,8239.582
0,64384.100000000006,82892.853,6658.5,7825.6
0,64384.100000000006,79431.576,6658.5,7647.6179999999995
0,64063.099999999984,76291.962,6547.9,7430.99
0,64063.099999999984,74028.713,6580.099999999999,7317.722999999999
0,64063.099999999984,72115.968,6580.099999999999,7223.217
0,64063.099999999984,70756.976,6580.099999999999,7132.022
0,64063.099999999984,70222.219,6580.099999999999,7093.331999999999
