{
  "algorithm": "nsga2",
  "scorer": "distance",
  "cluster_id": 5,
  "final_distance": 1895.4269251271558,
  "final_cost": NaN,
  "final_time": 0.0,
  "score": 1895.4269251271558,
  "runtime_s": 1.0145041649229825,
  "iterations": 17
}