{
  "algorithm": "nsga2",
  "scorer": "distance",
  "cluster_id": 3,
  "final_distance": 6860.762697404631,
  "final_cost": NaN,
  "final_time": 0.0,
  "score": 6860.762697404631,
  "cluster_runtime_s": 5.062760591506958,
  "iterations": 73,
  "epoch": 0
}