{
  "algorithm": "nsga2",
  "cluster_id": 0,
  "final_distance": 65526.89999999999,
  "final_cost": 100000.0,
  "final_time": 6414.2,
  "score": 65526.89999999999,
  "solving_time_s": 0.4014925956726074,
  "iterations": 26,
  "epoch": 0,
  "time_limit_per_cluster": 0.39999999999999997
}