{
  "epoch": 61,
  "clusters": 1,
  "algorithm": "nsga2",
  "sum_final_distance": 2706.0,
  "sum_final_cost": 2210853.0,
  "sum_final_time": 194.7565393601303,
  "epoch_runtime_s": 10.170905590057373,
  "total_cluster_solving_time_s": 10.132641553878784
}