iter,best,mean,best_route_time,mean_route_time
0,22367.180625350244,27356.06503912209,22367.180625350244,27356.06503912209
0,22367.180625350244,25583.299293454907,22367.180625350244,25583.299293454907
0,22367.180625350244,24967.910993908336,22367.180625350244,24967.910993908336
0,22367.180625350244,24434.313770961446,22367.180625350244,24434.313770961446
0,22367.180625350244,24190.157097792522,22367.180625350244,24190.157097792522
0,22367.180625350244,24013.974783023375,22367.180625350244,24013.974783023375
0,22367.180625350244,23857.409283294808,22367.180625350244,23857.409283294808
0,22367.180625350244,23804.540852688886,22367.180625350244,23804.540852688886
0,22367.180625350244,23709.16932510665,22367.180625350244,23709.16932510665
