{
  "algorithm": "nsga2",
  "scorer": "distance",
  "cluster_id": 0,
  "final_distance": 511.0,
  "final_cost": 561054.0,
  "final_time": 45.07067981737195,
  "score": 511.0,
  "cluster_runtime_s": 10.73616623878479,
  "iterations": 14,
  "epoch": 39
}