{
  "algorithm": "nsga2",
  "scorer": "distance",
  "cluster_id": 4,
  "final_distance": 26261.414008405915,
  "final_cost": NaN,
  "final_time": 0.0,
  "score": 26261.414008405915,
  "runtime_s": 1.0132360039278865,
  "iterations": 19
}