{
  "algorithm": "aco",
  "cluster_id": 6,
  "final_distance": 39970.200000000004,
  "final_cost": 100000.0,
  "final_time": 3455.5,
  "score": 39970.200000000004,
  "solving_time_s": 0.4000365734100342,
  "iterations": 190,
  "time_limit_per_cluster": 0.39999999999999997
}