{
  "epoch": 38,
  "clusters": 1,
  "algorithm": "nsga2",
  "sum_final_distance": 2735.0,
  "sum_final_cost": 2233734.0,
  "sum_final_time": 197.37446387165787,
  "epoch_runtime_s": 10.352358102798462,
  "total_cluster_solving_time_s": 10.309551239013672
}