{
  "routes": [
    {
      "vehicle_id": 0,
      "vehicle_name": "Truck-01-c4",
      "capacity_used": 0.0,
      "capacity_max": 10000.0,
      "capacity_utilization": 0.0,
      "distance_m": 34964.47248983475,
      "time_s": 2493.8245010358314,
      "stops_by_id": [
        0,
        65,
        60,
        67,
        18,
        76,
        0
      ]
    }
  ]
}