iter,best,mean
0,15612.537020388307,20614.736124700263
1,15544.212266279323,16943.69103735369
2,15390.395446455967,16217.533754411344
3,15390.395446455967,15938.810942361017
4,15390.395446455967,15781.839045947481
