{
  "epoch": 46,
  "clusters": 1,
  "algorithm": "nsga2",
  "scorer": "distance",
  "sum_final_distance": 540.0,
  "sum_final_cost": 501879.0,
  "sum_final_time": 38.36790562956887,
  "epoch_runtime_s": 10.14473581314087,
  "total_cluster_solving_time_s": 10.134410381317139
}