{
  "epoch": 10,
  "clusters": 1,
  "algorithm": "nsga2",
  "scorer": "distance",
  "sum_final_distance": 538.0,
  "sum_final_cost": 500301.0,
  "sum_final_time": 38.32466800267995,
  "epoch_runtime_s": 10.513598680496216,
  "total_cluster_solving_time_s": 10.501439332962036
}