{
  "algorithm": "nsga2",
  "scorer": "distance",
  "cluster_id": 0,
  "final_distance": 11547.872638679934,
  "final_cost": 100000.0,
  "final_time": 11547.872638679934,
  "score": 11547.872638679934,
  "solving_time_s": 0.311572790145874,
  "iterations": 13,
  "epoch": 0,
  "time_limit_per_cluster": 0.3
}