{
  "algorithm": "nsga2",
  "scorer": "distance",
  "cluster_id": 5,
  "final_distance": 4652.769081605992,
  "final_cost": NaN,
  "final_time": 0.0,
  "score": 4652.769081605992,
  "runtime_s": 5.039843640755862,
  "iterations": 87
}