iter,best,mean
0,34466.924002617,46609.78045544191
1,34352.12377658861,41276.1774312085
2,33648.212942814906,39537.78808054819
3,33648.212942814906,38268.01493122521
4,33648.212942814906,36956.55904719972
5,33648.212942814906,35721.28798173266
6,33648.212942814906,34820.841134668284
7,33648.212942814906,34306.61828105274
8,33648.212942814906,34162.92247291633
9,33648.212942814906,34074.52586411983
10,33648.212942814906,33928.06698730996
11,33648.212942814906,33740.00292963232
