{
  "routes": [
    {
      "vehicle_id": 0,
      "vehicle_name": "Truck-01-c2",
      "capacity_used": 0.0,
      "capacity_max": 10000.0,
      "capacity_utilization": 0.0,
      "distance_m": 33648.212942814906,
      "time_s": 2471.4044302022894,
      "stops_by_id": [
        0,
        40,
        42,
        41,
        57,
        45,
        44,
        55,
        51,
        52,
        53,
        54,
        69,
        50,
        48,
        47,
        49,
        56,
        63,
        75,
        9,
        62,
        64,
        5,
        0
      ]
    }
  ]
}