{
  "algorithm": "nsga2",
  "scorer": "distance",
  "cluster_id": 1,
  "final_distance": 15390.395446455967,
  "final_cost": NaN,
  "final_time": 0.0,
  "score": 15390.395446455967,
  "runtime_s": 1.0153537853620946,
  "iterations": 17
}