iter,best,mean,best_route_time,mean_route_time
1,2881.0,6499.93,207.0991477281325,467.2588711270531
2,2872.0,3339.935,205.9618098538955,239.94482885817538
