{
  "epoch": 28,
  "clusters": 1,
  "algorithm": "nsga2",
  "scorer": "distance",
  "sum_final_distance": 547.0,
  "sum_final_cost": 507402.0,
  "sum_final_time": 39.22656653523521,
  "epoch_runtime_s": 10.019515037536621,
  "total_cluster_solving_time_s": 10.00917387008667
}