{
  "algorithm": "nsga2",
  "scorer": "distance",
  "cluster_id": 3,
  "final_distance": 34523.87218874544,
  "final_cost": NaN,
  "final_time": 0.0,
  "score": 34523.87218874544,
  "cluster_runtime_s": 0.3160264492034912,
  "iterations": 3,
  "epoch": 0
}