iter,best,mean
0,34677.53204668746,44277.909984667196
1,34523.87218874544,38182.13806417284
2,34523.87218874544,37113.08652573992
