{
  "routes": [
    {
      "vehicle_id": 0,
      "vehicle_name": "Truck-01-c3",
      "capacity_used": 0.0,
      "capacity_max": 10000.0,
      "capacity_utilization": 0.0,
      "distance_m": 57014.95857708731,
      "time_s": 4208.57562389218,
      "stops_by_id": [
        0,
        9,
        75,
        63,
        62,
        5,
        64,
        56,
        74,
        46,
        55,
        51,
        52,
        53,
        54,
        69,
        50,
        48,
        47,
        49,
        42,
        41,
        57,
        40,
        45,
        44,
        77,
        43,
        73,
        0
      ]
    }
  ]
}