{
  "algorithm": "nsga2",
  "scorer": "distance",
  "final_distance": 11898.0,
  "final_cost": 9463341.0,
  "final_time": 856.3832879582039,
  "runtime_s": 49.01994253695011,
  "iterations": 1000,
  "epoch": 9
}