vehicle_id,vehicle_name,num_stops_including_depot,capacity_used,capacity_max,capacity_utilization,distance_m,initial_cost,distance_cost,route_cost,stops_by_id
1,Truck-01,80,246.0,10000.0,0.0246,302050.3773895456,75819.0,789.0,238393566.76035148,"[0, 1, 45, 49, 5, 54, 3, 63, 9, 37, 17, 4, 20, 19, 34, 36, 74, 29, 24, 2, 60, 70, 39, 25, 18, 59, 58, 56, 51, 68, 27, 72, 12, 64, 57, 41, 48, 50, 38, 55, 21, 75, 47, 52, 28, 61, 44, 73, 16, 11, 71, 30, 69, 46, 8, 26, 23, 6, 62, 43, 15, 35, 31, 14, 78, 67, 65, 40, 32, 10, 22, 42, 33, 13, 66, 76, 53, 7, 77, 0]"
