{
  "algorithm": "nsga2",
  "cluster_id": 0,
  "final_distance": 2726.0,
  "final_cost": 2226633.0,
  "final_time": 196.97172389650225,
  "score": 2726.0,
  "solving_time_s": 10.472432374954224,
  "iterations": 22,
  "epoch": 26,
  "time_limit_per_cluster": 10.0
}