{
  "algorithm": "nsga2",
  "scorer": "distance",
  "cluster_id": 1,
  "final_distance": 51030.56993703417,
  "final_cost": NaN,
  "final_time": 0.0,
  "score": 51030.56993703417,
  "runtime_s": 1.0569263440556824,
  "iterations": 18
}