iter,best,mean
0,22367.211520216115,30425.26820217924
1,22367.211520216115,25073.915978444693
2,22367.211520216115,24153.47313863046
3,22367.211520216115,23633.98955117868
