iter,best,mean
1,34628.7756150199,46600.762762940954
2,34628.7756150199,38191.100541298416
3,34628.7756150199,37105.89585799189
4,34628.7756150199,36574.5003118684
5,34521.590875756956,36316.475022018865
6,34521.590875756956,36137.39982517853
7,34473.620735109056,35994.59496821275
8,34473.620735109056,35838.65701372127
9,34473.620735109056,35737.09981988333
10,34473.620735109056,35670.008019916415
11,34473.620735109056,35602.75493250074
