{
  "algorithm": "nsga2",
  "scorer": "distance",
  "cluster_id": 6,
  "final_distance": 10346.667231762001,
  "final_cost": NaN,
  "final_time": 0.0,
  "score": 10346.667231762001,
  "cluster_runtime_s": 5.047163963317871,
  "iterations": 71,
  "epoch": 0
}