iter,best,mean,best_route_time,mean_route_time
0,16407.23439360179,20533.000526446012,16407.23439360179,20533.000526446012
0,16407.23439360179,19434.304421002333,16407.23439360179,19434.304421002333
0,16407.23439360179,18823.811533643853,16407.23439360179,18823.811533643853
0,16407.23439360179,18569.374754355107,16407.23439360179,18569.374754355107
0,16407.23439360179,18364.767817521297,16407.23439360179,18364.767817521297
0,16407.23439360179,18246.65884791709,16407.23439360179,18246.65884791709
0,16407.23439360179,18209.06071518327,16407.23439360179,18209.06071518327
0,16407.23439360179,18110.03186708207,16407.23439360179,18110.03186708207
0,16407.23439360179,18026.635840939216,16407.23439360179,18026.635840939216
