{
  "algorithm": "nsga2",
  "cluster_id": 0,
  "final_distance": 2801.0,
  "final_cost": 2285808.0,
  "final_time": 202.4353184338786,
  "score": 2801.0,
  "solving_time_s": 10.133151531219482,
  "iterations": 24,
  "epoch": 83,
  "time_limit_per_cluster": 10.0
}