{
  "algorithm": "nsga2",
  "scorer": "distance",
  "cluster_id": 0,
  "final_distance": 31060.890979809024,
  "final_cost": NaN,
  "final_time": 0.0,
  "score": 31060.890979809024,
  "runtime_s": 1.0471479902043939,
  "iterations": 19
}