{
  "epoch": 90,
  "clusters": 1,
  "algorithm": "nsga2",
  "sum_final_distance": 2816.0,
  "sum_final_cost": 2297643.0,
  "sum_final_time": 204.51285068823623,
  "epoch_runtime_s": 10.337267637252808,
  "total_cluster_solving_time_s": 10.290402173995972
}