{
  "algorithm": "nsga2",
  "scorer": "distance",
  "cluster_id": 2,
  "final_distance": 14520.049940185432,
  "final_cost": NaN,
  "final_time": 0.0,
  "score": 14520.049940185432,
  "runtime_s": 1.046037205029279,
  "iterations": 18
}