{
  "algorithm": "nsga2",
  "scorer": "distance",
  "cluster_id": 2,
  "final_distance": 25805.596951003856,
  "final_cost": NaN,
  "final_time": 0.0,
  "score": 25805.596951003856,
  "cluster_runtime_s": 1.016049861907959,
  "iterations": 16,
  "epoch": 0
}