{
  "algorithm": "aco",
  "scorer": "distance",
  "final_score": 251973.7011914446,
  "final_cost": 198883069.24004978,
  "runtime_s": 57.87353179999627,
  "iterations": 400
}