iter,best,mean
0,5527.147740662383,6230.018162351134
1,5527.147740662383,5669.017387220845
2,5527.147740662383,5545.373595677038
3,5527.147740662383,5532.924592570992
4,5527.147740662383,5527.1477406623835
5,5527.147740662383,5527.1477406623835
