iter,best,mean
0,9280.058552493376,10305.441594544469
1,9280.058552493376,9584.521477402244
2,9280.058552493376,9336.222327838175
3,9280.058552493376,9297.65545980788
4,9280.058552493376,9280.058552493376
5,9280.058552493376,9280.058552493376
