{
  "algorithm": "nsga2",
  "scorer": "distance",
  "cluster_id": 0,
  "final_distance": 2754.0,
  "final_cost": 2248725.0,
  "final_time": 198.36221716706362,
  "score": 2754.0,
  "solving_time_s": 30.161583713001164,
  "iterations": 152
}