{
  "algorithm": "pso",
  "scorer": "distance",
  "cluster_id": 0,
  "final_distance": 2826.0,
  "final_cost": 2305533.0,
  "final_time": 205.14466372883166,
  "score": 2826.0,
  "solving_time_s": 30.34660615597386,
  "iterations": 4
}