{
  "algorithm": "pso",
  "scorer": "distance",
  "cluster_id": 0,
  "final_distance": 3251.0,
  "final_cost": 2640858.0,
  "final_time": 234.4602340620105,
  "score": 3251.0,
  "solving_time_s": 30.0210712650005,
  "iterations": 148
}