iter,best,mean,best_route_time,mean_route_time
1,2937.0,22025.47,211.59422100029167,1585.0916712905557
2,2937.0,17856.83,211.59422100029167,1283.8109980129004
3,2937.0,17016.84,211.59422100029167,1224.7284301468717
4,2937.0,16379.88,211.59422100029167,1179.6390106351964
