iter,best,mean
0,29249.817917126435,38262.641753587675
1,28930.65224616357,31957.235159238262
2,28930.65224616357,30601.02994949342
3,28930.65224616357,30118.053539531425
4,28930.65224616357,29686.192794626862
