{
  "algorithm": "ga",
  "scorer": "distance",
  "cluster_id": 3,
  "final_distance": 7813.717428491065,
  "final_cost": 100000.0,
  "final_time": 7813.717428491065,
  "score": 7813.717428491065,
  "solving_time_s": 0.3049967288970947,
  "iterations": 61,
  "time_limit_per_cluster": 0.3
}