{
  "algorithm": "nsga2",
  "scorer": "distance",
  "cluster_id": 3,
  "final_distance": 16206.745694968029,
  "final_cost": NaN,
  "final_time": 0.0,
  "score": 16206.745694968029,
  "runtime_s": 5.0663734511472285,
  "iterations": 72
}