{
  "algorithm": "ga",
  "cluster_id": 0,
  "final_distance": 556.0,
  "final_cost": 514503.0,
  "final_time": 40.2129909882945,
  "score": 556.0,
  "solving_time_s": 2.800757884979248,
  "iterations": 243,
  "time_limit_per_cluster": 2.8
}