iter,best,mean
0,18109.406576894628,23397.454056067436
1,18109.406576894628,18835.218438049214
2,18109.406576894628,18225.49651377561
3,18109.406576894628,18124.7270999218
4,18109.406576894628,18109.40657689463
