{
  "algorithm": "nsga2",
  "scorer": "distance",
  "cluster_id": 3,
  "final_distance": 41192.704896964104,
  "final_cost": NaN,
  "final_time": 0.0,
  "score": 41192.704896964104,
  "runtime_s": 1.011751038953662,
  "iterations": 19
}