{
  "algorithm": "nsga2",
  "cluster_id": 0,
  "final_distance": 550.0,
  "final_cost": 509769.0,
  "final_time": 39.44427897662202,
  "score": 550.0,
  "solving_time_s": 2.866220235824585,
  "iterations": 37,
  "epoch": 0,
  "time_limit_per_cluster": 2.8
}