vehicle_id,vehicle_name,num_stops_including_depot,capacity_used,capacity_max,capacity_utilization,distance_m,initial_cost,distance_cost,route_cost,stops_by_id
1,Truck-01,80,246.0,10000.0,0.0246,259161.80423952633,75819.0,789.0,204554482.54498628,"[0, 43, 15, 35, 31, 14, 78, 33, 42, 22, 76, 13, 66, 53, 7, 77, 10, 36, 74, 34, 29, 24, 2, 19, 20, 17, 37, 9, 4, 63, 45, 1, 3, 54, 5, 50, 55, 38, 44, 73, 61, 28, 16, 69, 46, 8, 26, 23, 18, 59, 71, 30, 11, 52, 47, 75, 64, 21, 48, 41, 57, 49, 72, 27, 12, 68, 51, 56, 58, 70, 60, 39, 32, 40, 65, 67, 25, 62, 6, 0]"
