{
  "algorithm": "aco",
  "scorer": "distance",
  "cluster_id": 1,
  "final_distance": 14520.02988426605,
  "final_cost": 100000.0,
  "final_time": 14520.02988426605,
  "score": 14520.02988426605,
  "solving_time_s": 0.30005383491516113,
  "iterations": 70,
  "time_limit_per_cluster": 0.3
}