{
  "algorithm": "ga",
  "scorer": "distance",
  "cluster_id": 0,
  "final_distance": 32688.592404259896,
  "final_cost": 100000.0,
  "final_time": 32688.592404259896,
  "score": 32688.592404259896,
  "solving_time_s": 0.3047480583190918,
  "iterations": 25,
  "time_limit_per_cluster": 0.3
}