iter,best,mean
0,32463.407047790213,41197.03914203716
1,31739.09286754135,34677.8557705975
2,31739.092867541345,33868.15169200545
