{
  "routes": [
    {
      "vehicle_id": 0,
      "vehicle_name": "Truck-01-c1",
      "capacity_used": 0.0,
      "capacity_max": 10000.0,
      "capacity_utilization": 0.0,
      "distance_m": 53102.966593616904,
      "time_s": 3712.93196611241,
      "stops_by_id": [
        0,
        73,
        43,
        74,
        46,
        55,
        77,
        44,
        45,
        38,
        39,
        40,
        57,
        41,
        42,
        49,
        47,
        48,
        50,
        53,
        52,
        51,
        54,
        69,
        56,
        64,
        5,
        62,
        75,
        63,
        0
      ]
    }
  ]
}