{
  "algorithm": "nsga2",
  "scorer": "distance",
  "cluster_id": 6,
  "final_distance": 21136.731107191423,
  "final_cost": NaN,
  "final_time": 0.0,
  "score": 21136.731107191423,
  "cluster_runtime_s": 1.0102336406707764,
  "iterations": 14,
  "epoch": 0
}