{
  "algorithm": "pso",
  "scorer": "distance",
  "cluster_id": 4,
  "final_distance": 18674.699999999997,
  "final_cost": 100000.0,
  "final_time": 2168.0,
  "score": 18674.699999999997,
  "solving_time_s": 0.30176877975463867,
  "iterations": 115,
  "time_limit_per_cluster": 0.3
}