{
  "algorithm": "nsga2",
  "scorer": "distance",
  "cluster_id": 5,
  "final_distance": 20341.970256542758,
  "final_cost": NaN,
  "final_time": 0.0,
  "score": 20341.970256542758,
  "runtime_s": 1.0340536502189934,
  "iterations": 17
}