{
  "routes": [
    {
      "vehicle_id": 0,
      "vehicle_name": "Truck-01-c3",
      "capacity_used": 0.0,
      "capacity_max": 10000.0,
      "capacity_utilization": 0.0,
      "distance_m": 25039.3026974999,
      "time_s": 1765.7875779138672,
      "stops_by_id": [
        0,
        10,
        11,
        14,
        15,
        16,
        13,
        70,
        0
      ]
    }
  ]
}