iter,best,mean,best_route_time,mean_route_time
1,2937.0,21989.81,210.54189333454937,1582.8918010053778
2,2937.0,17942.66,210.54189333454937,1292.5213029528065
3,2937.0,17100.06,210.54189333454937,1232.7682195510972
4,2937.0,16588.7,210.54189333454937,1194.3687174432127
