{
  "algorithm": "nsga2",
  "scorer": "distance",
  "cluster_id": 0,
  "final_distance": 2637.0,
  "final_cost": 2156412.0,
  "final_time": 189.33365629931822,
  "score": 2637.0,
  "solving_time_s": 30.132652086002054,
  "iterations": 151
}