iter,best,mean
0,22367.211520216115,31296.54294099262
1,22367.211520216115,24941.63732409892
2,22367.211520216115,23928.347577282006
3,22367.211520216115,23337.458641873112
4,22367.211520216115,22962.84587250503
5,22367.211520216115,22550.97783890238
6,22367.211520216115,22367.29179878964
7,22367.211520216115,22367.21152021611
8,22367.211520216115,22367.21152021611
9,22367.211520216115,22367.21152021611
10,22367.211520216115,22367.21152021611
11,22367.211520216115,22367.21152021611
