iter,best,mean
0,2972.1613509045806,3502.7273445377987
1,2972.1613509045806,3144.8025797349446
2,2972.1613509045806,2972.161350904581
3,2972.1613509045806,2972.161350904581
4,2972.1613509045806,2972.161350904581
