{
  "algorithm": "nsga2",
  "cluster_id": 0,
  "final_distance": 2792.0,
  "final_cost": 2278707.0,
  "final_time": 201.40270128950036,
  "score": 2792.0,
  "solving_time_s": 10.012713193893433,
  "iterations": 73,
  "epoch": 14,
  "time_limit_per_cluster": 10.0
}