{
  "algorithm": "nsga2",
  "scorer": "distance",
  "cluster_id": 3,
  "final_distance": 17624.407992703695,
  "final_cost": NaN,
  "final_time": 0.0,
  "score": 17624.407992703695,
  "runtime_s": 5.039595477748662,
  "iterations": 87
}