{
  "routes": [
    {
      "vehicle_id": 0,
      "vehicle_name": "Truck-01-c2",
      "capacity_used": 0.0,
      "capacity_max": 10000.0,
      "capacity_utilization": 0.0,
      "distance_m": 26968.052944708455,
      "time_s": 1955.4465720437684,
      "stops_by_id": [
        0,
        29,
        72,
        78,
        32,
        34,
        31,
        33,
        35,
        68,
        37,
        38,
        39,
        0
      ]
    }
  ]
}