iter,best,mean
0,12121.493360637236,14600.159137313496
1,12121.493360637236,12728.758153833513
2,12121.493360637236,12178.315163144614
3,12121.493360637236,12138.553445608508
4,12121.493360637236,12121.493360637236
5,12121.493360637236,12121.493360637236
