{
  "algorithm": "ga",
  "scorer": "distance",
  "cluster_id": 6,
  "final_distance": 7368.954640921345,
  "final_cost": 100000.0,
  "final_time": 7368.954640921345,
  "score": 7368.954640921345,
  "solving_time_s": 0.3014404773712158,
  "iterations": 38,
  "time_limit_per_cluster": 0.3
}