iter,best,mean
1,45864.84320278009,64221.711504536215
2,45157.990726321026,54455.009497786516
3,44817.64849962585,51184.19673146643
4,44817.64849962585,49401.88962440027
5,44817.64849962585,48271.28022401998
6,44817.64849962585,47409.76014847489
7,44817.64849962585,46790.23499804605
8,44817.64849962585,46287.36578000955
9,44817.64849962585,45722.71224322075
10,44817.64849962585,45319.582095442616
11,44817.64849962584,45194.29135573788
