{
  "algorithm": "nsga2",
  "cluster_id": 0,
  "final_distance": 2723.0,
  "final_cost": 2224266.0,
  "final_time": 196.72463030000475,
  "score": 2723.0,
  "solving_time_s": 10.170050621032715,
  "iterations": 23,
  "epoch": 35,
  "time_limit_per_cluster": 10.0
}