{
  "algorithm": "nsga2",
  "scorer": "distance",
  "cluster_id": 0,
  "final_distance": 20846.131358222065,
  "final_cost": 100000.0,
  "final_time": 20846.131358222065,
  "score": 20846.131358222065,
  "solving_time_s": 0.31670475006103516,
  "iterations": 10,
  "epoch": 0,
  "time_limit_per_cluster": 0.3
}