{
  "algorithm": "pso",
  "scorer": "distance",
  "cluster_id": 4,
  "final_distance": 14520.02988426605,
  "final_cost": 100000.0,
  "final_time": 14520.02988426605,
  "score": 14520.02988426605,
  "solving_time_s": 0.30192065238952637,
  "iterations": 107,
  "time_limit_per_cluster": 0.3
}