iter,best,mean,best_route_time,mean_route_time
0,48786.40000000001,61714.126,4574.700000000001,5204.321
0,48786.40000000001,57802.764,4431.4,4969.185
0,48786.40000000001,56547.324,4431.4,4916.871
0,48786.40000000001,55881.78,4431.4,4897.365
0,48786.40000000001,55488.97900000001,4431.4,4896.441
0,48786.40000000001,55217.852999999996,4431.4,4875.657999999999
0,48786.40000000001,55012.357,4431.4,4859.588
0,48786.40000000001,54811.39,4431.4,4847.986999999999
0,48786.40000000001,54780.348,4431.4,4849.759
