{
  "algorithm": "nsga2",
  "scorer": "distance",
  "cluster_id": 5,
  "final_distance": 1895.4269251271558,
  "final_cost": NaN,
  "final_time": 0.0,
  "score": 1895.4269251271558,
  "cluster_runtime_s": 1.070063591003418,
  "iterations": 15,
  "epoch": 0
}