{
  "algorithm": "pso",
  "scorer": "distance",
  "cluster_id": 6,
  "final_distance": 36420.78345411146,
  "final_cost": 100000.0,
  "final_time": 36420.78345411146,
  "score": 36420.78345411146,
  "solving_time_s": 0.30258727073669434,
  "iterations": 71,
  "time_limit_per_cluster": 0.3
}