iter,best,mean,best_route_time,mean_route_time
0,17306.059962605672,21041.893114015576,17306.059962605672,21041.893114015576
0,17154.8723312424,19329.676668736814,17154.8723312424,19329.676668736814
0,17154.8723312424,18715.089452346274,17154.8723312424,18715.089452346274
0,17154.8723312424,18482.19056208577,17154.8723312424,18482.19056208577
0,17154.8723312424,18299.876524423315,17154.8723312424,18299.876524423315
0,17064.47271503286,18159.415867782212,17064.47271503286,18159.415867782212
0,17064.47271503286,18100.673665100174,17064.47271503286,18100.673665100174
0,17064.47271503286,18008.17748142938,17064.47271503286,18008.17748142938
0,17064.47271503286,17938.008040670094,17064.47271503286,17938.008040670094
