{
  "algorithm": "nsga2",
  "scorer": "distance",
  "cluster_id": 0,
  "final_distance": 9233.727355942008,
  "final_cost": NaN,
  "final_time": 0.0,
  "score": 9233.727355942008,
  "cluster_runtime_s": 0.32677674293518066,
  "iterations": 5,
  "epoch": 0
}