{
  "algorithm": "nsga2",
  "scorer": "distance",
  "cluster_id": 2,
  "final_distance": 18973.53978154246,
  "final_cost": 100000.0,
  "final_time": 18973.53978154246,
  "score": 18973.53978154246,
  "solving_time_s": 0.3206911087036133,
  "iterations": 10,
  "epoch": 0,
  "time_limit_per_cluster": 0.3
}