iter,best,mean
0,8110.096083662847,11455.36603663692
1,8110.096083662847,9178.160055884631
2,8110.096083662847,8186.563857801752
3,8110.096083662847,8110.09608366285
4,8110.096083662847,8110.09608366285
5,8110.096083662847,8110.09608366285
