{
  "epoch": 90,
  "clusters": 1,
  "algorithm": "nsga2",
  "scorer": "distance",
  "sum_final_distance": 539.0,
  "sum_final_cost": 501090.0,
  "sum_final_time": 38.31932991302471,
  "epoch_runtime_s": 10.259143829345703,
  "total_cluster_solving_time_s": 10.250438213348389
}