{
  "epoch": 13,
  "clusters": 1,
  "algorithm": "nsga2",
  "scorer": "distance",
  "sum_final_distance": 543.0,
  "sum_final_cost": 504246.0,
  "sum_final_time": 39.30543221025572,
  "epoch_runtime_s": 10.199073791503906,
  "total_cluster_solving_time_s": 10.191111326217651
}