{
  "algorithm": "aco",
  "scorer": "distance",
  "final_distance": 248535.9157993211,
  "final_cost": 196170656.56566435,
  "final_time": 17842.70876672797,
  "runtime_s": 14.474844392156228,
  "iterations": 350
}