{
  "algorithm": "nsga2",
  "scorer": "distance",
  "cluster_id": 4,
  "final_distance": 19981.50937386134,
  "final_cost": NaN,
  "final_time": 0.0,
  "score": 19981.50937386134,
  "cluster_runtime_s": 0.31376218795776367,
  "iterations": 4,
  "epoch": 0
}