iter,best,mean
0,20065.339379173714,26207.16447629819
1,20021.66099331492,21643.83572262612
2,19981.50937386134,20919.501353445565
3,19981.50937386134,20662.368537734346
