iter,best,mean
0,19680.70094555468,22987.357636105342
1,19680.70094555468,21271.292062255157
2,19680.70094555468,20571.965313199304
3,19680.70094555468,20197.419625904982
4,19680.70094555468,20094.022892090088
5,19680.70094555468,20076.340669778412
