{
  "total_cost": 100000.0,
  "total_time": 1877.7999999999997,
  "routes": [
    {
      "vehicle_id": 0,
      "vehicle_name": "Truck-01-c4",
      "distance_m": 25839.4,
      "time_s": 1877.7999999999997,
      "route_cost": 100000.0,
      "stops_by_id": [
        0,
        63,
        75,
        62,
        0
      ],
      "legs": [
        {
          "from": 0,
          "to": 63,
          "distance_m": 12596.9,
          "time_s": 854.3
        },
        {
          "from": 63,
          "to": 75,
          "distance_m": 51.4,
          "time_s": 7.4
        },
        {
          "from": 75,
          "to": 62,
          "distance_m": 4260.2,
          "time_s": 439.0
        },
        {
          "from": 62,
          "to": 0,
          "distance_m": 8930.9,
          "time_s": 577.1
        }
      ],
      "distance_m_legs_sum": 25839.4,
      "time_s_legs_sum": 1877.7999999999997,
      "distance_m_diff": 0.0,
      "time_s_diff": 0.0
    }
  ]
}