vehicle_id,vehicle_name,num_stops_including_depot,capacity_used,capacity_max,capacity_utilization,distance_m,initial_cost,distance_cost,route_cost,stops_by_id
1,Truck-01,80,246.0,10000.0,0.0246,286322.51004953444,75819.0,789.0,225984279.42908266,"[0, 8, 46, 23, 18, 59, 25, 62, 6, 26, 43, 15, 35, 31, 14, 78, 67, 65, 40, 13, 66, 76, 7, 53, 77, 10, 22, 42, 33, 32, 58, 56, 70, 27, 72, 60, 2, 39, 29, 24, 34, 74, 36, 19, 20, 17, 37, 9, 4, 63, 3, 54, 5, 1, 45, 49, 12, 68, 51, 64, 75, 21, 41, 57, 48, 50, 55, 38, 44, 73, 16, 61, 28, 47, 52, 11, 71, 30, 69, 0]"
