iter,best,mean
0,23061.876029280458,29379.734896207156
1,23061.876029280458,24906.651482020872
2,23061.876029280458,23888.768936459684
3,23061.876029280458,23553.01327652928
4,23061.876029280458,23324.172663685604
5,23061.876029280458,23067.58548964707
