{
  "algorithm": "pso",
  "scorer": "distance",
  "cluster_id": 0,
  "final_distance": 2826.0,
  "final_cost": 2305533.0,
  "final_time": 204.72200830391327,
  "score": 2826.0,
  "solving_time_s": 30.010517228976823,
  "iterations": 4
}