iter,best,mean,best_route_time,mean_route_time
1,2937.0,22021.28,210.62344249003854,1584.804230312407
2,2937.0,17845.21,210.62344249003854,1285.9068059985548
3,2937.0,17012.17,210.62344249003854,1223.4511838359222
4,2937.0,16375.49,210.62344249003854,1177.9362495884418
