{
  "routes": [
    {
      "vehicle_id": 0,
      "vehicle_name": "Truck-01-c0",
      "capacity_used": 0.0,
      "capacity_max": 10000.0,
      "capacity_utilization": 0.0,
      "distance_m": 82188.5324912822,
      "time_s": 5930.106605901822,
      "stops_by_id": [
        0,
        12,
        67,
        18,
        76,
        60,
        59,
        65,
        10,
        11,
        16,
        15,
        14,
        13,
        70,
        7,
        22,
        23,
        1,
        19,
        2,
        3,
        17,
        4,
        9,
        61,
        0
      ]
    }
  ]
}