{
  "algorithm": "aco",
  "scorer": "distance",
  "cluster_id": 0,
  "final_distance": 19910.294707929508,
  "final_cost": 100000.0,
  "final_time": 19910.294707929508,
  "score": 19910.294707929508,
  "solving_time_s": 0.30748867988586426,
  "iterations": 31,
  "time_limit_per_cluster": 0.3
}