{
  "routes": [
    {
      "vehicle_id": 0,
      "vehicle_name": "Truck-01-c0",
      "capacity_used": 0.0,
      "capacity_max": 10000.0,
      "capacity_utilization": 0.0,
      "distance_m": 64978.67282240315,
      "time_s": 4509.452577162082,
      "stops_by_id": [
        0,
        12,
        15,
        16,
        14,
        13,
        70,
        11,
        10,
        65,
        59,
        60,
        67,
        18,
        76,
        61,
        4,
        17,
        3,
        2,
        19,
        0
      ]
    }
  ]
}