{
  "epoch": 59,
  "clusters": 1,
  "algorithm": "nsga2",
  "scorer": "distance",
  "sum_final_distance": 541.0,
  "sum_final_cost": 502668.0,
  "sum_final_time": 38.360668613803796,
  "epoch_runtime_s": 10.136786937713623,
  "total_cluster_solving_time_s": 10.124661445617676
}