{
  "epoch": 42,
  "clusters": 1,
  "algorithm": "nsga2",
  "sum_final_distance": 2766.0,
  "sum_final_cost": 2258193.0,
  "sum_final_time": 200.1153738789143,
  "epoch_runtime_s": 10.468200206756592,
  "total_cluster_solving_time_s": 10.429923057556152
}