{
  "algorithm": "nsga2",
  "cluster_id": 0,
  "final_distance": 549.0,
  "final_cost": 508980.0,
  "final_time": 39.84184763051773,
  "score": 549.0,
  "solving_time_s": 2.8497819900512695,
  "iterations": 35,
  "epoch": 0,
  "time_limit_per_cluster": 2.8
}