{
  "routes": [
    {
      "vehicle_id": 0,
      "vehicle_name": "Truck-01-c0",
      "capacity_used": 0.0,
      "capacity_max": 10000.0,
      "capacity_utilization": 0.0,
      "distance_m": 27489.811567309313,
      "time_s": 2013.3960860642726,
      "stops_by_id": [
        0,
        46,
        74,
        73,
        43,
        77,
        0
      ]
    }
  ]
}