{
  "algorithm": "nsga2",
  "scorer": "distance",
  "cluster_id": 5,
  "final_distance": 22033.67134014614,
  "final_cost": NaN,
  "final_time": 0.0,
  "score": 22033.67134014614,
  "cluster_runtime_s": 0.34185361862182617,
  "iterations": 5,
  "epoch": 0
}