iter,best,mean
0,22668.75803718392,30651.724086243074
1,22501.959252123117,24967.84312858998
2,22415.35415302908,24116.26559713938
3,22415.35415302908,23404.917254183907
4,22033.67134014614,23076.01854031711
