{
  "algorithm": "ga",
  "cluster_id": 1,
  "final_distance": 54088.0,
  "final_cost": 100000.0,
  "final_time": 3755.9,
  "score": 54088.0,
  "solving_time_s": 0.4005165100097656,
  "iterations": 640,
  "time_limit_per_cluster": 0.39999999999999997
}