{
  "epoch": 72,
  "clusters": 1,
  "algorithm": "nsga2",
  "scorer": "distance",
  "sum_final_distance": 538.0,
  "sum_final_cost": 500301.0,
  "sum_final_time": 38.20313805847393,
  "epoch_runtime_s": 10.261752367019653,
  "total_cluster_solving_time_s": 10.248194217681885
}