{
  "algorithm": "nsga2",
  "scorer": "distance",
  "cluster_id": 6,
  "final_distance": 21894.393858080974,
  "final_cost": NaN,
  "final_time": 0.0,
  "score": 21894.393858080974,
  "cluster_runtime_s": 1.0701572895050049,
  "iterations": 16,
  "epoch": 0
}