{
  "routes": [
    {
      "vehicle_id": 0,
      "vehicle_name": "Truck-01-c6",
      "capacity_used": 0.0,
      "capacity_max": 10000.0,
      "capacity_utilization": 0.0,
      "distance_m": 38031.6329409576,
      "time_s": 2747.1788157082974,
      "stops_by_id": [
        0,
        17,
        3,
        2,
        19,
        1,
        23,
        22,
        7,
        10,
        11,
        70,
        13,
        14,
        15,
        16,
        0
      ]
    }
  ]
}