iter,best,mean
0,6429.488352961436,8447.219903962723
1,6429.488352961436,6896.246642542323
2,6429.488352961436,6429.488352961436
3,6429.488352961436,6429.488352961436
4,6429.488352961436,6429.488352961436
