{
  "algorithm": "pso",
  "scorer": "distance",
  "cluster_id": 1,
  "final_distance": 21642.09005216263,
  "final_cost": 100000.0,
  "final_time": 21642.09005216263,
  "score": 21642.09005216263,
  "solving_time_s": 0.3025352954864502,
  "iterations": 95,
  "time_limit_per_cluster": 0.3
}