{
  "algorithm": "nsga2",
  "scorer": "distance",
  "cluster_id": 3,
  "final_distance": 12853.542038293546,
  "final_cost": 100000.0,
  "final_time": 12853.542038293546,
  "score": 12853.542038293546,
  "solving_time_s": 0.32030653953552246,
  "iterations": 11,
  "epoch": 0,
  "time_limit_per_cluster": 0.3
}