iter,best,mean
0,35976.85148770347,42548.389803462305
1,35976.85148770347,38193.36644748496
2,35976.85148770347,37163.02586188084
3,35976.85148770347,36535.23927862713
4,35976.85148770347,36145.68113809091
5,35976.85148770347,36100.86339004305
