iter,best,mean
0,19720.227280602758,26273.935895212348
1,19696.266286678343,21638.727082784917
2,19696.266286678343,20841.817205728617
3,19696.266286678343,20233.14266104859
