{
  "routes": [
    {
      "vehicle_id": 0,
      "vehicle_name": "Truck-01-c0",
      "capacity_used": 0.0,
      "capacity_max": 10000.0,
      "capacity_utilization": 0.0,
      "distance_m": 41060.140012753895,
      "time_s": 3052.881908351762,
      "stops_by_id": [
        0,
        73,
        43,
        74,
        46,
        55,
        51,
        52,
        54,
        69,
        53,
        50,
        48,
        47,
        49,
        56,
        64,
        62,
        75,
        63,
        0
      ]
    }
  ]
}