iter,best,mean
0,13444.822234261157,17576.3226381387
1,13444.822234261157,13882.618378736679
2,13444.822234261157,13444.822234261163
3,13444.822234261157,13444.822234261163
4,13444.822234261157,13444.822234261163
