{
  "algorithm": "nsga2",
  "scorer": "distance",
  "cluster_id": 4,
  "final_distance": 22021.22819192743,
  "final_cost": NaN,
  "final_time": 0.0,
  "score": 22021.22819192743,
  "runtime_s": 1.0543514098972082,
  "iterations": 19
}