{
  "algorithm": "nsga2",
  "scorer": "distance",
  "cluster_id": 0,
  "final_distance": 2624.0,
  "final_cost": 2146155.0,
  "final_time": 188.57497834261318,
  "score": 2624.0,
  "solving_time_s": 30.166547840999556,
  "iterations": 150
}