{
  "algorithm": "nsga2",
  "scorer": "distance",
  "cluster_id": 4,
  "final_distance": 14097.268858390591,
  "final_cost": NaN,
  "final_time": 0.0,
  "score": 14097.268858390591,
  "runtime_s": 5.035020609851927,
  "iterations": 88
}