iter,best,mean
0,28753.34426255828,36503.95807340169
1,28753.34426255828,30655.021126581356
2,28753.34426255828,28857.04326534526
3,28753.34426255828,28753.344262558272
