{
  "routes": [
    {
      "vehicle_id": 0,
      "vehicle_name": "Truck-01-c4",
      "capacity_used": 0.0,
      "capacity_max": 10000.0,
      "capacity_utilization": 0.0,
      "distance_m": 17923.758731534712,
      "time_s": 1293.7988621958448,
      "stops_by_id": [
        0,
        55,
        51,
        52,
        54,
        53,
        69,
        49,
        47,
        48,
        50,
        42,
        41,
        57,
        0
      ]
    }
  ]
}