vehicle_id,vehicle_name,num_stops_including_depot,capacity_used,capacity_max,capacity_utilization,distance_m,initial_cost,distance_cost,route_cost,stops_by_id
1,Truck-01,80,246.0,10000.0,0.0246,277237.7790609313,75819.0,789.0,218816426.6790748,"[0, 35, 15, 43, 6, 26, 8, 23, 46, 69, 18, 71, 30, 11, 16, 28, 61, 73, 44, 47, 55, 38, 50, 64, 52, 75, 21, 48, 41, 57, 49, 5, 54, 3, 45, 1, 63, 4, 9, 37, 17, 20, 19, 34, 36, 10, 74, 29, 24, 2, 60, 72, 27, 12, 68, 51, 56, 70, 39, 32, 40, 65, 33, 42, 22, 77, 7, 53, 76, 66, 13, 78, 14, 31, 62, 67, 25, 59, 58, 0]"
