{
  "algorithm": "nsga2",
  "scorer": "distance",
  "cluster_id": 3,
  "final_distance": 6387.881784169009,
  "final_cost": NaN,
  "final_time": 0.0,
  "score": 6387.881784169009,
  "runtime_s": 1.045556833036244,
  "iterations": 20
}