{
  "routes": [
    {
      "vehicle_id": 0,
      "vehicle_name": "Truck-01-c5",
      "capacity_used": 0.0,
      "capacity_max": 10000.0,
      "capacity_utilization": 0.0,
      "distance_m": 25098.89556481246,
      "time_s": 1854.6629511069896,
      "stops_by_id": [
        0,
        27,
        28,
        26,
        0
      ]
    }
  ]
}