{
  "algorithm": "nsga2",
  "scorer": "distance",
  "cluster_id": 4,
  "final_distance": 26261.414008405915,
  "final_cost": NaN,
  "final_time": 0.0,
  "score": 26261.414008405915,
  "cluster_runtime_s": 1.0670256614685059,
  "iterations": 16,
  "epoch": 0
}