{
  "algorithm": "pso",
  "scorer": "distance",
  "cluster_id": 2,
  "final_distance": 18939.096993341493,
  "final_cost": 100000.0,
  "final_time": 18939.096993341493,
  "score": 18939.096993341493,
  "solving_time_s": 0.30248475074768066,
  "iterations": 63,
  "time_limit_per_cluster": 0.3
}