{
  "algorithm": "nsga2",
  "cluster_id": 0,
  "final_distance": 2737.0,
  "final_cost": 2235312.0,
  "final_time": 196.9938416818601,
  "score": 2737.0,
  "solving_time_s": 10.289169549942017,
  "iterations": 19,
  "epoch": 49,
  "time_limit_per_cluster": 10.0
}