{
  "algorithm": "nsga2",
  "scorer": "distance",
  "cluster_id": 2,
  "final_distance": 20479.69575684281,
  "final_cost": NaN,
  "final_time": 0.0,
  "score": 20479.69575684281,
  "runtime_s": 1.0631403657607734,
  "iterations": 14
}