{
  "algorithm": "nsga2",
  "scorer": "distance",
  "cluster_id": 1,
  "final_distance": 14210.528961710083,
  "final_cost": NaN,
  "final_time": 0.0,
  "score": 14210.528961710083,
  "runtime_s": 5.065720524638891,
  "iterations": 80
}