{
  "algorithm": "nsga2",
  "scorer": "distance",
  "cluster_id": 1,
  "final_distance": 20367.573111000067,
  "final_cost": 100000.0,
  "final_time": 20367.573111000067,
  "score": 20367.573111000067,
  "solving_time_s": 0.3188149929046631,
  "iterations": 9,
  "epoch": 0,
  "time_limit_per_cluster": 0.3
}