iter,best,mean,best_route_time,mean_route_time
0,20691.495398763185,25950.75179375289,20691.495398763185,25950.75179375289
0,20479.667469121247,23617.649139898276,20479.667469121247,23617.649139898276
0,20479.667469121247,22374.521774818117,20479.667469121247,22374.521774818117
0,20479.667469121247,22011.55225387695,20479.667469121247,22011.55225387695
0,20479.667469121247,21694.347282048016,20479.667469121247,21694.347282048016
0,20479.667469121247,21504.74385683396,20479.667469121247,21504.74385683396
0,20479.667469121247,21366.184373089465,20479.667469121247,21366.184373089465
0,20367.573111000067,21283.635065971357,20367.573111000067,21283.635065971357
0,20367.573111000067,21211.801121904,20367.573111000067,21211.801121904
