{
  "algorithm": "nsga2",
  "scorer": "distance",
  "cluster_id": 1,
  "final_distance": 22696.905040854697,
  "final_cost": NaN,
  "final_time": 0.0,
  "score": 22696.905040854697,
  "cluster_runtime_s": 1.0833334922790527,
  "iterations": 16,
  "epoch": 6
}