iter,best,mean
0,12135.97440212252,15301.238641319931
1,12135.97440212252,12649.806650362483
2,12135.97440212252,12155.91048889197
3,12135.97440212252,12135.974402122521
4,12135.97440212252,12135.974402122521
