{
  "algorithm": "nsga2",
  "cluster_id": 0,
  "final_distance": 2742.0,
  "final_cost": 2239257.0,
  "final_time": 196.9201312871255,
  "score": 2742.0,
  "solving_time_s": 10.305416107177734,
  "iterations": 23,
  "epoch": 65,
  "time_limit_per_cluster": 10.0
}