iter,best,mean
0,19038.83051148115,26090.226535137488
1,18926.735998528693,20749.0453292455
2,18926.735998528693,19808.058577573287
3,18926.735998528693,19445.50322977917
4,18926.735998528693,19274.00277126385
5,18926.735998528693,19098.390870524625
6,18926.735998528693,19049.199370783605
7,18926.735998528693,19015.187508079347
8,18926.735998528693,18995.397314754686
