{
  "routes": [
    {
      "vehicle_id": 0,
      "vehicle_name": "Truck-01-c1",
      "capacity_used": 0.0,
      "capacity_max": 10000.0,
      "capacity_utilization": 0.0,
      "distance_m": 47790.636020386504,
      "time_s": 3438.6770963935946,
      "stops_by_id": [
        0,
        9,
        62,
        75,
        63,
        56,
        49,
        47,
        48,
        50,
        53,
        54,
        69,
        51,
        52,
        55,
        46,
        74,
        73,
        43,
        77,
        44,
        45,
        57,
        41,
        42,
        40,
        64,
        5,
        0
      ]
    }
  ]
}