{
  "algorithm": "nsga2",
  "cluster_id": 0,
  "final_distance": 553.0,
  "final_cost": 512136.0,
  "final_time": 39.80649102534969,
  "score": 553.0,
  "solving_time_s": 2.8090360164642334,
  "iterations": 226,
  "time_limit_per_cluster": 2.8
}