{
  "routes": [
    {
      "vehicle_id": 0,
      "vehicle_name": "Truck-01-c1",
      "capacity_used": 0.0,
      "capacity_max": 10000.0,
      "capacity_utilization": 0.0,
      "distance_m": 37096.3858919381,
      "time_s": 2754.5881900149607,
      "stops_by_id": [
        0,
        9,
        75,
        63,
        62,
        64,
        5,
        40,
        57,
        41,
        42,
        49,
        47,
        48,
        50,
        53,
        52,
        51,
        54,
        69,
        56,
        0
      ]
    }
  ]
}