{
  "epoch": 12,
  "clusters": 1,
  "algorithm": "nsga2",
  "scorer": "distance",
  "sum_final_distance": 546.0,
  "sum_final_cost": 506613.0,
  "sum_final_time": 38.778680944763664,
  "epoch_runtime_s": 10.201887369155884,
  "total_cluster_solving_time_s": 10.193509101867676
}