vehicle_id,vehicle_name,num_stops_including_depot,capacity_used,capacity_max,capacity_utilization,distance_m,initial_cost,distance_cost,route_cost,stops_by_id
1,Truck-01,80,246.0,10000.0,0.0246,304050.5650946239,75819.0,789.0,239971714.85965824,"[0, 1, 45, 63, 3, 54, 5, 38, 55, 47, 44, 73, 61, 28, 52, 16, 11, 69, 46, 23, 8, 26, 43, 15, 35, 62, 6, 25, 59, 18, 30, 71, 51, 56, 58, 39, 32, 40, 67, 31, 14, 78, 65, 33, 13, 66, 76, 53, 7, 77, 42, 22, 10, 36, 74, 19, 20, 17, 37, 9, 4, 34, 29, 24, 2, 60, 72, 27, 70, 68, 12, 49, 57, 41, 48, 50, 21, 64, 75, 0]"
