{
  "algorithm": "nsga2",
  "scorer": "distance",
  "cluster_id": 5,
  "final_distance": 11217.585559158699,
  "final_cost": NaN,
  "final_time": 0.0,
  "score": 11217.585559158699,
  "cluster_runtime_s": 0.36233997344970703,
  "iterations": 6,
  "epoch": 0
}