iter,best,mean
0,11217.585559158699,13764.083581711599
1,11217.585559158699,11902.721449192679
2,11217.585559158699,11505.960879212413
3,11217.585559158699,11249.093902535611
4,11217.585559158699,11217.5855591587
5,11217.585559158699,11217.5855591587
