iter,best,mean
0,37020.35277209068,50401.06929915957
1,37020.35277209068,41801.33754636245
2,37020.35277209068,39868.311878579
3,37020.35277209068,37998.602360767996
4,37020.35277209068,37143.35144215376
