{
  "algorithm": "nsga2",
  "cluster_id": 0,
  "final_distance": 2785.0,
  "final_cost": 2273184.0,
  "final_time": 199.94921415010268,
  "score": 2785.0,
  "solving_time_s": 10.383885145187378,
  "iterations": 29,
  "epoch": 89,
  "time_limit_per_cluster": 10.0
}