{
  "algorithm": "ga",
  "cluster_id": 0,
  "final_distance": 556.0,
  "final_cost": 514503.0,
  "final_time": 40.24662391601511,
  "score": 556.0,
  "solving_time_s": 2.8023698329925537,
  "iterations": 240,
  "time_limit_per_cluster": 2.8
}