{
  "algorithm": "nsga2",
  "scorer": "distance",
  "cluster_id": 4,
  "final_distance": 21037.992848443755,
  "final_cost": NaN,
  "final_time": 0.0,
  "score": 21037.992848443755,
  "cluster_runtime_s": 1.0437560081481934,
  "iterations": 13,
  "epoch": 3
}