{
  "algorithm": "nsga2",
  "scorer": "distance",
  "cluster_id": 6,
  "final_distance": 5527.147740662383,
  "final_cost": NaN,
  "final_time": 0.0,
  "score": 5527.147740662383,
  "cluster_runtime_s": 0.3535020351409912,
  "iterations": 6,
  "epoch": 0
}