{
  "algorithm": "ga",
  "scorer": "distance",
  "cluster_id": 0,
  "final_distance": 11547.872638679934,
  "final_cost": 100000.0,
  "final_time": 11547.872638679934,
  "score": 11547.872638679934,
  "solving_time_s": 0.30293965339660645,
  "iterations": 65,
  "time_limit_per_cluster": 0.3
}