{
  "algorithm": "nsga2",
  "scorer": "distance",
  "cluster_id": 6,
  "final_distance": 9464.427687342237,
  "final_cost": NaN,
  "final_time": 0.0,
  "score": 9464.427687342237,
  "runtime_s": 1.0150573020800948,
  "iterations": 17
}