{
  "routes": [
    {
      "vehicle_id": 0,
      "vehicle_name": "Truck-01-c4",
      "capacity_used": 0.0,
      "capacity_max": 10000.0,
      "capacity_utilization": 0.0,
      "distance_m": 62905.02821115743,
      "time_s": 4550.153644837672,
      "stops_by_id": [
        0,
        61,
        9,
        4,
        17,
        1,
        23,
        22,
        7,
        19,
        2,
        3,
        65,
        59,
        60,
        76,
        0
      ]
    }
  ]
}