{
  "epoch": 32,
  "clusters": 1,
  "algorithm": "nsga2",
  "scorer": "distance",
  "sum_final_distance": 538.0,
  "sum_final_cost": 500301.0,
  "sum_final_time": 38.574858247848844,
  "epoch_runtime_s": 10.136123895645142,
  "total_cluster_solving_time_s": 10.125178098678589
}