iter,best,mean
0,31907.58774651305,44174.17067267996
1,31563.41911214102,36075.784096670686
2,31563.41911214102,34146.243289373495
3,31563.41911214102,32888.922846179325
4,31563.41911214102,32427.911235706677
