{
  "algorithm": "nsga2",
  "scorer": "distance",
  "cluster_id": 5,
  "final_distance": 5260.599496198047,
  "final_cost": NaN,
  "final_time": 0.0,
  "score": 5260.599496198047,
  "cluster_runtime_s": 0.342376708984375,
  "iterations": 5,
  "epoch": 0
}