iter,best,mean
0,9866.358109457704,11801.007957399122
1,9866.358109457704,10631.22020916614
2,9866.358109457704,10025.736587253152
3,9866.358109457704,9903.047953579091
4,9866.358109457704,9899.77207463968
5,9866.358109457704,9895.185844124506
