iter,best,mean
0,4806.261071374614,5237.310468688574
1,4806.261071374614,4906.055074390566
2,4806.261071374614,4806.2610713746135
3,4806.261071374614,4806.2610713746135
4,4806.261071374614,4806.2610713746135
