{
  "routes": [
    {
      "vehicle_id": 0,
      "vehicle_name": "Truck-01-c0",
      "capacity_used": 0.0,
      "capacity_max": 10000.0,
      "capacity_utilization": 0.0,
      "distance_m": 49280.2514102912,
      "time_s": 3473.166507463691,
      "stops_by_id": [
        0,
        73,
        43,
        77,
        44,
        45,
        38,
        39,
        40,
        57,
        41,
        42,
        50,
        48,
        47,
        49,
        53,
        54,
        69,
        52,
        51,
        55,
        46,
        74,
        56,
        63,
        75,
        62,
        64,
        5,
        0
      ]
    }
  ]
}