iter,best,mean
1,21866.2,28575.4495
2,21781.3,25560.5285
3,21781.3,24174.673
4,21393.399999999998,23449.105
5,21393.399999999998,22960.044500000004
