{
  "epoch": 30,
  "clusters": 1,
  "algorithm": "nsga2",
  "scorer": "distance",
  "sum_final_distance": 512.0,
  "sum_final_cost": 561843.0,
  "sum_final_time": 45.24643722128195,
  "epoch_runtime_s": 10.371693134307861,
  "total_cluster_runtime_s": 10.246196269989014
}