{
  "algorithm": "nsga2",
  "scorer": "distance",
  "cluster_id": 5,
  "final_distance": 5527.147740662383,
  "final_cost": NaN,
  "final_time": 0.0,
  "score": 5527.147740662383,
  "cluster_runtime_s": 5.02634859085083,
  "iterations": 80,
  "epoch": 0
}