{
  "algorithm": "nsga2",
  "scorer": "distance",
  "cluster_id": 0,
  "final_distance": 20254.025715223965,
  "final_cost": NaN,
  "final_time": 0.0,
  "score": 20254.025715223965,
  "cluster_runtime_s": 0.34467220306396484,
  "iterations": 4,
  "epoch": 0
}