iter,best,mean
0,20700.727654145314,25455.646888845306
1,20254.025715223965,22448.581109950683
2,20254.025715223965,21561.65487220343
3,20254.025715223965,21014.66247912566
