vehicle_id,vehicle_name,num_stops_including_depot,capacity_used,capacity_max,capacity_utilization,distance_m,initial_cost,distance_cost,route_cost,stops_by_id
1,Truck-01,80,246.0,10000.0,0.0246,310691.736946067,75819.0,789.0,245211599.45044687,"[0, 4, 20, 17, 37, 9, 63, 1, 45, 49, 3, 54, 5, 50, 38, 55, 47, 28, 44, 73, 61, 16, 69, 46, 23, 8, 26, 43, 15, 35, 62, 31, 14, 67, 78, 13, 66, 76, 53, 7, 77, 10, 22, 42, 33, 65, 40, 32, 39, 70, 56, 58, 59, 25, 6, 18, 71, 30, 11, 51, 52, 75, 64, 21, 48, 41, 57, 12, 68, 27, 72, 60, 2, 34, 19, 36, 24, 29, 74, 0]"
