{
  "algorithm": "nsga2",
  "scorer": "distance",
  "cluster_id": 4,
  "final_distance": 8090.561587223995,
  "final_cost": NaN,
  "final_time": 0.0,
  "score": 8090.561587223995,
  "cluster_runtime_s": 1.0134797096252441,
  "iterations": 15,
  "epoch": 0
}