{
  "algorithm": "nsga2",
  "scorer": "distance",
  "cluster_id": 1,
  "final_distance": 32312.89820576512,
  "final_cost": NaN,
  "final_time": 0.0,
  "score": 32312.89820576512,
  "runtime_s": 1.0598098780028522,
  "iterations": 11
}