{
  "algorithm": "nsga2",
  "scorer": "distance",
  "cluster_id": 3,
  "final_distance": 16104.538941100043,
  "final_cost": 100000.0,
  "final_time": 16104.538941100043,
  "score": 16104.538941100043,
  "solving_time_s": 0.30385589599609375,
  "iterations": 17,
  "time_limit_per_cluster": 0.3
}