{
  "algorithm": "aco",
  "scorer": "distance",
  "cluster_id": 3,
  "final_distance": 12853.542038293546,
  "final_cost": 100000.0,
  "final_time": 12853.542038293546,
  "score": 12853.542038293546,
  "solving_time_s": 0.301563024520874,
  "iterations": 40,
  "time_limit_per_cluster": 0.3
}