{
  "algorithm": "nsga2",
  "scorer": "distance",
  "cluster_id": 0,
  "final_distance": 31991.92555038915,
  "final_cost": NaN,
  "final_time": 0.0,
  "score": 31991.92555038915,
  "runtime_s": 1.0515058198943734,
  "iterations": 11
}