iter,best,mean
1,32755.015821059293,44453.26884010804
2,32243.80331683157,34559.34598195522
3,32243.80331683157,33804.48187628148
4,32243.80331683157,33487.56404840027
5,32243.80331683157,33290.66629471616
6,32243.80331683157,33111.50887834298
7,31991.92555038915,32993.123020333245
8,31991.92555038915,32919.629516841436
9,31991.92555038915,32840.20989486524
10,31991.92555038915,32769.33336129844
11,31991.92555038915,32690.56827127318
