{
  "algorithm": "nsga2",
  "scorer": "distance",
  "cluster_id": 3,
  "final_distance": 5901.694332618249,
  "final_cost": NaN,
  "final_time": 0.0,
  "score": 5901.694332618249,
  "runtime_s": 5.00722393207252,
  "iterations": 94
}