{
  "algorithm": "nsga2",
  "scorer": "distance",
  "cluster_id": 6,
  "final_distance": 7067.7805406334155,
  "final_cost": NaN,
  "final_time": 0.0,
  "score": 7067.7805406334155,
  "cluster_runtime_s": 0.3432273864746094,
  "iterations": 5,
  "epoch": 0
}