{
  "algorithm": "nsga2",
  "scorer": "distance",
  "cluster_id": 1,
  "final_distance": 11547.88858928085,
  "final_cost": NaN,
  "final_time": 0.0,
  "score": 11547.88858928085,
  "runtime_s": 1.0081030437722802,
  "iterations": 18
}