{
  "algorithm": "nsga2",
  "scorer": "distance",
  "cluster_id": 3,
  "final_distance": 26467.764826747767,
  "final_cost": NaN,
  "final_time": 0.0,
  "score": 26467.764826747767,
  "cluster_runtime_s": 1.0024855136871338,
  "iterations": 15,
  "epoch": 0
}