vehicle_id,vehicle_name,num_stops_including_depot,capacity_used,capacity_max,capacity_utilization,distance_m,initial_cost,distance_cost,route_cost,stops_by_id
1,Truck-01,80,246.0,10000.0,0.0246,252903.21069596414,75819.0,789.0,199616452.23911572,"[0, 26, 8, 23, 46, 69, 30, 18, 71, 11, 16, 61, 73, 44, 28, 52, 51, 68, 12, 49, 45, 1, 57, 41, 48, 50, 21, 64, 75, 47, 55, 38, 5, 54, 3, 63, 4, 9, 37, 17, 20, 19, 34, 36, 74, 29, 24, 2, 60, 72, 27, 70, 56, 58, 59, 25, 6, 62, 67, 65, 40, 32, 39, 33, 42, 22, 10, 77, 7, 53, 76, 66, 13, 78, 14, 31, 35, 15, 43, 0]"
