{
  "algorithm": "nsga2",
  "scorer": "distance",
  "cluster_id": 6,
  "final_distance": 5206.342533709232,
  "final_cost": NaN,
  "final_time": 0.0,
  "score": 5206.342533709232,
  "runtime_s": 1.0351360430940986,
  "iterations": 18
}