vehicle_id,vehicle_name,num_stops_including_depot,capacity_used,capacity_max,capacity_utilization,distance_m,initial_cost,distance_cost,route_cost,stops_by_id
1,Truck-01,80,246.0,10000.0,0.0246,287713.7874550107,75819.0,789.0,227081997.30200344,"[0, 8, 26, 69, 46, 23, 6, 62, 31, 14, 65, 13, 66, 76, 53, 7, 77, 42, 22, 10, 36, 74, 29, 34, 2, 45, 1, 41, 50, 48, 57, 49, 60, 70, 72, 27, 12, 68, 64, 21, 75, 47, 52, 51, 56, 58, 59, 25, 18, 71, 30, 11, 16, 28, 61, 73, 44, 55, 38, 5, 54, 3, 63, 4, 9, 37, 17, 19, 20, 24, 39, 32, 33, 40, 67, 78, 35, 43, 15, 0]"
