{
  "algorithm": "nsga2",
  "scorer": "distance",
  "cluster_id": 2,
  "final_distance": 29830.3249990521,
  "final_cost": NaN,
  "final_time": 0.0,
  "score": 29830.3249990521,
  "runtime_s": 1.017333623021841,
  "iterations": 17
}