{
  "routes": [
    {
      "vehicle_id": 0,
      "vehicle_name": "Truck-01-c2",
      "capacity_used": 0.0,
      "capacity_max": 10000.0,
      "capacity_utilization": 0.0,
      "distance_m": 53270.30049824646,
      "time_s": 3704.167636288711,
      "stops_by_id": [
        0,
        18,
        67,
        12,
        15,
        16,
        14,
        13,
        70,
        11,
        10,
        7,
        26,
        0
      ]
    }
  ]
}