{
  "algorithm": "pso",
  "scorer": "distance",
  "cluster_id": 0,
  "final_distance": 3017.0,
  "final_cost": 2456232.0,
  "final_time": 219.46355649852566,
  "score": 3017.0,
  "solving_time_s": 30.099458655997296,
  "iterations": 146
}