{
  "algorithm": "pso",
  "scorer": "distance",
  "cluster_id": 0,
  "final_distance": 2826.0,
  "final_cost": 2305533.0,
  "final_time": 203.27664266356032,
  "score": 2826.0,
  "solving_time_s": 30.514771273941733,
  "iterations": 4
}