iter,best,mean,best_route_time,mean_route_time
1,2937.0,21915.36,211.3999962299296,1577.927107683651
2,2937.0,17958.32,211.3999962299296,1293.0824859051077
3,2937.0,17198.78,211.3999962299296,1237.6109954298374
4,2937.0,16531.83,211.3999962299296,1190.1954560868655
