{
  "algorithm": "nsga2",
  "scorer": "distance",
  "cluster_id": 2,
  "final_distance": 20479.695756842815,
  "final_cost": NaN,
  "final_time": 0.0,
  "score": 20479.695756842815,
  "cluster_runtime_s": 0.3256845474243164,
  "iterations": 4,
  "epoch": 0
}