iter,best,mean
0,20479.695756842815,26254.94661575651
1,20479.695756842815,22865.616108553768
2,20479.695756842815,21838.90105171669
3,20479.695756842815,21193.24525327517
