{
  "algorithm": "aco",
  "scorer": "distance",
  "cluster_id": 0,
  "final_distance": 2796.0,
  "final_cost": 2281863.0,
  "final_time": 202.2946719125246,
  "score": 2796.0,
  "solving_time_s": 30.11914519399579,
  "iterations": 195
}