{
  "algorithm": "ga",
  "scorer": "distance",
  "final_distance": 246955.79158176502,
  "final_cost": 194923938.5580126,
  "final_time": 17798.376813207517,
  "runtime_s": 11.521727344952524,
  "iterations": 1000
}