vehicle_id,vehicle_name,num_stops_including_depot,capacity_used,capacity_max,capacity_utilization,distance_m,initial_cost,distance_cost,route_cost,stops_by_id
1,Truck-01,80,246.0,10000.0,0.0246,256460.4154114817,75819.0,789.0,202423086.75965905,"[0, 35, 15, 43, 26, 8, 23, 46, 69, 18, 71, 30, 11, 51, 64, 57, 41, 48, 50, 21, 75, 47, 52, 28, 61, 16, 73, 44, 55, 38, 5, 54, 3, 1, 49, 45, 63, 9, 37, 17, 4, 20, 2, 60, 72, 27, 12, 68, 56, 59, 58, 70, 39, 74, 29, 24, 34, 19, 36, 10, 22, 77, 7, 53, 76, 66, 13, 33, 42, 32, 40, 65, 78, 14, 31, 62, 67, 25, 6, 0]"
