vehicle_id,vehicle_name,num_stops_including_depot,capacity_used,capacity_max,capacity_utilization,distance_m,time_s,initial_cost,distance_cost,route_cost,stops_by_id
1,Truck-01,80,246.0,10000.0,0.0246,246955.79158176502,17798.376813207517,75819.0,789.0,194923938.5580126,"[0, 26, 8, 23, 46, 69, 30, 16, 11, 71, 18, 59, 58, 56, 51, 64, 21, 75, 47, 52, 28, 61, 73, 44, 38, 55, 50, 48, 41, 57, 49, 45, 1, 5, 54, 3, 63, 4, 9, 37, 17, 20, 19, 36, 10, 22, 77, 7, 53, 76, 66, 13, 33, 42, 74, 29, 24, 34, 2, 60, 72, 27, 12, 68, 70, 39, 32, 40, 65, 67, 78, 14, 31, 25, 6, 62, 35, 15, 43, 0]"
