{
  "algorithm": "nsga2",
  "scorer": "distance",
  "cluster_id": 4,
  "final_distance": 21391.956873265317,
  "final_cost": 100000.0,
  "final_time": 21391.956873265317,
  "score": 21391.956873265317,
  "solving_time_s": 0.3204946517944336,
  "iterations": 9,
  "epoch": 0,
  "time_limit_per_cluster": 0.3
}