iter,best,mean,best_route_time,mean_route_time
0,21402.55422151138,25317.529592250943,21402.55422151138,25317.529592250943
0,21402.554221511375,23729.354271109238,21402.554221511375,23729.354271109238
0,21402.554221511375,23158.280824138164,21402.554221511375,23158.280824138164
0,21402.554221511375,22849.141698300486,21402.554221511375,22849.141698300486
0,21402.554221511375,22732.195171697877,21402.554221511375,22732.195171697877
0,21402.554221511375,22564.195590051604,21402.554221511375,22564.195590051604
0,21402.554221511375,22461.831119764523,21402.554221511375,22461.831119764523
0,21402.554221511375,22412.879973739324,21402.554221511375,22412.879973739324
0,21391.956873265317,22300.279135831137,21391.956873265317,22300.279135831137
