{
  "algorithm": "ga",
  "scorer": "distance",
  "cluster_id": 2,
  "final_distance": 11613.845277651899,
  "final_cost": 100000.0,
  "final_time": 11613.845277651899,
  "score": 11613.845277651899,
  "solving_time_s": 0.3035306930541992,
  "iterations": 57,
  "time_limit_per_cluster": 0.3
}