{
  "algorithm": "pso",
  "scorer": "distance",
  "cluster_id": 1,
  "final_distance": 20612.56626081278,
  "final_cost": 100000.0,
  "final_time": 20612.56626081278,
  "score": 20612.56626081278,
  "solving_time_s": 0.30402398109436035,
  "iterations": 55,
  "time_limit_per_cluster": 0.3
}