{
  "epoch": 92,
  "clusters": 1,
  "algorithm": "nsga2",
  "scorer": "distance",
  "sum_final_distance": 538.0,
  "sum_final_cost": 500301.0,
  "sum_final_time": 38.14339688103072,
  "epoch_runtime_s": 10.291882753372192,
  "total_cluster_solving_time_s": 10.283392906188965
}