{
  "algorithm": "nsga2",
  "scorer": "distance",
  "cluster_id": 4,
  "final_distance": 6860.762697404631,
  "final_cost": NaN,
  "final_time": 0.0,
  "score": 6860.762697404631,
  "cluster_runtime_s": 0.34087085723876953,
  "iterations": 5,
  "epoch": 0
}