iter,best,mean
0,6860.762697404631,6860.76269740463
1,6860.762697404631,6860.76269740463
2,6860.762697404631,6860.76269740463
3,6860.762697404631,6860.76269740463
4,6860.762697404631,6860.76269740463
