{
  "epoch": 82,
  "clusters": 1,
  "algorithm": "nsga2",
  "sum_final_distance": 2720.0,
  "sum_final_cost": 2221899.0,
  "sum_final_time": 195.61711976986544,
  "epoch_runtime_s": 10.150445699691772,
  "total_cluster_solving_time_s": 10.111069202423096
}