iter,best,mean
0,5527.147740662383,6239.958628637655
1,5527.147740662383,5673.46652468958
2,5527.147740662383,5540.343376558257
3,5527.147740662383,5527.940641904741
4,5527.147740662383,5527.1477406623835
5,5527.147740662383,5527.1477406623835
