{
  "algorithm": "nsga2",
  "scorer": "distance",
  "cluster_id": 4,
  "final_distance": 6066.241614633636,
  "final_cost": NaN,
  "final_time": 0.0,
  "score": 6066.241614633636,
  "runtime_s": 1.0205403929576278,
  "iterations": 17
}