{
  "routes": [
    {
      "vehicle_id": 0,
      "vehicle_name": "Truck-01-c1",
      "capacity_used": 0.0,
      "capacity_max": 10000.0,
      "capacity_utilization": 0.0,
      "distance_m": 26642.668491560464,
      "time_s": 1957.2193443198596,
      "stops_by_id": [
        0,
        25,
        21,
        20,
        66,
        58,
        6,
        8,
        36,
        30,
        71,
        35,
        33,
        31,
        32,
        34,
        37,
        68,
        0
      ]
    }
  ]
}