{
  "algorithm": "ga",
  "scorer": "distance",
  "cluster_id": 4,
  "final_distance": 82728.2,
  "final_cost": 100000.0,
  "final_time": 6690.199999999998,
  "score": 82728.2,
  "solving_time_s": 1.0050313472747803,
  "iterations": 126,
  "time_limit_per_cluster": 1.0
}