iter,best,mean
0,22367.211520216115,30457.717167794533
1,22367.211520216115,24877.421375818623
2,22367.211520216115,23990.56124249925
3,22367.211520216115,23419.663319695712
4,22367.211520216115,23025.419459775938
