{
  "algorithm": "ga",
  "scorer": "distance",
  "cluster_id": 1,
  "final_distance": 20011.603152982192,
  "final_cost": 100000.0,
  "final_time": 20011.603152982192,
  "score": 20011.603152982192,
  "solving_time_s": 0.3027043342590332,
  "iterations": 32,
  "time_limit_per_cluster": 0.3
}