{
  "algorithm": "nsga2",
  "scorer": "distance",
  "cluster_id": 1,
  "final_distance": 28930.65224616357,
  "final_cost": NaN,
  "final_time": 0.0,
  "score": 28930.65224616357,
  "cluster_runtime_s": 0.33437657356262207,
  "iterations": 5,
  "epoch": 0
}