{
  "routes": [
    {
      "vehicle_id": 0,
      "vehicle_name": "Truck-01-c1",
      "capacity_used": 0.0,
      "capacity_max": 10000.0,
      "capacity_utilization": 0.0,
      "distance_m": 44914.37021984688,
      "time_s": 3191.4626921024606,
      "stops_by_id": [
        0,
        27,
        28,
        26,
        25,
        21,
        66,
        24,
        23,
        22,
        7,
        19,
        2,
        3,
        1,
        17,
        0
      ]
    }
  ]
}