{
  "algorithm": "nsga2",
  "scorer": "distance",
  "cluster_id": 4,
  "final_distance": 17585.98523637515,
  "final_cost": NaN,
  "final_time": 0.0,
  "score": 17585.98523637515,
  "cluster_runtime_s": 1.0409820079803467,
  "iterations": 17,
  "epoch": 0
}