{
  "algorithm": "nsga2",
  "scorer": "distance",
  "cluster_id": 0,
  "final_distance": 2604.0,
  "final_cost": 2130375.0,
  "final_time": 186.18628554809976,
  "score": 2604.0,
  "solving_time_s": 30.07206678390503,
  "iterations": 69,
  "epoch": 0
}