{
  "algorithm": "nsga2",
  "scorer": "distance",
  "cluster_id": 0,
  "final_distance": 2659.0,
  "final_cost": 2173770.0,
  "final_time": 190.6848905786118,
  "score": 2659.0,
  "solving_time_s": 30.382433652877808,
  "iterations": 29,
  "epoch": 0
}