iter,best,mean,best_route_time,mean_route_time
0,2866.0,7218.975,206.69065795031884,520.5190175282804
1,2866.0,7218.975,206.69065795031884,520.5190175282804
1,2866.0,3409.77,206.69065795031884,246.47140234688902
2,2866.0,3409.77,206.69065795031884,246.47140234688902
2,2866.0,3325.69,206.69065795031884,240.48160559786976
3,2866.0,3325.69,206.69065795031884,240.48160559786976
