iter,best,mean
0,9107.463984902673,10559.017502832874
1,9107.463984902673,9443.963831942965
2,9107.463984902673,9256.36309506488
3,9107.463984902673,9138.992082267248
4,9107.463984902673,9107.463984902673
5,9107.463984902673,9107.463984902673
6,9107.463984902673,9107.463984902673
7,9107.463984902673,9107.463984902673
8,9107.463984902673,9107.463984902673
9,9107.463984902673,9107.463984902673
10,9107.463984902673,9107.463984902673
11,9107.463984902673,9107.463984902673
12,9107.463984902673,9107.463984902673
13,9107.463984902673,9107.463984902673
14,9107.463984902673,9107.463984902673
15,9107.463984902673,9107.463984902673
