{
  "algorithm": "nsga2",
  "scorer": "distance",
  "cluster_id": 0,
  "final_distance": 28251.729257661555,
  "final_cost": NaN,
  "final_time": 0.0,
  "score": 28251.729257661555,
  "cluster_runtime_s": 1.0136079788208008,
  "iterations": 10,
  "epoch": 0
}