{
  "algorithm": "nsga2",
  "scorer": "distance",
  "cluster_id": 0,
  "final_distance": 2703.0,
  "final_cost": 2208486.0,
  "final_time": 194.22327997394427,
  "score": 2703.0,
  "solving_time_s": 30.133370876312256,
  "iterations": 29,
  "epoch": 0
}