iter,best,mean,best_route_time,mean_route_time
0,2849.0,6443.135,204.43219284207916,465.0267867254608
1,2849.0,6443.135,204.43219284207916,465.0267867254608
1,2849.0,3415.8,204.43219284207916,247.01101699790357
2,2849.0,3415.8,204.43219284207916,247.01101699790357
2,2849.0,3316.88,204.43219284207916,239.8189427337116
3,2849.0,3316.88,204.43219284207916,239.8189427337116
