{
  "algorithm": "pso",
  "cluster_id": 0,
  "final_distance": 630.0,
  "final_cost": 572889.0,
  "final_time": 45.949050146885114,
  "score": 630.0,
  "solving_time_s": 2.8232412338256836,
  "iterations": 126,
  "time_limit_per_cluster": 2.8
}