{
  "algorithm": "nsga2",
  "scorer": "distance",
  "cluster_id": 1,
  "final_distance": 17286.42500230639,
  "final_cost": NaN,
  "final_time": 0.0,
  "score": 17286.42500230639,
  "runtime_s": 1.0165672493167222,
  "iterations": 19
}