{
  "algorithm": "nsga2",
  "scorer": "distance",
  "cluster_id": 3,
  "final_distance": 17064.496285486355,
  "final_cost": NaN,
  "final_time": 0.0,
  "score": 17064.496285486355,
  "runtime_s": 1.0173892178572714,
  "iterations": 14
}