vehicle_id,vehicle_name,num_stops_including_depot,capacity_used,capacity_max,capacity_utilization,distance_m,initial_cost,distance_cost,route_cost,stops_by_id
1,Truck-01,80,246.0,10000.0,0.0246,271579.0561024087,75819.0,789.0,214351694.26480046,"[0, 6, 25, 67, 65, 14, 78, 31, 62, 35, 15, 43, 26, 8, 23, 69, 46, 18, 71, 51, 56, 58, 59, 30, 11, 16, 52, 28, 61, 73, 44, 47, 75, 64, 21, 55, 38, 50, 5, 54, 3, 1, 45, 49, 41, 48, 57, 12, 27, 72, 60, 2, 4, 63, 9, 37, 17, 20, 19, 34, 24, 29, 74, 36, 10, 22, 77, 7, 53, 76, 66, 13, 33, 42, 40, 32, 39, 70, 68, 0]"
