iter,best,mean
0,10843.414214809163,13804.240485727105
1,10843.414214809163,11524.94252252487
2,10843.414214809163,10843.414214809165
