{
  "algorithm": "nsga2",
  "scorer": "distance",
  "cluster_id": 0,
  "final_distance": 2699.0,
  "final_cost": 2205330.0,
  "final_time": 193.7511489510381,
  "score": 2699.0,
  "solving_time_s": 30.090636624998297,
  "iterations": 152
}