{
  "algorithm": "nsga2",
  "cluster_id": 6,
  "final_distance": 39693.9,
  "final_cost": 100000.0,
  "final_time": 3617.9,
  "score": 39693.9,
  "solving_time_s": 0.4034433364868164,
  "iterations": 39,
  "epoch": 0,
  "time_limit_per_cluster": 0.39999999999999997
}