{
  "algorithm": "nsga2",
  "scorer": "distance",
  "cluster_id": 0,
  "final_distance": 2703.0,
  "final_cost": 2208486.0,
  "final_time": 195.5989669850576,
  "score": 2703.0,
  "solving_time_s": 30.2630631190259,
  "iterations": 49
}