{
  "routes": [
    {
      "vehicle_id": 0,
      "vehicle_name": "Truck-01-c0",
      "capacity_used": 0.0,
      "capacity_max": 10000.0,
      "capacity_utilization": 0.0,
      "distance_m": 26389.165835459557,
      "time_s": 1895.8876508623416,
      "stops_by_id": [
        0,
        72,
        29,
        28,
        27,
        26,
        0
      ]
    }
  ]
}