{
  "algorithm": "nsga2",
  "scorer": "distance",
  "cluster_id": 5,
  "final_distance": 6180.058747041087,
  "final_cost": NaN,
  "final_time": 0.0,
  "score": 6180.058747041087,
  "runtime_s": 1.022250223904848,
  "iterations": 20
}