{
  "routes": [
    {
      "vehicle_id": 0,
      "vehicle_name": "Truck-01-c5",
      "capacity_used": 0.0,
      "capacity_max": 10000.0,
      "capacity_utilization": 0.0,
      "distance_m": 10659.338778022924,
      "time_s": 762.6886736441534,
      "stops_by_id": [
        0,
        25,
        21,
        20,
        66,
        58,
        6,
        0
      ]
    }
  ]
}