{
  "algorithm": "nsga2",
  "scorer": "distance",
  "cluster_id": 4,
  "final_distance": 21029.964991090816,
  "final_cost": NaN,
  "final_time": 0.0,
  "score": 21029.964991090816,
  "cluster_runtime_s": 0.30197930335998535,
  "iterations": 4,
  "epoch": 0
}