{
  "algorithm": "nsga2",
  "scorer": "distance",
  "cluster_id": 0,
  "final_distance": 28753.34426255828,
  "final_cost": NaN,
  "final_time": 0.0,
  "score": 28753.34426255828,
  "cluster_runtime_s": 0.3090534210205078,
  "iterations": 4,
  "epoch": 0
}