{
  "algorithm": "nsga2",
  "scorer": "distance",
  "cluster_id": 2,
  "final_distance": 17415.577698249705,
  "final_cost": NaN,
  "final_time": 0.0,
  "score": 17415.577698249705,
  "runtime_s": 5.045434400439262,
  "iterations": 68
}