{
  "algorithm": "nsga2",
  "cluster_id": 0,
  "final_distance": 545.0,
  "final_cost": 505824.0,
  "final_time": 38.929620680285936,
  "score": 545.0,
  "solving_time_s": 2.831922769546509,
  "iterations": 38,
  "epoch": 0,
  "time_limit_per_cluster": 2.8
}