{
  "epoch": 85,
  "clusters": 1,
  "algorithm": "nsga2",
  "sum_final_distance": 2738.0,
  "sum_final_cost": 2236101.0,
  "sum_final_time": 196.64794372851048,
  "epoch_runtime_s": 10.426498174667358,
  "total_cluster_solving_time_s": 10.386339664459229
}