iter,best,mean
0,16206.745694968029,23719.982247463366
1,16206.745694968029,17955.54014177938
2,16206.745694968029,16260.103384637556
3,16206.745694968029,16206.745694968033
4,16206.745694968029,16206.745694968033
