{
  "algorithm": "aco",
  "scorer": "distance",
  "cluster_id": 0,
  "final_distance": 844.0,
  "final_cost": 741735.0,
  "final_time": 61.28061836756075,
  "score": 844.0,
  "solving_time_s": 2.037837886950001,
  "iterations": 40
}