{
  "algorithm": "pso",
  "scorer": "distance",
  "cluster_id": 4,
  "final_distance": 9107.45140515512,
  "final_cost": 100000.0,
  "final_time": 9107.45140515512,
  "score": 9107.45140515512,
  "solving_time_s": 0.3018836975097656,
  "iterations": 135,
  "time_limit_per_cluster": 0.3
}