vehicle_id,vehicle_name,num_stops_including_depot,capacity_used,capacity_max,capacity_utilization,distance_m,initial_cost,distance_cost,route_cost,stops_by_id
1,Truck-01,80,246.0,10000.0,0.0246,280075.64979631954,75819.0,789.0,221055506.68929613,"[0, 2, 60, 70, 72, 27, 12, 68, 64, 21, 75, 47, 52, 28, 61, 16, 73, 44, 38, 55, 50, 41, 48, 57, 49, 45, 1, 5, 54, 3, 63, 9, 37, 17, 4, 20, 19, 34, 24, 29, 74, 36, 10, 22, 77, 7, 53, 76, 66, 13, 33, 42, 40, 65, 67, 32, 39, 25, 6, 62, 14, 78, 31, 35, 15, 43, 26, 8, 23, 46, 69, 30, 11, 51, 56, 58, 59, 18, 71, 0]"
