iter,best,mean
0,9107.463984902673,10672.643658909687
1,9107.463984902673,9426.48080603569
2,9107.463984902673,9263.054368557077
3,9107.463984902673,9120.031443488153
4,9107.463984902673,9107.463984902673
