{
  "algorithm": "ga",
  "scorer": "distance",
  "final_distance": 258653.89213813492,
  "final_cost": 204153739.89698845,
  "final_time": 18636.173001580148,
  "runtime_s": 11.57829567301087,
  "iterations": 1000
}