vehicle_id,vehicle_name,num_stops_including_depot,capacity_used,capacity_max,capacity_utilization,distance_m,initial_cost,distance_cost,route_cost,stops_by_id
1,Truck-01,80,246.0,10000.0,0.0246,250526.98880631416,75819.0,789.0,197741613.16818187,"[0, 26, 8, 23, 46, 69, 30, 11, 16, 52, 28, 61, 73, 44, 38, 55, 47, 75, 21, 64, 57, 41, 48, 50, 5, 54, 3, 1, 45, 63, 4, 9, 37, 17, 20, 19, 74, 36, 10, 22, 77, 7, 53, 76, 66, 13, 33, 42, 40, 32, 39, 29, 24, 34, 2, 60, 72, 27, 49, 12, 68, 70, 56, 58, 59, 51, 71, 18, 25, 6, 62, 67, 65, 78, 14, 31, 35, 15, 43, 0]"
