{
  "algorithm": "aco",
  "scorer": "distance",
  "cluster_id": 0,
  "final_distance": 2877.0,
  "final_cost": 2345772.0,
  "final_time": 207.649880358377,
  "score": 2877.0,
  "solving_time_s": 30.026749626005767,
  "iterations": 193
}