{
  "algorithm": "nsga2",
  "scorer": "distance",
  "cluster_id": 0,
  "final_distance": 28411.00567258394,
  "final_cost": NaN,
  "final_time": 0.0,
  "score": 28411.00567258394,
  "cluster_runtime_s": 5.031583547592163,
  "iterations": 68,
  "epoch": 0
}