{
  "algorithm": "nsga2",
  "scorer": "distance",
  "cluster_id": 1,
  "final_distance": 13446.897730916657,
  "final_cost": NaN,
  "final_time": 0.0,
  "score": 13446.897730916657,
  "cluster_runtime_s": 0.36635422706604004,
  "iterations": 6,
  "epoch": 0
}