{
  "algorithm": "aco",
  "scorer": "distance",
  "cluster_id": 0,
  "final_distance": 3308.0,
  "final_cost": 2685831.0,
  "final_time": 239.65048994015447,
  "score": 3308.0,
  "solving_time_s": 30.469641154049896,
  "iterations": 64
}