{
  "algorithm": "ga",
  "scorer": "distance",
  "cluster_id": 0,
  "final_distance": 3263.0,
  "final_cost": 2650326.0,
  "final_time": 232.6903607522194,
  "score": 3263.0,
  "solving_time_s": 30.189557102974504,
  "iterations": 39
}