{
  "algorithm": "ga",
  "scorer": "distance",
  "cluster_id": 0,
  "final_distance": 2778.0,
  "final_cost": 2267661.0,
  "final_time": 198.83122722602658,
  "score": 2778.0,
  "solving_time_s": 30.01033221000398,
  "iterations": 690
}