iter,best,mean,best_route_time,mean_route_time
1,3263.0,21516.18,232.6903607522194,1549.6543693286865
2,3263.0,14008.08,232.6903607522194,1011.0662256382664
3,3263.0,10301.66,232.6903607522194,744.0926733888357
4,3263.0,12377.94,232.6903607522194,894.0762713001907
5,3263.0,10503.4,232.6903607522194,757.8555728914638
6,3263.0,10731.8,232.6903607522194,774.1385828750288
7,3263.0,9811.06,232.6903607522194,707.2525336740073
8,3263.0,9497.58,232.6903607522194,685.2495526247886
9,3263.0,8221.82,232.6903607522194,593.7849630664355
10,3263.0,9040.72,232.6903607522194,653.2714712838872
11,3263.0,9481.06,232.6903607522194,683.9140538480721
12,3263.0,9236.28,232.6903607522194,665.4128324215345
13,3263.0,9281.66,232.6903607522194,668.541022550458
14,3263.0,7797.78,232.6903607522194,563.4268168572877
15,3263.0,9009.28,232.6903607522194,649.9661952075922
16,3263.0,9559.76,232.6903607522194,689.6013045186983
17,3263.0,10819.8,232.6903607522194,779.3440505740645
18,3263.0,10210.96,232.6903607522194,735.8674266692298
19,3263.0,9398.64,232.6903607522194,676.2458850781893
20,3263.0,10759.7,232.6903607522194,775.4716743940818
21,3263.0,9912.2,232.6903607522194,715.3290254919992
22,3263.0,8797.16,232.6903607522194,633.2544432916674
23,3263.0,9200.78,232.6903607522194,663.0742931573593
24,3263.0,10559.38,232.6903607522194,762.3471536762488
25,3263.0,9133.68,232.6903607522194,657.1867365452257
26,3263.0,9181.88,232.6903607522194,661.3753947380897
27,3263.0,10474.2,232.6903607522194,755.6522354488749
28,3263.0,11138.0,232.6903607522194,803.0225299672815
29,3263.0,12234.64,232.6903607522194,880.1681087588888
30,3263.0,9933.08,232.6903607522194,714.5016287995826
31,3263.0,9400.2,232.6903607522194,675.3943265627698
32,3263.0,9520.98,232.6903607522194,684.3764029100556
33,3263.0,8720.04,232.6903607522194,627.4556057572449
34,3263.0,10162.66,232.6903607522194,732.4555355946859
35,3263.0,10735.94,232.6903607522194,774.2109072036463
36,3263.0,8678.08,232.6903607522194,624.7221183729115
37,3263.0,7436.1,232.6903607522194,534.6057332396008
38,3263.0,10208.92,232.6903607522194,734.4601527392379
39,3263.0,11251.74,232.6903607522194,809.7813279554862
