{
  "epoch": 82,
  "clusters": 1,
  "algorithm": "nsga2",
  "scorer": "distance",
  "sum_final_distance": 538.0,
  "sum_final_cost": 500301.0,
  "sum_final_time": 38.379004898476495,
  "epoch_runtime_s": 10.53104043006897,
  "total_cluster_solving_time_s": 10.518807888031006
}