{
  "algorithm": "ga",
  "cluster_id": 0,
  "final_distance": 556.0,
  "final_cost": 514503.0,
  "final_time": 40.30147024049843,
  "score": 556.0,
  "solving_time_s": 2.808838367462158,
  "iterations": 244,
  "time_limit_per_cluster": 2.8
}