iter,best,mean,best_route_time,mean_route_time
0,8090.550412079946,9384.757166293946,8090.550412079946,9384.757166293946
0,8090.550412079946,9109.430893249793,8090.550412079946,9109.430893249793
0,8090.550412079946,8986.047384607537,8090.550412079946,8986.047384607537
0,8090.550412079946,8898.81322720373,8090.550412079946,8898.81322720373
0,8090.550412079946,8830.934135039708,8090.550412079946,8830.934135039708
0,8090.550412079946,8769.98404166459,8090.550412079946,8769.98404166459
0,8090.550412079946,8685.054837966509,8090.550412079946,8685.054837966509
0,8090.550412079946,8642.590236117469,8090.550412079946,8642.590236117469
0,8090.550412079946,8600.125634268428,8090.550412079946,8600.125634268428
