vehicle_id,vehicle_name,num_stops_including_depot,capacity_used,capacity_max,capacity_utilization,distance_m,initial_cost,distance_cost,route_cost,stops_by_id
1,Truck-01,80,246.0,10000.0,0.0246,291037.4879431586,75819.0,789.0,229704396.98715213,"[0, 8, 26, 46, 23, 43, 15, 35, 31, 67, 78, 14, 62, 6, 25, 18, 59, 56, 58, 39, 32, 40, 65, 33, 42, 76, 13, 66, 53, 7, 77, 22, 10, 36, 74, 19, 20, 34, 29, 24, 2, 60, 72, 70, 68, 12, 27, 49, 45, 1, 4, 17, 37, 9, 63, 3, 54, 5, 41, 57, 48, 50, 21, 75, 64, 51, 71, 30, 69, 11, 16, 52, 47, 55, 38, 44, 28, 61, 73, 0]"
