{
  "routes": [
    {
      "vehicle_id": 0,
      "vehicle_name": "Truck-01-c5",
      "capacity_used": 0.0,
      "capacity_max": 10000.0,
      "capacity_utilization": 0.0,
      "distance_m": 23664.37976322148,
      "time_s": 1758.7298840463118,
      "stops_by_id": [
        0,
        28,
        27,
        26,
        0
      ]
    }
  ]
}