{
  "algorithm": "nsga2",
  "scorer": "distance",
  "cluster_id": 3,
  "final_distance": 19922.81928314551,
  "final_cost": NaN,
  "final_time": 0.0,
  "score": 19922.81928314551,
  "cluster_runtime_s": 1.028865098953247,
  "iterations": 14,
  "epoch": 0
}