{
  "algorithm": "ga",
  "cluster_id": 0,
  "final_distance": 556.0,
  "final_cost": 514503.0,
  "final_time": 39.8961090699156,
  "score": 556.0,
  "solving_time_s": 2.8092572689056396,
  "iterations": 225,
  "time_limit_per_cluster": 2.8
}