{
  "algorithm": "nsga2",
  "scorer": "distance",
  "cluster_id": 0,
  "final_distance": 31663.14266659946,
  "final_cost": NaN,
  "final_time": 0.0,
  "score": 31663.14266659946,
  "runtime_s": 5.099057042039931,
  "iterations": 52
}