{
  "routes": [
    {
      "vehicle_id": 0,
      "vehicle_name": "Truck-01-c2",
      "capacity_used": 0.0,
      "capacity_max": 10000.0,
      "capacity_utilization": 0.0,
      "distance_m": 38589.90822411264,
      "time_s": 2782.957821900448,
      "stops_by_id": [
        0,
        12,
        15,
        16,
        14,
        13,
        70,
        11,
        10,
        7,
        19,
        2,
        3,
        0
      ]
    }
  ]
}