{
  "algorithm": "nsga2",
  "scorer": "distance",
  "cluster_id": 3,
  "final_distance": 16704.00430851816,
  "final_cost": NaN,
  "final_time": 0.0,
  "score": 16704.00430851816,
  "runtime_s": 1.0055392109788954,
  "iterations": 17
}