{
  "routes": [
    {
      "vehicle_id": 0,
      "vehicle_name": "Truck-01-c3",
      "capacity_used": 0.0,
      "capacity_max": 10000.0,
      "capacity_utilization": 0.0,
      "distance_m": 33153.71322233637,
      "time_s": 2338.2702699454712,
      "stops_by_id": [
        0,
        27,
        28,
        29,
        72,
        78,
        32,
        34,
        31,
        33,
        35,
        71,
        68,
        37,
        0
      ]
    }
  ]
}