{
  "algorithm": "pso",
  "scorer": "distance",
  "cluster_id": 1,
  "final_distance": 22415.323191665928,
  "final_cost": 100000.0,
  "final_time": 22415.323191665928,
  "score": 22415.323191665928,
  "solving_time_s": 0.30349016189575195,
  "iterations": 76,
  "time_limit_per_cluster": 0.3
}