{
  "algorithm": "nsga2",
  "scorer": "distance",
  "cluster_id": 5,
  "final_distance": 20031.20493224983,
  "final_cost": 100000.0,
  "final_time": 20031.20493224983,
  "score": 20031.20493224983,
  "solving_time_s": 0.31158018112182617,
  "iterations": 16,
  "time_limit_per_cluster": 0.3
}