vehicle_id,vehicle_name,num_stops_including_depot,capacity_used,capacity_max,capacity_utilization,distance_m,initial_cost,distance_cost,route_cost,stops_by_id
1,Truck-01,80,246.0,10000.0,0.0246,293173.68823231384,75819.0,789.0,231389859.01529562,"[0, 8, 23, 46, 69, 16, 73, 44, 61, 28, 52, 11, 30, 71, 51, 56, 58, 70, 68, 12, 57, 64, 21, 75, 47, 55, 38, 50, 48, 41, 5, 54, 3, 63, 1, 45, 49, 27, 72, 60, 2, 4, 9, 37, 17, 20, 19, 34, 24, 29, 74, 36, 10, 7, 53, 76, 77, 22, 42, 33, 39, 32, 40, 65, 67, 25, 59, 18, 26, 43, 15, 35, 6, 62, 31, 14, 78, 13, 66, 0]"
