iter,best,mean
0,11174.068749051847,14471.162881986513
1,11174.068749051847,12349.507024857718
2,11174.068749051847,11620.044786659711
3,11174.068749051847,11191.616635170807
4,11174.068749051847,11174.068749051847
