{
  "routes": [
    {
      "vehicle_id": 0,
      "vehicle_name": "Truck-01-c1",
      "capacity_used": 0.0,
      "capacity_max": 10000.0,
      "capacity_utilization": 0.0,
      "distance_m": 23195.935723261457,
      "time_s": 1631.9098101864079,
      "stops_by_id": [
        0,
        5,
        42,
        41,
        57,
        40,
        39,
        38,
        45,
        44,
        77,
        0
      ]
    }
  ]
}