{
  "algorithm": "nsga2",
  "scorer": "distance",
  "cluster_id": 3,
  "final_distance": 13251.457533827417,
  "final_cost": NaN,
  "final_time": 0.0,
  "score": 13251.457533827417,
  "runtime_s": 1.070318456273526,
  "iterations": 18
}