{
  "algorithm": "nsga2",
  "scorer": "distance",
  "cluster_id": 5,
  "final_distance": 11082.257434567427,
  "final_cost": NaN,
  "final_time": 0.0,
  "score": 11082.257434567427,
  "cluster_runtime_s": 0.3052680492401123,
  "iterations": 5,
  "epoch": 0
}