iter,best,mean
0,11082.257434567427,16739.2641226009
1,11082.257434567427,12599.375022398763
2,11082.257434567427,11328.732522102608
3,11082.257434567427,11082.25743456743
4,11082.257434567427,11082.257434567427
