iter,best,mean
0,6139.619189118178,7354.204331975975
1,6139.619189118178,6418.307847431783
2,6139.619189118178,6234.337457672194
3,6139.619189118178,6182.342661479151
4,6139.619189118178,6139.61918911818
