{
  "routes": [
    {
      "vehicle_id": 0,
      "vehicle_name": "Truck-01-c3",
      "capacity_used": 0.0,
      "capacity_max": 10000.0,
      "capacity_utilization": 0.0,
      "distance_m": 19508.21063988782,
      "time_s": 1486.8860347149953,
      "stops_by_id": [
        0,
        64,
        49,
        47,
        48,
        50,
        53,
        54,
        69,
        56,
        0
      ]
    }
  ]
}