{
  "algorithm": "nsga2",
  "scorer": "distance",
  "cluster_id": 6,
  "final_distance": 20479.69575684281,
  "final_cost": NaN,
  "final_time": 0.0,
  "score": 20479.69575684281,
  "cluster_runtime_s": 1.046868085861206,
  "iterations": 12,
  "epoch": 0
}