{
  "algorithm": "ga",
  "scorer": "distance",
  "cluster_id": 0,
  "final_distance": 2769.0,
  "final_cost": 2260560.0,
  "final_time": 198.1657001227581,
  "score": 2769.0,
  "solving_time_s": 30.026992119994247,
  "iterations": 681
}