{
  "algorithm": "pso",
  "scorer": "distance",
  "cluster_id": 2,
  "final_distance": 48786.40000000001,
  "final_cost": 100000.0,
  "final_time": 4578.6,
  "score": 48786.40000000001,
  "solving_time_s": 0.3007359504699707,
  "iterations": 103,
  "time_limit_per_cluster": 0.3
}