{
  "algorithm": "nsga2",
  "scorer": "distance",
  "cluster_id": 3,
  "final_distance": 8110.096083662847,
  "final_cost": NaN,
  "final_time": 0.0,
  "score": 8110.096083662847,
  "cluster_runtime_s": 0.35993361473083496,
  "iterations": 6,
  "epoch": 0
}