iter,best,mean
0,17195.697595310594,20819.232037439906
1,17195.697595310594,17890.407633070674
2,17195.697595310594,17195.697595310598
3,17195.697595310594,17195.697595310598
4,17195.697595310594,17195.697595310598
