{
  "epoch": 32,
  "clusters": 1,
  "algorithm": "nsga2",
  "sum_final_distance": 2743.0,
  "sum_final_cost": 2240046.0,
  "sum_final_time": 197.90692037070565,
  "epoch_runtime_s": 10.119588851928711,
  "total_cluster_solving_time_s": 10.078495979309082
}