{
  "algorithm": "ga",
  "scorer": "distance",
  "cluster_id": 0,
  "final_distance": 3117.0,
  "final_cost": 2535132.0,
  "final_time": 223.9228505168295,
  "score": 3117.0,
  "solving_time_s": 30.306685079005547,
  "iterations": 26
}