{
  "algorithm": "nsga2",
  "scorer": "distance",
  "cluster_id": 5,
  "final_distance": 12456.788445833894,
  "final_cost": NaN,
  "final_time": 0.0,
  "score": 12456.788445833894,
  "cluster_runtime_s": 1.0694584846496582,
  "iterations": 14,
  "epoch": 0
}