{
  "algorithm": "nsga2",
  "scorer": "distance",
  "cluster_id": 2,
  "final_distance": 28753.34426255828,
  "final_cost": NaN,
  "final_time": 0.0,
  "score": 28753.34426255828,
  "runtime_s": 5.018846123944968,
  "iterations": 77
}