{
  "epoch": 65,
  "clusters": 1,
  "algorithm": "nsga2",
  "sum_final_distance": 2742.0,
  "sum_final_cost": 2239257.0,
  "sum_final_time": 196.9201312871255,
  "epoch_runtime_s": 10.345278024673462,
  "total_cluster_solving_time_s": 10.305416107177734
}