{
  "algorithm": "nsga2",
  "cluster_id": 0,
  "final_distance": 554.0,
  "final_cost": 512925.0,
  "final_time": 39.79647020143323,
  "score": 554.0,
  "solving_time_s": 2.8018038272857666,
  "iterations": 224,
  "time_limit_per_cluster": 2.8
}