{
  "algorithm": "ga",
  "scorer": "distance",
  "final_score": 256997.58779134817,
  "final_cost": 202846915.7673737,
  "runtime_s": 11.496472110971808,
  "iterations": 1000
}