vehicle_id,vehicle_name,num_stops_including_depot,capacity_used,capacity_max,capacity_utilization,distance_m,initial_cost,distance_cost,route_cost,stops_by_id
1,Truck-01,80,246.0,10000.0,0.0246,256997.58779134817,75819.0,789.0,202846915.7673737,"[0, 26, 8, 23, 46, 69, 18, 25, 59, 58, 56, 71, 30, 11, 16, 28, 61, 73, 44, 47, 75, 52, 51, 64, 21, 55, 38, 50, 48, 57, 41, 5, 54, 3, 1, 45, 49, 12, 68, 27, 72, 60, 70, 39, 32, 40, 33, 42, 74, 29, 24, 34, 2, 4, 63, 9, 37, 17, 20, 19, 36, 10, 22, 77, 7, 53, 76, 66, 13, 65, 67, 78, 14, 31, 62, 6, 35, 15, 43, 0]"
