vehicle_id,vehicle_name,num_stops_including_depot,capacity_used,capacity_max,capacity_utilization,distance_m,initial_cost,distance_cost,route_cost,stops_by_id
1,Truck-01,80,246.0,10000.0,0.0246,317476.15894066833,75819.0,789.0,250564508.40418732,"[0, 1, 3, 54, 5, 38, 55, 50, 48, 41, 57, 12, 68, 27, 72, 60, 49, 45, 2, 24, 34, 20, 4, 63, 9, 37, 17, 19, 36, 74, 29, 39, 32, 33, 42, 22, 10, 77, 7, 53, 76, 66, 13, 40, 65, 78, 14, 31, 62, 35, 15, 43, 26, 8, 23, 6, 67, 25, 59, 51, 70, 58, 56, 71, 18, 46, 69, 30, 11, 16, 52, 75, 64, 21, 47, 44, 28, 61, 73, 0]"
