{
  "algorithm": "nsga2",
  "cluster_id": 3,
  "final_distance": 17197.2,
  "final_cost": 100000.0,
  "final_time": 1411.2999999999997,
  "score": 17197.2,
  "solving_time_s": 0.31744861602783203,
  "iterations": 15,
  "epoch": 0,
  "time_limit_per_cluster": 0.3
}