iter,best,mean
0,33903.03943229294,47314.243490923436
1,33903.03943229294,38096.98361546633
2,33903.03943229294,36172.83311705265
3,33903.03943229294,35079.966355866476
