{
  "routes": [
    {
      "vehicle_id": 0,
      "vehicle_name": "Truck-01-c1",
      "capacity_used": 0.0,
      "capacity_max": 10000.0,
      "capacity_utilization": 0.0,
      "distance_m": 56379.79677121089,
      "time_s": 4135.988116219665,
      "stops_by_id": [
        0,
        16,
        15,
        14,
        13,
        70,
        11,
        7,
        19,
        2,
        3,
        1,
        66,
        21,
        25,
        24,
        23,
        22,
        26,
        28,
        27,
        0
      ]
    }
  ]
}