{
  "algorithm": "nsga2",
  "scorer": "distance",
  "cluster_id": 5,
  "final_distance": 24645.54780904825,
  "final_cost": NaN,
  "final_time": 0.0,
  "score": 24645.54780904825,
  "runtime_s": 1.019505572039634,
  "iterations": 17
}