{
  "algorithm": "nsga2",
  "scorer": "distance",
  "cluster_id": 0,
  "final_distance": 32386.020884053043,
  "final_cost": NaN,
  "final_time": 0.0,
  "score": 32386.020884053043,
  "runtime_s": 1.0765835898928344,
  "iterations": 13
}