{
  "algorithm": "pso",
  "cluster_id": 0,
  "final_distance": 630.0,
  "final_cost": 572889.0,
  "final_time": 45.11841652758392,
  "score": 630.0,
  "solving_time_s": 2.8157663345336914,
  "iterations": 126,
  "time_limit_per_cluster": 2.8
}