{
  "algorithm": "nsga2",
  "scorer": "distance",
  "cluster_id": 5,
  "final_distance": 27489.811567309313,
  "final_cost": NaN,
  "final_time": 0.0,
  "score": 27489.811567309313,
  "cluster_runtime_s": 1.0235533714294434,
  "iterations": 14,
  "epoch": 0
}