{
  "algorithm": "nsga2",
  "cluster_id": 0,
  "final_distance": 543.0,
  "final_cost": 504246.0,
  "final_time": 38.65666619441469,
  "score": 543.0,
  "solving_time_s": 2.809792995452881,
  "iterations": 38,
  "epoch": 0,
  "time_limit_per_cluster": 2.8
}