{
  "algorithm": "nsga2",
  "scorer": "distance",
  "cluster_id": 0,
  "final_distance": 32010.95695207393,
  "final_cost": NaN,
  "final_time": 0.0,
  "score": 32010.95695207393,
  "runtime_s": 5.096491063013673,
  "iterations": 47
}