{
  "epoch": 5,
  "clusters": 1,
  "algorithm": "nsga2",
  "scorer": "distance",
  "sum_final_distance": 545.0,
  "sum_final_cost": 505824.0,
  "sum_final_time": 39.07462803375504,
  "epoch_runtime_s": 10.039307832717896,
  "total_cluster_solving_time_s": 10.031075477600098
}