{
  "algorithm": "nsga2",
  "cluster_id": 0,
  "final_distance": 2770.0,
  "final_cost": 2261349.0,
  "final_time": 199.51027178740387,
  "score": 2770.0,
  "solving_time_s": 10.465831756591797,
  "iterations": 22,
  "epoch": 28,
  "time_limit_per_cluster": 10.0
}