iter,best,mean
0,16004.902940063082,19517.995317283392
1,16004.902940063082,17271.025424009807
2,16004.902940063082,16415.494094603593
3,16004.902940063082,16119.406975609028
4,16004.902940063082,16004.902940063088
5,16004.902940063082,16004.902940063088
