{
  "routes": [
    {
      "vehicle_id": 0,
      "vehicle_name": "Truck-01-c2",
      "capacity_used": 0.0,
      "capacity_max": 10000.0,
      "capacity_utilization": 0.0,
      "distance_m": 34042.211575411915,
      "time_s": 2546.272334793746,
      "stops_by_id": [
        0,
        77,
        44,
        45,
        38,
        39,
        40,
        57,
        41,
        42,
        53,
        54,
        51,
        52,
        55,
        69,
        50,
        48,
        47,
        49,
        64,
        5,
        62,
        0
      ]
    }
  ]
}