vehicle_id,vehicle_name,num_stops_including_depot,capacity_used,capacity_max,capacity_utilization,distance_m,initial_cost,distance_cost,route_cost,stops_by_id
1,Truck-01,80,246.0,10000.0,0.0246,256560.69432056774,75819.0,789.0,202502206.81892794,"[0, 43, 15, 35, 6, 62, 31, 14, 78, 65, 40, 32, 39, 70, 51, 56, 58, 59, 18, 71, 30, 11, 16, 47, 75, 52, 28, 61, 73, 44, 38, 55, 50, 5, 54, 3, 4, 17, 37, 9, 63, 1, 45, 49, 57, 41, 48, 21, 64, 68, 12, 27, 72, 60, 2, 20, 19, 34, 24, 29, 74, 36, 10, 22, 77, 7, 53, 76, 66, 13, 33, 42, 67, 25, 69, 46, 23, 8, 26, 0]"
