{
  "routes": [
    {
      "vehicle_id": 1,
      "vehicle_name": "Truck-01",
      "capacity_used": 246.0,
      "capacity_max": 10000.0,
      "capacity_utilization": 0.0246,
      "distance_m": 259038.489174873,
      "time_s": 18906.937558499638,
      "stops_by_id": [
        0,
        43,
        15,
        35,
        31,
        14,
        78,
        13,
        66,
        76,
        53,
        7,
        77,
        33,
        42,
        22,
        10,
        36,
        74,
        39,
        70,
        60,
        2,
        24,
        29,
        34,
        19,
        20,
        4,
        17,
        37,
        9,
        63,
        1,
        45,
        49,
        72,
        27,
        68,
        12,
        57,
        41,
        48,
        50,
        3,
        54,
        5,
        38,
        55,
        47,
        44,
        73,
        61,
        28,
        16,
        52,
        75,
        21,
        64,
        51,
        56,
        58,
        59,
        71,
        11,
        30,
        69,
        46,
        8,
        26,
        23,
        18,
        25,
        32,
        40,
        65,
        67,
        62,
        6,
        0
      ]
    }
  ]
}