vehicle_id,vehicle_name,num_stops_including_depot,capacity_used,capacity_max,capacity_utilization,distance_m,initial_cost,distance_cost,route_cost,stops_by_id
1,Truck-01,80,246.0,10000.0,0.0246,248918.14611266664,75819.0,789.0,196472236.282894,"[0, 26, 8, 23, 46, 69, 18, 59, 58, 56, 68, 51, 71, 30, 11, 16, 73, 44, 61, 28, 52, 47, 75, 64, 21, 55, 38, 50, 48, 41, 57, 49, 12, 27, 72, 70, 60, 45, 1, 5, 54, 3, 63, 4, 9, 37, 17, 20, 19, 34, 36, 74, 29, 24, 2, 39, 32, 40, 65, 33, 42, 22, 10, 77, 7, 53, 76, 66, 13, 78, 14, 31, 62, 67, 25, 6, 35, 15, 43, 0]"
