{
  "routes": [
    {
      "vehicle_id": 0,
      "vehicle_name": "Truck-01-c5",
      "capacity_used": 0.0,
      "capacity_max": 10000.0,
      "capacity_utilization": 0.0,
      "distance_m": 23406.9545311546,
      "time_s": 1652.7998800134396,
      "stops_by_id": [
        0,
        16,
        15,
        14,
        13,
        70,
        7,
        0
      ]
    }
  ]
}