{
  "algorithm": "nsga2",
  "scorer": "distance",
  "cluster_id": 6,
  "final_distance": 15897.486744805085,
  "final_cost": NaN,
  "final_time": 0.0,
  "score": 15897.486744805085,
  "runtime_s": 5.053560269065201,
  "iterations": 88
}