{
  "algorithm": "nsga2",
  "scorer": "distance",
  "cluster_id": 6,
  "final_distance": 16829.86462794127,
  "final_cost": NaN,
  "final_time": 0.0,
  "score": 16829.86462794127,
  "runtime_s": 1.0061383349820971,
  "iterations": 16
}