{
  "epoch": 4,
  "clusters": 1,
  "algorithm": "nsga2",
  "scorer": "distance",
  "sum_final_distance": 541.0,
  "sum_final_cost": 502668.0,
  "sum_final_time": 39.01519635264028,
  "epoch_runtime_s": 10.088074684143066,
  "total_cluster_solving_time_s": 10.080409526824951
}