{
  "algorithm": "nsga2",
  "scorer": "distance",
  "cluster_id": 0,
  "final_distance": 17286.42500230639,
  "final_cost": NaN,
  "final_time": 0.0,
  "score": 17286.42500230639,
  "runtime_s": 5.005616368725896,
  "iterations": 88
}