{
  "algorithm": "ga",
  "scorer": "distance",
  "cluster_id": 0,
  "final_distance": 31633.841764987024,
  "final_cost": 100000.0,
  "final_time": 31633.841764987024,
  "score": 31633.841764987024,
  "solving_time_s": 0.3010680675506592,
  "iterations": 26,
  "time_limit_per_cluster": 0.3
}