{
  "epoch": 6,
  "clusters": 1,
  "algorithm": "nsga2",
  "sum_final_distance": 2709.0,
  "sum_final_cost": 2213220.0,
  "sum_final_time": 194.9917428418427,
  "epoch_runtime_s": 10.1607506275177,
  "total_cluster_solving_time_s": 10.120944261550903
}