{
  "algorithm": "nsga2",
  "scorer": "distance",
  "cluster_id": 5,
  "final_distance": 13541.492495322032,
  "final_cost": NaN,
  "final_time": 0.0,
  "score": 13541.492495322032,
  "cluster_runtime_s": 0.3636753559112549,
  "iterations": 6,
  "epoch": 0
}