iter,best,mean
0,13541.492495322032,16254.397108193947
1,13541.492495322032,14595.967332302385
2,13541.492495322032,13741.648693136589
3,13541.492495322032,13541.492495322034
4,13541.492495322032,13541.492495322032
5,13541.492495322032,13541.492495322032
