{
  "routes": [
    {
      "vehicle_id": 0,
      "vehicle_name": "Truck-01-c5",
      "capacity_used": 0.0,
      "capacity_max": 10000.0,
      "capacity_utilization": 0.0,
      "distance_m": 36757.0515056124,
      "time_s": 2651.3263123519764,
      "stops_by_id": [
        0,
        76,
        18,
        67,
        60,
        59,
        65,
        0
      ]
    }
  ]
}