{
  "algorithm": "pso",
  "cluster_id": 2,
  "final_distance": 49014.1,
  "final_cost": 100000.0,
  "final_time": 4067.1,
  "score": 49014.1,
  "solving_time_s": 0.4019205570220947,
  "iterations": 116,
  "time_limit_per_cluster": 0.39999999999999997
}