iter,best,mean
0,19038.830511481152,24951.187091714746
1,18926.735998528697,20526.028065197068
2,18926.735998528697,19746.928563292702
3,18926.735998528693,19451.15567332894
