{
  "epoch": 39,
  "clusters": 1,
  "algorithm": "nsga2",
  "sum_final_distance": 2763.0,
  "sum_final_cost": 2255826.0,
  "sum_final_time": 199.76410576900395,
  "epoch_runtime_s": 10.261523246765137,
  "total_cluster_solving_time_s": 10.217559814453125
}