{
  "algorithm": "nsga2",
  "scorer": "distance",
  "cluster_id": 1,
  "final_distance": 9107.463984902673,
  "final_cost": NaN,
  "final_time": 0.0,
  "score": 9107.463984902673,
  "cluster_runtime_s": 1.0543467998504639,
  "iterations": 17,
  "epoch": 0
}