{
  "algorithm": "nsga2",
  "scorer": "distance",
  "cluster_id": 2,
  "final_distance": 20254.025715223965,
  "final_cost": NaN,
  "final_time": 0.0,
  "score": 20254.025715223965,
  "cluster_runtime_s": 1.045168399810791,
  "iterations": 11,
  "epoch": 0
}