iter,best,mean
0,20724.689245054313,26043.16162928997
1,20254.025715223965,22414.160562762398
2,20254.025715223965,21607.58797777283
3,20254.025715223965,21079.209524074882
4,20254.025715223965,20770.304958904806
5,20254.025715223965,20735.824118847402
6,20254.025715223965,20719.8689856189
7,20254.025715223965,20714.815569909522
8,20254.025715223965,20712.632138832105
9,20254.025715223965,20709.25062820924
10,20254.025715223965,20691.947716915864
