{
  "algorithm": "ga",
  "scorer": "distance",
  "cluster_id": 0,
  "final_distance": 2804.0,
  "final_cost": 2288175.0,
  "final_time": 200.35396954957574,
  "score": 2804.0,
  "solving_time_s": 30.030510226999468,
  "iterations": 675
}