{
  "algorithm": "ga",
  "scorer": "distance",
  "cluster_id": 0,
  "final_distance": 3158.0,
  "final_cost": 2567481.0,
  "final_time": 227.97266977744732,
  "score": 3158.0,
  "solving_time_s": 30.137375337071717,
  "iterations": 26
}