vehicle_id,vehicle_name,num_stops_including_depot,capacity_used,capacity_max,capacity_utilization,distance_m,initial_cost,distance_cost,route_cost,stops_by_id
1,Truck-01,80,246.0,10000.0,0.0246,250896.24973743391,75819.0,789.0,198032960.04283535,"[0, 6, 62, 31, 14, 78, 13, 66, 76, 53, 7, 77, 10, 22, 42, 33, 39, 32, 40, 65, 67, 25, 18, 71, 59, 58, 56, 51, 68, 12, 27, 72, 49, 1, 45, 60, 70, 2, 24, 29, 34, 74, 36, 19, 20, 17, 37, 9, 4, 63, 3, 54, 5, 48, 41, 57, 64, 75, 52, 47, 21, 50, 55, 38, 44, 73, 61, 28, 16, 11, 30, 69, 46, 23, 8, 26, 43, 15, 35, 0]"
