iter,best,mean
0,20479.695756842815,26097.882938015246
1,20479.69575684281,22627.83708667102
2,20479.69575684281,21695.104288509545
3,20479.69575684281,21190.03085054637
