{
  "routes": [
    {
      "vehicle_id": 0,
      "vehicle_name": "Truck-01-c2",
      "capacity_used": 0.0,
      "capacity_max": 10000.0,
      "capacity_utilization": 0.0,
      "distance_m": 37188.90941599035,
      "time_s": 2671.3345047340254,
      "stops_by_id": [
        0,
        23,
        22,
        7,
        19,
        2,
        3,
        59,
        4,
        61,
        9,
        17,
        1,
        0
      ]
    }
  ]
}