{
  "epoch": 35,
  "clusters": 1,
  "algorithm": "nsga2",
  "scorer": "distance",
  "sum_final_distance": 543.0,
  "sum_final_cost": 504246.0,
  "sum_final_time": 38.90274871175042,
  "epoch_runtime_s": 10.020445823669434,
  "total_cluster_solving_time_s": 10.012092113494873
}