iter,best,mean
0,19762.587581066004,25570.973320231064
1,19762.587581066004,22829.72175662629
2,19762.587581066004,21665.81117331766
3,19762.587581066004,20479.409113851703
4,19762.587581066004,19871.64775515688
5,19762.587581066004,19762.587581066007
6,19762.587581066004,19762.587581066007
7,19762.587581066004,19762.587581066004
8,19762.587581066004,19762.587581066004
9,19762.587581066004,19762.587581066004
10,19762.587581066004,19762.587581066004
11,19762.587581066004,19762.587581066004
