{
  "routes": [
    {
      "vehicle_id": 0,
      "vehicle_name": "Truck-01-c2",
      "capacity_used": 0.0,
      "capacity_max": 10000.0,
      "capacity_utilization": 0.0,
      "distance_m": 29208.782927919237,
      "time_s": 2157.751647437302,
      "stops_by_id": [
        0,
        73,
        43,
        74,
        46,
        55,
        51,
        52,
        0
      ]
    }
  ]
}