{
  "algorithm": "nsga2",
  "scorer": "distance",
  "cluster_id": 2,
  "final_distance": 6429.488352961436,
  "final_cost": NaN,
  "final_time": 0.0,
  "score": 6429.488352961436,
  "cluster_runtime_s": 5.032567977905273,
  "iterations": 72,
  "epoch": 0
}