{
  "algorithm": "nsga2",
  "scorer": "distance",
  "cluster_id": 3,
  "final_distance": 21252.828701485356,
  "final_cost": 100000.0,
  "final_time": 21252.828701485356,
  "score": 21252.828701485356,
  "solving_time_s": 0.30582380294799805,
  "iterations": 12,
  "time_limit_per_cluster": 0.3
}