{
  "algorithm": "ga",
  "cluster_id": 0,
  "final_distance": 556.0,
  "final_cost": 514503.0,
  "final_time": 39.96058938109306,
  "score": 556.0,
  "solving_time_s": 2.8033089637756348,
  "iterations": 234,
  "time_limit_per_cluster": 2.8
}