{
  "algorithm": "nsga2",
  "scorer": "distance",
  "cluster_id": 3,
  "final_distance": 9200.794158997134,
  "final_cost": NaN,
  "final_time": 0.0,
  "score": 9200.794158997134,
  "runtime_s": 5.03287171991542,
  "iterations": 84
}