vehicle_id,vehicle_name,num_stops_including_depot,distance_m,time_s,initial_cost,distance_cost,route_cost,stops_by_id
0,Truck-01-c0,31,65247.899999999994,6647.0999999999985,100000.0,0.0,100000.0,"[0, 5, 64, 49, 47, 48, 50, 53, 54, 55, 52, 51, 69, 42, 57, 41, 40, 39, 38, 45, 44, 77, 43, 73, 74, 46, 56, 63, 75, 62, 0]"
