vehicle_id,vehicle_name,num_stops_including_depot,capacity_used,capacity_max,capacity_utilization,distance_m,initial_cost,distance_cost,route_cost,stops_by_id
1,Truck-01,80,246.0,10000.0,0.0246,277689.26763779443,75819.0,789.0,219172651.1662198,"[0, 8, 26, 23, 46, 69, 16, 11, 30, 18, 71, 51, 68, 12, 57, 41, 48, 21, 64, 75, 47, 52, 28, 61, 73, 44, 38, 55, 50, 5, 54, 3, 63, 9, 37, 17, 4, 1, 45, 49, 27, 72, 60, 2, 20, 19, 34, 24, 29, 39, 74, 36, 10, 22, 42, 33, 77, 7, 53, 76, 66, 13, 32, 40, 65, 78, 14, 31, 35, 15, 43, 6, 62, 67, 25, 59, 58, 56, 70, 0]"
