{
  "algorithm": "nsga2",
  "scorer": "distance",
  "cluster_id": 1,
  "final_distance": 18963.131729544526,
  "final_cost": NaN,
  "final_time": 0.0,
  "score": 18963.131729544526,
  "cluster_runtime_s": 0.36168646812438965,
  "iterations": 5,
  "epoch": 0
}