iter,best,mean
0,18979.24091385775,25054.77634426049
1,18963.131729544526,20648.397365288878
2,18963.131729544526,19955.98984577841
3,18963.131729544526,19671.825148940206
4,18963.131729544526,19514.491197766714
