vehicle_id,vehicle_name,num_stops_including_depot,capacity_used,capacity_max,capacity_utilization,distance_m,time_s,initial_cost,distance_cost,route_cost,stops_by_id
1,Truck-01,80,246.0,10000.0,0.0246,250164.9131088201,18077.471491588956,75819.0,789.0,197455935.44285905,"[0, 26, 8, 23, 46, 69, 30, 71, 11, 16, 73, 44, 61, 28, 52, 47, 55, 38, 54, 5, 3, 1, 45, 63, 9, 37, 17, 4, 2, 24, 19, 20, 34, 29, 74, 36, 10, 42, 33, 22, 77, 7, 53, 76, 66, 13, 78, 65, 40, 32, 39, 70, 60, 27, 72, 68, 12, 49, 57, 41, 48, 50, 21, 75, 64, 51, 56, 58, 59, 18, 25, 67, 14, 31, 62, 6, 35, 15, 43, 0]"
