{
  "epoch": 99,
  "clusters": 1,
  "algorithm": "nsga2",
  "scorer": "distance",
  "sum_final_distance": 540.0,
  "sum_final_cost": 501879.0,
  "sum_final_time": 38.44702963358892,
  "epoch_runtime_s": 10.20741868019104,
  "total_cluster_solving_time_s": 10.195911169052124
}