{
  "algorithm": "pso",
  "scorer": "distance",
  "cluster_id": 6,
  "final_distance": 20307.091777600806,
  "final_cost": 100000.0,
  "final_time": 20307.091777600806,
  "score": 20307.091777600806,
  "solving_time_s": 0.3002653121948242,
  "iterations": 124,
  "time_limit_per_cluster": 0.3
}