{
  "algorithm": "nsga2",
  "cluster_id": 4,
  "final_distance": 19724.3,
  "final_cost": 100000.0,
  "final_time": 2021.7,
  "score": 19724.3,
  "solving_time_s": 0.40856409072875977,
  "iterations": 41,
  "epoch": 0,
  "time_limit_per_cluster": 0.39999999999999997
}