{
  "algorithm": "aco",
  "scorer": "distance",
  "cluster_id": 0,
  "final_distance": 22367.180625350244,
  "final_cost": 100000.0,
  "final_time": 22367.180625350244,
  "score": 22367.180625350244,
  "solving_time_s": 0.30422449111938477,
  "iterations": 30,
  "time_limit_per_cluster": 0.3
}