{
  "algorithm": "ga",
  "scorer": "distance",
  "cluster_id": 0,
  "final_distance": 27768.32353844704,
  "final_cost": 100000.0,
  "final_time": 27768.32353844704,
  "score": 27768.32353844704,
  "solving_time_s": 0.30139780044555664,
  "iterations": 29,
  "time_limit_per_cluster": 0.3
}