{
  "epoch": 67,
  "clusters": 1,
  "algorithm": "nsga2",
  "sum_final_distance": 2741.0,
  "sum_final_cost": 2238468.0,
  "sum_final_time": 197.72354306127448,
  "epoch_runtime_s": 10.362358331680298,
  "total_cluster_solving_time_s": 10.319010496139526
}