{
  "epoch": 21,
  "clusters": 1,
  "algorithm": "nsga2",
  "scorer": "distance",
  "sum_final_distance": 541.0,
  "sum_final_cost": 502668.0,
  "sum_final_time": 38.655008452026635,
  "epoch_runtime_s": 10.085563659667969,
  "total_cluster_solving_time_s": 10.076756238937378
}