{
  "algorithm": "aco",
  "scorer": "distance",
  "cluster_id": 5,
  "final_distance": 40018.4,
  "final_cost": 100000.0,
  "final_time": 3991.7999999999997,
  "score": 40018.4,
  "solving_time_s": 1.0054223537445068,
  "iterations": 116,
  "time_limit_per_cluster": 1.0
}