{
  "algorithm": "nsga2",
  "scorer": "distance",
  "cluster_id": 0,
  "final_distance": 44275.43922806176,
  "final_cost": NaN,
  "final_time": 0.0,
  "score": 44275.43922806176,
  "cluster_runtime_s": 0.3581094741821289,
  "iterations": 5,
  "epoch": 0
}