{
  "routes": [
    {
      "vehicle_id": 0,
      "vehicle_name": "Truck-01-c0",
      "capacity_used": 0.0,
      "capacity_max": 10000.0,
      "capacity_utilization": 0.0,
      "distance_m": 61359.07864579781,
      "time_s": 4347.034480423496,
      "stops_by_id": [
        0,
        26,
        24,
        23,
        22,
        7,
        19,
        2,
        3,
        1,
        17,
        4,
        9,
        61,
        76,
        60,
        59,
        65,
        0
      ]
    }
  ]
}