{
  "algorithm": "ga",
  "scorer": "distance",
  "cluster_id": 1,
  "final_distance": 5527.140106251268,
  "final_cost": 100000.0,
  "final_time": 5527.140106251268,
  "score": 5527.140106251268,
  "solving_time_s": 0.3008289337158203,
  "iterations": 64,
  "time_limit_per_cluster": 0.3
}