iter,best,mean
0,19143.060926078364,25367.63450902589
1,18926.735998528697,20522.357501170336
2,18926.735998528697,19745.774979234644
3,18926.735998528697,19457.48514850591
4,18926.735998528697,19263.38335175215
5,18926.735998528697,19102.31381697059
6,18926.735998528697,19067.423102363497
7,18926.735998528693,19030.31245742199
8,18926.735998528693,18989.30883546694
9,18926.735998528693,18958.541638192626
10,18926.735998528693,18926.735998528693
11,18926.735998528693,18926.735998528693
