{
  "algorithm": "nsga2",
  "scorer": "distance",
  "cluster_id": 4,
  "final_distance": 38855.02351394692,
  "final_cost": NaN,
  "final_time": 0.0,
  "score": 38855.02351394692,
  "cluster_runtime_s": 0.3256571292877197,
  "iterations": 4,
  "epoch": 0
}