{
  "algorithm": "nsga2",
  "scorer": "distance",
  "cluster_id": 0,
  "final_distance": 64198.39999999998,
  "final_cost": 100000.0,
  "final_time": 6699.7,
  "score": 64198.39999999998,
  "solving_time_s": 0.3191647529602051,
  "iterations": 8,
  "epoch": 0,
  "time_limit_per_cluster": 0.3
}