iter,best,mean,best_route_time,mean_route_time
0,73539.19999999998,90506.712,7275.799999999999,8239.582
0,69110.20000000001,84779.906,7019.999999999999,7940.32
0,64645.200000000004,78732.187,6620.2,7622.39
0,64464.49999999999,76017.088,6620.2,7461.432
0,64198.39999999998,73729.62299999999,6620.2,7306.58
0,64198.39999999998,71682.196,6620.2,7174.625
0,64198.39999999998,70270.809,6620.2,7089.038
0,64198.39999999998,69228.651,6620.2,7016.387
