iter,best,mean
0,9783.996727743912,11953.479467843874
1,9783.996727743912,10944.113866388738
2,9783.996727743912,10401.210739001772
3,9783.996727743912,9783.996727743912
4,9783.996727743912,9783.996727743912
5,9783.996727743912,9783.996727743912
