{
  "algorithm": "nsga2",
  "scorer": "distance",
  "cluster_id": 0,
  "final_distance": 2662.0,
  "final_cost": 2176137.0,
  "final_time": 191.61617866886584,
  "score": 2662.0,
  "solving_time_s": 30.08679273800226,
  "iterations": 152
}