iter,best,mean,best_route_time,mean_route_time
1,2887.0,5312.335,208.2911419958293,383.04890584681556
2,2869.0,3328.575,208.01041424797992,240.31709383165003
