{
  "algorithm": "nsga2",
  "scorer": "distance",
  "cluster_id": 0,
  "final_distance": 41639.07608848983,
  "final_cost": NaN,
  "final_time": 0.0,
  "score": 41639.07608848983,
  "cluster_runtime_s": 1.071493148803711,
  "iterations": 10,
  "epoch": 0
}