{
  "algorithm": "pso",
  "scorer": "distance",
  "cluster_id": 5,
  "final_distance": 17195.673843634322,
  "final_cost": 100000.0,
  "final_time": 17195.673843634322,
  "score": 17195.673843634322,
  "solving_time_s": 0.3000800609588623,
  "iterations": 137,
  "time_limit_per_cluster": 0.3
}