vehicle_id,vehicle_name,num_stops_including_depot,capacity_used,capacity_max,capacity_utilization,distance_m,initial_cost,distance_cost,route_cost,stops_by_id
1,Truck-01,80,246.0,10000.0,0.0246,297539.52747014543,75819.0,789.0,234834506.17394474,"[0, 7, 53, 76, 66, 13, 65, 32, 40, 33, 42, 77, 10, 22, 36, 74, 24, 29, 39, 70, 51, 56, 58, 59, 30, 71, 18, 25, 67, 78, 14, 31, 62, 6, 35, 15, 43, 26, 8, 23, 46, 69, 11, 16, 73, 44, 61, 28, 52, 47, 75, 21, 64, 57, 41, 48, 50, 55, 38, 5, 54, 3, 1, 49, 45, 63, 9, 37, 17, 4, 20, 19, 34, 2, 60, 72, 27, 68, 12, 0]"
