{
  "epoch": 69,
  "clusters": 1,
  "algorithm": "nsga2",
  "sum_final_distance": 2773.0,
  "sum_final_cost": 2263716.0,
  "sum_final_time": 199.84990156955263,
  "epoch_runtime_s": 10.057356119155884,
  "total_cluster_solving_time_s": 10.016714572906494
}