{
  "epoch": 35,
  "clusters": 1,
  "algorithm": "nsga2",
  "scorer": "distance",
  "sum_final_distance": 515.0,
  "sum_final_cost": 564210.0,
  "sum_final_time": 45.369552628203266,
  "epoch_runtime_s": 10.284025430679321,
  "total_cluster_runtime_s": 10.15261697769165
}