{
  "algorithm": "nsga2",
  "scorer": "distance",
  "cluster_id": 5,
  "final_distance": 25039.3026974999,
  "final_cost": NaN,
  "final_time": 0.0,
  "score": 25039.3026974999,
  "runtime_s": 1.0645106406882405,
  "iterations": 18
}