{
  "algorithm": "nsga2",
  "scorer": "distance",
  "cluster_id": 6,
  "final_distance": 23845.612111143568,
  "final_cost": NaN,
  "final_time": 0.0,
  "score": 23845.612111143568,
  "cluster_runtime_s": 0.3494906425476074,
  "iterations": 4,
  "epoch": 0
}