{
  "routes": [
    {
      "vehicle_id": 0,
      "vehicle_name": "Truck-01-c6",
      "capacity_used": 0.0,
      "capacity_max": 10000.0,
      "capacity_utilization": 0.0,
      "distance_m": 40240.8321654239,
      "time_s": 2893.251836670614,
      "stops_by_id": [
        0,
        9,
        63,
        75,
        62,
        5,
        64,
        56,
        69,
        55,
        52,
        51,
        54,
        53,
        50,
        48,
        47,
        49,
        42,
        41,
        57,
        40,
        45,
        44,
        0
      ]
    }
  ]
}