{
  "algorithm": "nsga2",
  "scorer": "distance",
  "cluster_id": 5,
  "final_distance": 12248.284910120668,
  "final_cost": NaN,
  "final_time": 0.0,
  "score": 12248.284910120668,
  "cluster_runtime_s": 1.066133737564087,
  "iterations": 14,
  "epoch": 0
}