{
  "routes": [
    {
      "vehicle_id": 0,
      "vehicle_name": "Truck-01-c5",
      "capacity_used": 0.0,
      "capacity_max": 10000.0,
      "capacity_utilization": 0.0,
      "distance_m": 27411.86093347043,
      "time_s": 1928.6015211450883,
      "stops_by_id": [
        0,
        44,
        45,
        38,
        39,
        40,
        57,
        41,
        42,
        49,
        47,
        48,
        50,
        53,
        54,
        51,
        52,
        55,
        69,
        56,
        0
      ]
    }
  ]
}