{
  "algorithm": "ga",
  "scorer": "distance",
  "cluster_id": 3,
  "final_distance": 17286.401125312223,
  "final_cost": 100000.0,
  "final_time": 17286.401125312223,
  "score": 17286.401125312223,
  "solving_time_s": 0.3053865432739258,
  "iterations": 55,
  "time_limit_per_cluster": 0.3
}