{
  "algorithm": "nsga2",
  "scorer": "distance",
  "cluster_id": 0,
  "final_distance": 41993.279108358496,
  "final_cost": NaN,
  "final_time": 0.0,
  "score": 41993.279108358496,
  "cluster_runtime_s": 1.040278434753418,
  "iterations": 14,
  "epoch": 0
}