{
  "algorithm": "nsga2",
  "scorer": "distance",
  "cluster_id": 0,
  "final_distance": 17286.401125312223,
  "final_cost": 100000.0,
  "final_time": 17286.401125312223,
  "score": 17286.401125312223,
  "solving_time_s": 0.32027411460876465,
  "iterations": 13,
  "epoch": 0,
  "time_limit_per_cluster": 0.3
}