iter,best,mean
0,19038.83051148115,25522.227189184687
1,19038.83051148115,20759.10329364738
2,18926.735998528697,19785.64541882974
3,18926.735998528697,19444.58890193007
