{
  "algorithm": "ga",
  "scorer": "distance",
  "cluster_id": 0,
  "final_distance": 2768.0,
  "final_cost": 2259771.0,
  "final_time": 199.70396676518592,
  "score": 2768.0,
  "solving_time_s": 30.014504859005683,
  "iterations": 689
}