{
  "algorithm": "pso",
  "scorer": "distance",
  "cluster_id": 1,
  "final_distance": 34023.51869348047,
  "final_cost": 100000.0,
  "final_time": 34023.51869348047,
  "score": 34023.51869348047,
  "solving_time_s": 0.3025624752044678,
  "iterations": 44,
  "time_limit_per_cluster": 0.3
}