{
  "algorithm": "nsga2",
  "scorer": "distance",
  "cluster_id": 2,
  "final_distance": 30787.768177318885,
  "final_cost": NaN,
  "final_time": 0.0,
  "score": 30787.768177318885,
  "cluster_runtime_s": 1.0488953590393066,
  "iterations": 13,
  "epoch": 0
}