{
  "algorithm": "nsga2",
  "scorer": "distance",
  "cluster_id": 0,
  "final_distance": 25426.66019326092,
  "final_cost": NaN,
  "final_time": 0.0,
  "score": 25426.66019326092,
  "cluster_runtime_s": 1.0440735816955566,
  "iterations": 15,
  "epoch": 0
}