{
  "algorithm": "nsga2",
  "scorer": "distance",
  "cluster_id": 0,
  "final_distance": 21642.090052162628,
  "final_cost": 100000.0,
  "final_time": 21642.090052162628,
  "score": 21642.090052162628,
  "solving_time_s": 0.3125,
  "iterations": 11,
  "epoch": 0,
  "time_limit_per_cluster": 0.3
}