{
  "algorithm": "aco",
  "scorer": "distance",
  "final_distance": 257761.31554104478,
  "final_cost": 203449496.96188432,
  "final_time": 18433.68573656608,
  "runtime_s": 14.408801334910095,
  "iterations": 350
}