vehicle_id,vehicle_name,num_stops_including_depot,capacity_used,capacity_max,capacity_utilization,distance_m,initial_cost,distance_cost,route_cost,stops_by_id
1,Truck-01,81,246.0,10000.0,0.0246,491001.0013375564,75819.0,789.0,387475609.055332,"[0, 60, 57, 41, 48, 50, 67, 25, 56, 58, 68, 72, 27, 49, 12, 74, 29, 24, 34, 19, 20, 4, 17, 37, 9, 63, 1, 45, 2, 39, 32, 33, 42, 66, 13, 76, 77, 22, 10, 62, 31, 14, 6, 0, 26, 69, 46, 23, 8, 61, 28, 16, 30, 71, 59, 18, 52, 47, 21, 75, 64, 51, 11, 70, 40, 65, 78, 15, 35, 43, 73, 38, 55, 3, 5, 54, 7, 53, 36, 44, 0]"
