vehicle_id,vehicle_name,num_stops_including_depot,capacity_used,capacity_max,capacity_utilization,distance_m,initial_cost,distance_cost,route_cost,stops_by_id
1,Truck-01,80,246.0,10000.0,0.0246,258233.00913740788,75819.0,789.0,203821663.2094148,"[0, 43, 15, 35, 62, 31, 14, 78, 13, 66, 76, 7, 53, 77, 22, 42, 33, 10, 36, 74, 29, 24, 34, 19, 20, 4, 17, 37, 9, 63, 3, 5, 54, 1, 45, 49, 57, 41, 48, 50, 55, 38, 44, 73, 61, 28, 52, 47, 75, 21, 64, 51, 56, 58, 59, 18, 71, 30, 11, 16, 12, 68, 70, 27, 72, 60, 2, 39, 32, 40, 65, 67, 25, 6, 26, 8, 69, 46, 23, 0]"
