vehicle_id,vehicle_name,num_stops_including_depot,capacity_used,capacity_max,capacity_utilization,distance_m,time_s,initial_cost,distance_cost,route_cost,stops_by_id
1,Truck-01,80,246.0,10000.0,0.0246,257761.31554104478,18433.68573656608,75819.0,789.0,203449496.96188432,"[0, 26, 8, 23, 46, 69, 16, 11, 30, 71, 18, 59, 58, 56, 51, 68, 70, 2, 60, 72, 27, 12, 3, 54, 5, 55, 38, 44, 73, 61, 28, 52, 47, 75, 64, 21, 50, 48, 41, 57, 49, 45, 1, 63, 4, 9, 37, 17, 20, 19, 34, 24, 29, 74, 36, 10, 22, 77, 7, 53, 13, 66, 76, 33, 42, 78, 14, 31, 67, 65, 40, 32, 39, 25, 6, 62, 35, 15, 43, 0]"
