{
  "algorithm": "nsga2",
  "scorer": "distance",
  "cluster_id": 6,
  "final_distance": 14304.640859599074,
  "final_cost": NaN,
  "final_time": 0.0,
  "score": 14304.640859599074,
  "cluster_runtime_s": 1.0291242599487305,
  "iterations": 15,
  "epoch": 0
}