{
  "routes": [
    {
      "vehicle_id": 0,
      "vehicle_name": "Truck-01-c6",
      "capacity_used": 0.0,
      "capacity_max": 10000.0,
      "capacity_utilization": 0.0,
      "distance_m": 37654.698251750124,
      "time_s": 2754.857965545042,
      "stops_by_id": [
        0,
        12,
        18,
        67,
        60,
        65,
        10,
        0
      ]
    }
  ]
}