{
  "algorithm": "nsga2",
  "scorer": "distance",
  "cluster_id": 1,
  "final_distance": 17286.42500230639,
  "final_cost": NaN,
  "final_time": 0.0,
  "score": 17286.42500230639,
  "cluster_runtime_s": 0.36197853088378906,
  "iterations": 6,
  "epoch": 0
}