iter,best,mean
0,17286.42500230639,22509.43761677484
1,17286.42500230639,18399.652293710536
2,17286.42500230639,17743.243589116
3,17286.42500230639,17446.237013849564
4,17286.42500230639,17301.01584546552
5,17286.42500230639,17286.425002306387
