{
  "epoch": 17,
  "clusters": 1,
  "algorithm": "nsga2",
  "scorer": "distance",
  "sum_final_distance": 538.0,
  "sum_final_cost": 500301.0,
  "sum_final_time": 38.335960214509576,
  "epoch_runtime_s": 10.052897214889526,
  "total_cluster_solving_time_s": 10.04267930984497
}