{
  "algorithm": "nsga2",
  "cluster_id": 0,
  "final_distance": 65116.0,
  "final_cost": 100000.0,
  "final_time": 6518.2,
  "score": 65116.0,
  "solving_time_s": 0.40224647521972656,
  "iterations": 26,
  "epoch": 0,
  "time_limit_per_cluster": 0.39999999999999997
}