iter,best,mean
0,39710.57048073379,55481.88676093046
1,39710.57048073379,45454.16176246299
2,39710.57048073379,44115.4677786515
3,38855.02351394692,43228.08402831629
