{
  "algorithm": "aco",
  "cluster_id": 1,
  "final_distance": 53285.399999999994,
  "final_cost": 100000.0,
  "final_time": 3827.1,
  "score": 53285.399999999994,
  "solving_time_s": 0.400104284286499,
  "iterations": 168,
  "time_limit_per_cluster": 0.39999999999999997
}