vehicle_id,vehicle_name,num_stops_including_depot,capacity_used,capacity_max,capacity_utilization,distance_m,initial_cost,distance_cost,route_cost,stops_by_id
1,Truck-01,80,246.0,10000.0,0.0246,286679.63919511915,75819.0,789.0,226266054.324949,"[0, 14, 31, 35, 15, 43, 26, 8, 23, 46, 69, 11, 30, 16, 61, 73, 44, 28, 52, 64, 21, 75, 47, 55, 38, 50, 48, 57, 41, 5, 54, 3, 1, 49, 45, 63, 9, 37, 17, 4, 20, 19, 74, 36, 10, 22, 42, 33, 40, 32, 39, 29, 24, 34, 2, 60, 72, 27, 12, 68, 70, 58, 56, 51, 71, 18, 59, 25, 6, 62, 67, 65, 78, 13, 66, 76, 53, 7, 77, 0]"
