vehicle_id,vehicle_name,num_stops_including_depot,capacity_used,capacity_max,capacity_utilization,distance_m,initial_cost,distance_cost,route_cost,stops_by_id
1,Truck-01,80,246.0,10000.0,0.0246,248308.85242840217,75819.0,789.0,195991503.5660093,"[0, 26, 8, 23, 46, 69, 30, 71, 11, 16, 52, 28, 61, 73, 44, 47, 75, 64, 57, 41, 48, 50, 21, 55, 38, 5, 54, 3, 63, 9, 37, 17, 4, 1, 45, 49, 60, 72, 27, 12, 68, 51, 56, 58, 59, 18, 25, 67, 40, 32, 39, 70, 2, 34, 24, 29, 74, 19, 20, 36, 10, 22, 42, 33, 77, 7, 53, 76, 66, 13, 65, 78, 14, 31, 62, 6, 35, 15, 43, 0]"
