iter,best,mean,best_route_time,mean_route_time
0,73539.19999999998,90506.712,7275.799999999999,8239.582
0,64896.399999999994,82338.567,6660.100000000001,7798.085999999999
0,64526.49999999999,77999.89,6660.100000000001,7561.969
0,64464.49999999999,75306.51299999999,6646.0,7375.554
0,64464.49999999999,73127.56899999999,6634.3,7257.951
0,64464.49999999999,71357.231,6624.0,7160.521
0,64063.099999999984,70203.391,6618.900000000001,7094.3640000000005
0,64063.099999999984,69054.948,6618.900000000001,7030.307999999999
