iter,best,mean,best_route_time,mean_route_time
1,2937.0,22015.77,210.33559472076934,1586.0767501089801
2,2937.0,17968.4,210.33559472076934,1294.1115487257516
3,2937.0,17109.84,210.33559472076934,1231.9140011263623
4,2937.0,16389.02,210.33559472076934,1178.644429955823
