{
  "algorithm": "nsga2",
  "scorer": "distance",
  "cluster_id": 5,
  "final_distance": 17063.494232794208,
  "final_cost": NaN,
  "final_time": 0.0,
  "score": 17063.494232794208,
  "cluster_runtime_s": 1.0153214931488037,
  "iterations": 15,
  "epoch": 0
}