{
  "algorithm": "nsga2",
  "scorer": "distance",
  "cluster_id": 0,
  "final_distance": 28566.35190503018,
  "final_cost": NaN,
  "final_time": 0.0,
  "score": 28566.35190503018,
  "cluster_runtime_s": 1.0088822841644287,
  "iterations": 15,
  "epoch": 0
}