{
  "algorithm": "nsga2",
  "scorer": "distance",
  "cluster_id": 0,
  "final_distance": 21894.393858080974,
  "final_cost": NaN,
  "final_time": 0.0,
  "score": 21894.393858080974,
  "cluster_runtime_s": 0.3228130340576172,
  "iterations": 5,
  "epoch": 0
}