iter,best,mean
0,13225.681044108911,17306.007443062663
1,13225.68104410891,14399.752282115827
2,13225.68104410891,13865.822173900335
3,13225.68104410891,13590.425687615587
4,13225.68104410891,13421.63734974401
