iter,best,mean
0,32386.020884053043,45163.892259944674
1,32386.020884053043,37278.844760377004
2,32386.020884053043,36006.784343315034
3,32386.020884053043,35205.37774793663
4,32386.020884053043,34357.73316677619
5,32386.020884053043,33508.32809916988
6,32386.020884053043,32604.993891611142
7,32386.020884053043,32389.954534155986
8,32386.020884053043,32386.020884053036
9,32386.020884053043,32386.020884053036
10,32386.020884053043,32386.020884053036
11,32386.020884053043,32386.020884053036
