iter,best,mean
0,8593.908224855315,11721.95814631698
1,8593.908224855315,9257.382918303909
2,8593.908224855315,8798.311987454701
3,8593.908224855315,8608.787910554673
4,8593.908224855315,8593.908224855317
