{
  "algorithm": "nsga2",
  "scorer": "distance",
  "cluster_id": 3,
  "final_distance": 7368.964819354957,
  "final_cost": NaN,
  "final_time": 0.0,
  "score": 7368.964819354957,
  "cluster_runtime_s": 1.0716745853424072,
  "iterations": 14,
  "epoch": 0
}