iter,best,mean
0,8110.096083662847,11192.088229276129
1,8110.096083662847,9423.238791677297
2,8110.096083662847,8560.406309147493
3,8110.096083662847,8110.09608366285
4,8110.096083662847,8110.09608366285
5,8110.096083662847,8110.09608366285
