iter,best,mean
0,11515.908093985048,18986.69910893952
1,11515.908093985048,13257.189566014747
2,11515.908093985048,11864.754232170912
3,11515.908093985048,11518.693643626357
4,11515.908093985048,11515.908093985052
