{
  "algorithm": "nsga2",
  "scorer": "distance",
  "cluster_id": 6,
  "final_distance": 5336.391803822458,
  "final_cost": NaN,
  "final_time": 0.0,
  "score": 5336.391803822458,
  "runtime_s": 5.048159351106733,
  "iterations": 103
}