{
  "routes": [
    {
      "vehicle_id": 0,
      "vehicle_name": "Truck-01-c6",
      "capacity_used": 0.0,
      "capacity_max": 10000.0,
      "capacity_utilization": 0.0,
      "distance_m": 15288.77004077643,
      "time_s": 1218.8441539426797,
      "stops_by_id": [
        0,
        38,
        39,
        68,
        37,
        33,
        0
      ]
    }
  ]
}