{
  "algorithm": "nsga2",
  "scorer": "distance",
  "cluster_id": 2,
  "final_distance": 48786.40000000001,
  "final_cost": 100000.0,
  "final_time": 4578.6,
  "score": 48786.40000000001,
  "solving_time_s": 0.30702900886535645,
  "iterations": 16,
  "time_limit_per_cluster": 0.3
}