{
  "algorithm": "aco",
  "scorer": "distance",
  "cluster_id": 0,
  "final_distance": 2878.0,
  "final_cost": 2346561.0,
  "final_time": 207.24638751163843,
  "score": 2878.0,
  "solving_time_s": 30.128977991000284,
  "iterations": 191
}