{
  "algorithm": "nsga2",
  "scorer": "distance",
  "cluster_id": 0,
  "final_distance": 2743.0,
  "final_cost": 2240046.0,
  "final_time": 197.34903965809107,
  "score": 2743.0,
  "solving_time_s": 30.186896522995085,
  "iterations": 47
}