{
  "algorithm": "nsga2",
  "scorer": "distance",
  "cluster_id": 0,
  "final_distance": 2849.0,
  "final_cost": 2323680.0,
  "final_time": 204.41260370699501,
  "score": 2849.0,
  "solving_time_s": 34.52487929305062,
  "iterations": 2
}