{
  "algorithm": "nsga2",
  "scorer": "distance",
  "cluster_id": 0,
  "final_distance": 2709.0,
  "final_cost": 2213220.0,
  "final_time": 195.01538284756404,
  "score": 2709.0,
  "solving_time_s": 30.15745061600319,
  "iterations": 153
}