iter,best,mean,best_route_time,mean_route_time
1,2957.0,5895.795,212.33287924515957,424.24014332742996
2,2849.0,3318.465,204.41260370699501,238.7681777110791
