{
  "routes": [
    {
      "vehicle_id": 0,
      "vehicle_name": "Truck-01-c5",
      "capacity_used": 0.0,
      "capacity_max": 10000.0,
      "capacity_utilization": 0.0,
      "distance_m": 40287.667054378566,
      "time_s": 2839.4574236586295,
      "stops_by_id": [
        0,
        44,
        45,
        40,
        57,
        41,
        42,
        50,
        48,
        47,
        49,
        53,
        54,
        52,
        51,
        55,
        69,
        56,
        64,
        5,
        62,
        75,
        63,
        9,
        0
      ]
    }
  ]
}