{
  "algorithm": "nsga2",
  "scorer": "distance",
  "cluster_id": 1,
  "final_distance": 27698.300136449245,
  "final_cost": NaN,
  "final_time": 0.0,
  "score": 27698.300136449245,
  "runtime_s": 5.01599515741691,
  "iterations": 79
}