vehicle_id,vehicle_name,num_stops_including_depot,capacity_used,capacity_max,capacity_utilization,distance_m,initial_cost,distance_cost,route_cost,stops_by_id
1,Truck-01,80,246.0,10000.0,0.0246,253448.1190613783,75819.0,789.0,200046384.93942747,"[0, 8, 26, 23, 46, 69, 52, 47, 75, 64, 21, 57, 41, 48, 50, 38, 55, 44, 73, 61, 28, 16, 11, 71, 30, 18, 59, 58, 56, 51, 68, 12, 49, 45, 1, 54, 5, 3, 63, 4, 9, 37, 17, 36, 74, 29, 24, 34, 19, 20, 2, 60, 72, 27, 70, 39, 32, 40, 65, 33, 42, 10, 22, 77, 7, 53, 76, 66, 13, 78, 14, 31, 62, 6, 25, 67, 35, 15, 43, 0]"
