{
  "routes": [
    {
      "vehicle_id": 0,
      "vehicle_name": "Truck-01-c5",
      "capacity_used": 0.0,
      "capacity_max": 10000.0,
      "capacity_utilization": 0.0,
      "distance_m": 61620.2188640186,
      "time_s": 4541.1433220472345,
      "stops_by_id": [
        0,
        12,
        18,
        67,
        60,
        59,
        65,
        17,
        4,
        61,
        76,
        0
      ]
    }
  ]
}