{
  "epoch": 0,
  "clusters": 1,
  "algorithm": "nsga2",
  "scorer": "distance",
  "sum_final_distance": 508.0,
  "sum_final_cost": 570522.0,
  "sum_final_time": 45.851122642559666,
  "epoch_runtime_s": 10.26151728630066,
  "total_cluster_runtime_s": 10.137765884399414
}