{
  "algorithm": "nsga2",
  "scorer": "distance",
  "cluster_id": 3,
  "final_distance": 21307.74932285883,
  "final_cost": 100000.0,
  "final_time": 21307.74932285883,
  "score": 21307.74932285883,
  "solving_time_s": 0.31368565559387207,
  "iterations": 9,
  "epoch": 0,
  "time_limit_per_cluster": 0.3
}