iter,best,mean,best_route_time,mean_route_time
0,21450.5242959002,25133.14206058978,21450.5242959002,25133.14206058978
0,21450.5242959002,23560.136748305173,21450.5242959002,23560.136748305173
0,21450.5242959002,23094.500711957262,21450.5242959002,23094.500711957262
0,21450.5242959002,22955.226856511686,21450.5242959002,22955.226856511686
0,21307.74932285883,22701.46843596114,21307.74932285883,22701.46843596114
0,21307.74932285883,22558.121040390208,21307.74932285883,22558.121040390208
0,21307.74932285883,22471.96672696644,21307.74932285883,22471.96672696644
0,21307.74932285883,22368.02964145343,21307.74932285883,22368.02964145343
0,21307.74932285883,22303.801759564187,21307.74932285883,22303.801759564187
