iter,best,mean
0,31153.332056334028,44618.78866309999
1,31153.332056334028,34814.80405218496
2,31153.332056334028,32428.10803763588
3,31153.332056334028,31504.197759306713
4,31153.332056334028,31153.966440819207
