{
  "algorithm": "nsga2",
  "scorer": "distance",
  "final_distance": 284750.2818242514,
  "final_cost": 224743791.35933435,
  "final_time": 20626.605986115643,
  "runtime_s": 17.875574389938265,
  "iterations": 1000,
  "epoch": 6
}