vehicle_id,vehicle_name,num_stops_including_depot,capacity_used,capacity_max,capacity_utilization,distance_m,time_s,initial_cost,distance_cost,route_cost,stops_by_id
1,Truck-01,80,246.0,10000.0,0.0246,284750.2818242514,20626.605986115643,75819.0,789.0,224743791.35933435,"[0, 26, 8, 43, 35, 15, 25, 6, 46, 23, 69, 16, 11, 30, 71, 18, 59, 56, 58, 39, 29, 70, 72, 60, 27, 12, 68, 51, 64, 75, 47, 52, 28, 61, 73, 44, 38, 55, 21, 50, 48, 41, 57, 3, 5, 54, 1, 49, 45, 63, 4, 9, 37, 17, 20, 19, 2, 34, 24, 74, 36, 42, 22, 10, 77, 7, 53, 76, 66, 13, 33, 32, 67, 40, 65, 78, 14, 31, 62, 0]"
