iter,best,mean
0,19038.83051148115,24899.109429520508
1,19030.96641312591,20723.052322565596
2,18926.735998528693,19818.61178486446
3,18926.735998528693,19446.643090482605
4,18926.735998528693,19188.039525912765
5,18926.735998528693,19097.47838686694
6,18926.735998528693,19061.302203412084
7,18926.735998528693,19023.002859381937
8,18926.735998528693,19005.0201874125
9,18926.735998528693,18981.08713477472
10,18926.735998528693,18938.335071932503
11,18926.735998528693,18926.735998528693
