iter,best,mean
0,14520.049940185432,21715.265679391698
1,14520.049940185432,16165.323927372987
2,14520.049940185432,14567.998727700873
3,14520.049940185432,14520.049940185432
4,14520.049940185432,14520.049940185432
