{
  "algorithm": "nsga2",
  "scorer": "distance",
  "cluster_id": 1,
  "final_distance": 14520.049940185432,
  "final_cost": NaN,
  "final_time": 0.0,
  "score": 14520.049940185432,
  "cluster_runtime_s": 1.0011658668518066,
  "iterations": 13,
  "epoch": 0
}