{
  "algorithm": "nsga2",
  "scorer": "distance",
  "cluster_id": 6,
  "final_distance": 21136.731107191423,
  "final_cost": NaN,
  "final_time": 0.0,
  "score": 21136.731107191423,
  "runtime_s": 1.042266027070582,
  "iterations": 16
}