iter,best,mean
0,6066.241614633636,7590.221824714913
1,6066.241614633636,6256.180654949362
2,6066.241614633636,6070.92114471031
3,6066.241614633636,6066.241614633635
4,6066.241614633636,6066.241614633635
