{
  "routes": [
    {
      "vehicle_id": 0,
      "vehicle_name": "Truck-01-c6",
      "capacity_used": 0.0,
      "capacity_max": 10000.0,
      "capacity_utilization": 0.0,
      "distance_m": 16226.757764108368,
      "time_s": 1149.4815216507716,
      "stops_by_id": [
        0,
        39,
        38,
        45,
        44,
        57,
        41,
        42,
        40,
        0
      ]
    }
  ]
}