{
  "epoch": 53,
  "clusters": 1,
  "algorithm": "nsga2",
  "sum_final_distance": 2735.0,
  "sum_final_cost": 2233734.0,
  "sum_final_time": 197.5259518373428,
  "epoch_runtime_s": 10.120184421539307,
  "total_cluster_solving_time_s": 10.078700065612793
}