{
  "algorithm": "nsga2",
  "scorer": "distance",
  "cluster_id": 0,
  "final_distance": 516.0,
  "final_cost": 542907.0,
  "final_time": 43.03638551712576,
  "score": 516.0,
  "cluster_runtime_s": 10.332744121551514,
  "iterations": 32,
  "epoch": 27
}