{
  "algorithm": "nsga2",
  "scorer": "distance",
  "cluster_id": 1,
  "final_distance": 20185.411924771663,
  "final_cost": NaN,
  "final_time": 0.0,
  "score": 20185.411924771663,
  "runtime_s": 1.0520333382301033,
  "iterations": 17
}