{
  "routes": [
    {
      "vehicle_id": 0,
      "vehicle_name": "Truck-01-c1",
      "capacity_used": 0.0,
      "capacity_max": 10000.0,
      "capacity_utilization": 0.0,
      "distance_m": 20185.411924771663,
      "time_s": 1405.8997278963013,
      "stops_by_id": [
        0,
        58,
        6,
        8,
        36,
        30,
        68,
        37,
        33,
        35,
        71,
        20,
        25,
        24,
        21,
        66,
        0
      ]
    }
  ]
}