{
  "algorithm": "nsga2",
  "scorer": "distance",
  "cluster_id": 3,
  "final_distance": 11184.557617607255,
  "final_cost": NaN,
  "final_time": 0.0,
  "score": 11184.557617607255,
  "cluster_runtime_s": 1.046067237854004,
  "iterations": 16,
  "epoch": 0
}