{
  "algorithm": "pso",
  "scorer": "distance",
  "cluster_id": 2,
  "final_distance": 12135.957639223898,
  "final_cost": 100000.0,
  "final_time": 12135.957639223898,
  "score": 12135.957639223898,
  "solving_time_s": 0.302417516708374,
  "iterations": 117,
  "time_limit_per_cluster": 0.3
}