{
  "algorithm": "nsga2",
  "scorer": "distance",
  "cluster_id": 6,
  "final_distance": 6429.479472186104,
  "final_cost": 100000.0,
  "final_time": 6429.479472186104,
  "score": 6429.479472186104,
  "solving_time_s": 0.31725096702575684,
  "iterations": 18,
  "time_limit_per_cluster": 0.3
}