iter,best,mean
0,24680.051654056548,33478.78133886444
1,24680.051654056548,27490.69026741332
2,24680.051654056548,26374.348450466925
3,24680.051654056548,25384.498677872132
4,24680.051654056548,24895.86579920958
