{
  "epoch": 15,
  "clusters": 1,
  "algorithm": "nsga2",
  "scorer": "distance",
  "sum_final_distance": 554.0,
  "sum_final_cost": 512925.0,
  "sum_final_time": 39.86013263740582,
  "epoch_runtime_s": 10.038105249404907,
  "total_cluster_solving_time_s": 10.028093814849854
}