{
  "algorithm": "nsga2",
  "scorer": "distance",
  "cluster_id": 6,
  "final_distance": 9107.463984902673,
  "final_cost": NaN,
  "final_time": 0.0,
  "score": 9107.463984902673,
  "runtime_s": 5.018820910714567,
  "iterations": 96
}