iter,best,mean,best_route_time,mean_route_time
1,2937.0,22252.8,210.17364636371957,1602.658393805491
2,2937.0,17816.64,210.17364636371957,1283.2775694610464
3,2937.0,16973.37,210.17364636371957,1223.0156028969138
4,2937.0,16488.26,210.17364636371957,1187.5760802142504
