{
  "routes": [
    {
      "vehicle_id": 0,
      "vehicle_name": "Truck-01-c4",
      "capacity_used": 0.0,
      "capacity_max": 10000.0,
      "capacity_utilization": 0.0,
      "distance_m": 20329.538677009936,
      "time_s": 1435.2731462150114,
      "stops_by_id": [
        0,
        29,
        72,
        78,
        32,
        34,
        31,
        0
      ]
    }
  ]
}