{
  "routes": [
    {
      "vehicle_id": 0,
      "vehicle_name": "Truck-01-c2",
      "capacity_used": 0.0,
      "capacity_max": 10000.0,
      "capacity_utilization": 0.0,
      "distance_m": 26886.282739019793,
      "time_s": 1845.1081285934051,
      "stops_by_id": [
        0,
        78,
        72,
        29,
        28,
        27,
        0
      ]
    }
  ]
}