iter,best,mean
0,15612.537020388307,21277.445756885474
1,15582.22814277459,17304.49017681758
2,15390.395446455967,16345.636184684034
3,15390.395446455967,16015.434819516684
4,15390.395446455967,15909.931034276986
