iter,best,mean
0,9783.996727743912,12187.77023189859
1,9783.996727743912,11001.296836687075
2,9783.996727743912,10635.837775584794
3,9783.996727743912,9996.320030262152
4,9783.996727743912,9783.996727743912
