{
  "algorithm": "ga",
  "scorer": "distance",
  "cluster_id": 4,
  "final_distance": 15897.46478629157,
  "final_cost": 100000.0,
  "final_time": 15897.46478629157,
  "score": 15897.46478629157,
  "solving_time_s": 0.3030087947845459,
  "iterations": 54,
  "time_limit_per_cluster": 0.3
}