{
  "algorithm": "nsga2",
  "scorer": "distance",
  "cluster_id": 4,
  "final_distance": 10473.803425735623,
  "final_cost": NaN,
  "final_time": 0.0,
  "score": 10473.803425735623,
  "runtime_s": 5.015312505420297,
  "iterations": 106
}