vehicle_id,vehicle_name,num_stops_including_depot,capacity_used,capacity_max,capacity_utilization,distance_m,initial_cost,distance_cost,route_cost,stops_by_id
1,Truck-01,80,246.0,10000.0,0.0246,247564.08028220272,75819.0,789.0,195403878.34265795,"[0, 6, 62, 25, 67, 65, 40, 32, 39, 70, 72, 27, 12, 68, 51, 56, 58, 59, 18, 71, 30, 46, 23, 26, 8, 69, 11, 16, 28, 61, 73, 44, 38, 55, 50, 21, 47, 52, 75, 64, 57, 41, 48, 5, 54, 3, 1, 45, 49, 60, 2, 24, 29, 74, 34, 19, 20, 4, 63, 9, 37, 17, 36, 10, 22, 42, 33, 77, 7, 53, 76, 66, 13, 78, 14, 31, 35, 15, 43, 0]"
