{
  "algorithm": "nsga2",
  "scorer": "distance",
  "cluster_id": 6,
  "final_distance": 28266.12747444412,
  "final_cost": NaN,
  "final_time": 0.0,
  "score": 28266.12747444412,
  "cluster_runtime_s": 1.040041446685791,
  "iterations": 15,
  "epoch": 0
}