vehicle_id,vehicle_name,num_stops_including_depot,capacity_used,capacity_max,capacity_utilization,distance_m,initial_cost,distance_cost,route_cost,stops_by_id
1,Truck-01,80,246.0,10000.0,0.0246,248816.14052020677,75819.0,789.0,196391753.87044314,"[0, 43, 15, 35, 6, 62, 31, 14, 78, 65, 40, 32, 39, 70, 60, 72, 27, 68, 12, 57, 41, 48, 50, 21, 64, 75, 47, 52, 28, 61, 73, 44, 55, 38, 5, 54, 3, 49, 45, 1, 63, 37, 17, 9, 4, 19, 20, 2, 24, 29, 34, 74, 36, 10, 22, 77, 7, 53, 66, 76, 13, 33, 42, 67, 25, 18, 59, 58, 56, 51, 71, 30, 11, 16, 69, 46, 23, 8, 26, 0]"
