iter,best,mean
0,9866.358109457704,12001.659897295547
1,9866.358109457704,10709.812573208781
2,9866.358109457704,10046.248543578604
3,9866.358109457704,9917.786103220626
4,9866.358109457704,9900.645642356856
5,9866.358109457704,9896.49619570027
