{
  "algorithm": "nsga2",
  "scorer": "distance",
  "cluster_id": 4,
  "final_distance": 21303.92631462267,
  "final_cost": 100000.0,
  "final_time": 21303.92631462267,
  "score": 21303.92631462267,
  "solving_time_s": 0.3079085350036621,
  "iterations": 13,
  "epoch": 0,
  "time_limit_per_cluster": 0.3
}