{
  "algorithm": "aco",
  "scorer": "distance",
  "cluster_id": 1,
  "final_distance": 13356.384428533045,
  "final_cost": 100000.0,
  "final_time": 13356.384428533045,
  "score": 13356.384428533045,
  "solving_time_s": 0.301896333694458,
  "iterations": 63,
  "time_limit_per_cluster": 0.3
}