iter,best,mean
0,8223.366724336242,9999.242875643215
1,8223.366724336242,8398.249036166173
2,8223.366724336242,8223.366724336243
3,8223.366724336242,8223.366724336243
4,8223.366724336242,8223.366724336243
