{
  "algorithm": "nsga2",
  "scorer": "distance",
  "cluster_id": 1,
  "final_distance": 27698.300136449245,
  "final_cost": NaN,
  "final_time": 0.0,
  "score": 27698.300136449245,
  "cluster_runtime_s": 5.002189636230469,
  "iterations": 67,
  "epoch": 0
}