{
  "routes": [
    {
      "vehicle_id": 0,
      "vehicle_name": "Truck-01-c0",
      "capacity_used": 0.0,
      "capacity_max": 10000.0,
      "capacity_utilization": 0.0,
      "distance_m": 48191.08261769507,
      "time_s": 3287.205652483647,
      "stops_by_id": [
        0,
        5,
        64,
        62,
        75,
        63,
        56,
        49,
        47,
        48,
        50,
        42,
        41,
        57,
        40,
        39,
        38,
        45,
        44,
        77,
        55,
        51,
        52,
        54,
        53,
        69,
        46,
        74,
        43,
        73,
        0
      ]
    }
  ]
}