{
  "algorithm": "ga",
  "cluster_id": 0,
  "final_distance": 556.0,
  "final_cost": 514503.0,
  "final_time": 41.16123977717601,
  "score": 556.0,
  "solving_time_s": 2.806105613708496,
  "iterations": 244,
  "time_limit_per_cluster": 2.8
}