{
  "algorithm": "nsga2",
  "cluster_id": 0,
  "final_distance": 2816.0,
  "final_cost": 2297643.0,
  "final_time": 203.72253228364727,
  "score": 2816.0,
  "solving_time_s": 10.08349084854126,
  "iterations": 26,
  "epoch": 22,
  "time_limit_per_cluster": 10.0
}