{
  "algorithm": "nsga2",
  "scorer": "distance",
  "cluster_id": 0,
  "final_distance": 28411.00567258394,
  "final_cost": NaN,
  "final_time": 0.0,
  "score": 28411.00567258394,
  "cluster_runtime_s": 1.0280802249908447,
  "iterations": 15,
  "epoch": 0
}