{
  "routes": [
    {
      "vehicle_id": 0,
      "vehicle_name": "Truck-01-c1",
      "capacity_used": 0.0,
      "capacity_max": 10000.0,
      "capacity_utilization": 0.0,
      "distance_m": 22827.373747152593,
      "time_s": 1681.7691832039231,
      "stops_by_id": [
        0,
        37,
        68,
        33,
        35,
        71,
        36,
        30,
        8,
        6,
        58,
        66,
        20,
        21,
        25,
        0
      ]
    }
  ]
}