{
  "routes": [
    {
      "vehicle_id": 0,
      "vehicle_name": "Truck-01-c3",
      "capacity_used": 0.0,
      "capacity_max": 10000.0,
      "capacity_utilization": 0.0,
      "distance_m": 13544.684103097643,
      "time_s": 970.8643501809166,
      "stops_by_id": [
        0,
        33,
        35,
        71,
        36,
        30,
        8,
        6,
        58,
        20,
        0
      ]
    }
  ]
}