{
  "algorithm": "nsga2",
  "scorer": "distance",
  "cluster_id": 0,
  "final_distance": 32312.89820576512,
  "final_cost": NaN,
  "final_time": 0.0,
  "score": 32312.89820576512,
  "cluster_runtime_s": 1.0640637874603271,
  "iterations": 10,
  "epoch": 0
}