iter,best,mean
0,32755.015821059293,42956.173324374286
1,32616.486163851987,34916.83645269586
2,32616.486163851987,33892.245836938324
3,32516.808952654676,33515.67192271504
4,32516.808952654676,33312.46657717296
5,32516.808952654676,33070.04923425798
6,32516.808952654676,32923.06715579967
7,32516.808952654676,32855.08382929405
8,32516.808952654676,32791.978139640305
9,32312.89820576512,32739.096386062956
