{
  "algorithm": "pso",
  "scorer": "distance",
  "cluster_id": 0,
  "final_distance": 2826.0,
  "final_cost": 2305533.0,
  "final_time": 204.1103392167375,
  "score": 2826.0,
  "solving_time_s": 30.323630794067867,
  "iterations": 4
}