{
  "algorithm": "pso",
  "scorer": "distance",
  "cluster_id": 0,
  "final_distance": 3532.0,
  "final_cost": 2862567.0,
  "final_time": 252.29536168062293,
  "score": 3532.0,
  "solving_time_s": 30.02023339599691,
  "iterations": 146
}