iter,best,mean,best_route_time,mean_route_time
1,2937.0,22077.16,212.25740962783524,1590.0835040032541
2,2937.0,18034.38,212.25740962783524,1299.5356061999214
3,2937.0,17102.8,212.25740962783524,1232.038052426174
4,2937.0,16518.24,212.25740962783524,1191.8632614570372
