{
  "epoch": 24,
  "clusters": 1,
  "algorithm": "nsga2",
  "scorer": "distance",
  "sum_final_distance": 538.0,
  "sum_final_cost": 500301.0,
  "sum_final_time": 38.2055286667106,
  "epoch_runtime_s": 10.128220796585083,
  "total_cluster_solving_time_s": 10.117847442626953
}