{
  "algorithm": "nsga2",
  "scorer": "distance",
  "cluster_id": 6,
  "final_distance": 11515.908093985048,
  "final_cost": NaN,
  "final_time": 0.0,
  "score": 11515.908093985048,
  "runtime_s": 1.052346508949995,
  "iterations": 19
}