{
  "algorithm": "pso",
  "cluster_id": 0,
  "final_distance": 630.0,
  "final_cost": 572889.0,
  "final_time": 45.118557769883346,
  "score": 630.0,
  "solving_time_s": 2.824225902557373,
  "iterations": 126,
  "time_limit_per_cluster": 2.8
}