{
  "algorithm": "pso",
  "scorer": "distance",
  "final_score": 282854.33197147143,
  "final_cost": 223247886.92549095,
  "runtime_s": 55.082379600033164,
  "iterations": 1200
}