vehicle_id,vehicle_name,num_stops_including_depot,capacity_used,capacity_max,capacity_utilization,distance_m,initial_cost,distance_cost,route_cost,stops_by_id
1,Truck-01,80,246.0,10000.0,0.0246,282854.33197147143,75819.0,789.0,223247886.92549095,"[0, 8, 23, 46, 26, 43, 15, 35, 62, 31, 14, 78, 6, 25, 18, 59, 58, 56, 51, 71, 30, 69, 11, 16, 52, 75, 64, 21, 12, 68, 27, 72, 70, 60, 2, 24, 29, 39, 32, 67, 65, 40, 42, 33, 13, 66, 76, 53, 7, 77, 22, 10, 36, 74, 34, 19, 20, 17, 37, 9, 4, 63, 3, 54, 5, 1, 45, 49, 57, 41, 48, 50, 38, 55, 47, 28, 61, 44, 73, 0]"
