{
  "routes": [
    {
      "vehicle_id": 1,
      "vehicle_name": "Truck-01",
      "capacity_used": 246.0,
      "capacity_max": 10000.0,
      "capacity_utilization": 0.0246,
      "distance_m": 238724.032518567,
      "time_s": 17578.896679965743,
      "stops_by_id": [
        0,
        6,
        25,
        67,
        65,
        40,
        32,
        39,
        70,
        60,
        72,
        27,
        12,
        68,
        51,
        56,
        58,
        59,
        18,
        46,
        23,
        26,
        8,
        69,
        30,
        71,
        11,
        16,
        73,
        44,
        61,
        28,
        52,
        47,
        75,
        21,
        64,
        57,
        41,
        48,
        50,
        55,
        38,
        5,
        54,
        3,
        49,
        45,
        1,
        63,
        4,
        9,
        37,
        17,
        20,
        19,
        34,
        2,
        24,
        29,
        74,
        36,
        10,
        22,
        42,
        33,
        77,
        7,
        53,
        76,
        66,
        13,
        78,
        14,
        31,
        62,
        35,
        15,
        43,
        0
      ]
    }
  ]
}