vehicle_id,vehicle_name,num_stops_including_depot,capacity_used,capacity_max,capacity_utilization,distance_m,time_s,initial_cost,distance_cost,route_cost,stops_by_id
1,Truck-01,80,246.0,10000.0,0.0246,238724.032518567,17578.896679965743,75819.0,789.0,188429080.65714934,"[0, 6, 25, 67, 65, 40, 32, 39, 70, 60, 72, 27, 12, 68, 51, 56, 58, 59, 18, 46, 23, 26, 8, 69, 30, 71, 11, 16, 73, 44, 61, 28, 52, 47, 75, 21, 64, 57, 41, 48, 50, 55, 38, 5, 54, 3, 49, 45, 1, 63, 4, 9, 37, 17, 20, 19, 34, 2, 24, 29, 74, 36, 10, 22, 42, 33, 77, 7, 53, 76, 66, 13, 78, 14, 31, 62, 35, 15, 43, 0]"
