{
  "algorithm": "nsga2",
  "scorer": "distance",
  "cluster_id": 6,
  "final_distance": 15988.3772277618,
  "final_cost": NaN,
  "final_time": 0.0,
  "score": 15988.3772277618,
  "runtime_s": 1.0183973079547286,
  "iterations": 19
}