{
  "routes": [
    {
      "vehicle_id": 0,
      "vehicle_name": "Truck-01-c6",
      "capacity_used": 0.0,
      "capacity_max": 10000.0,
      "capacity_utilization": 0.0,
      "distance_m": 30412.681891446755,
      "time_s": 2136.849341682381,
      "stops_by_id": [
        0,
        61,
        9,
        4,
        17,
        3,
        2,
        19,
        1,
        0
      ]
    }
  ]
}