{
  "algorithm": "aco",
  "scorer": "distance",
  "final_distance": 251296.88788630455,
  "final_cost": 198349063.5422943,
  "final_time": 18139.919090258132,
  "runtime_s": 14.491827455116436,
  "iterations": 350
}