{
  "algorithm": "nsga2",
  "scorer": "distance",
  "cluster_id": 1,
  "final_distance": 7035.253481357266,
  "final_cost": NaN,
  "final_time": 0.0,
  "score": 7035.253481357266,
  "cluster_runtime_s": 1.0021157264709473,
  "iterations": 15,
  "epoch": 0
}