{
  "algorithm": "aco",
  "scorer": "distance",
  "cluster_id": 0,
  "final_distance": 2937.0,
  "final_cost": 2393112.0,
  "final_time": 212.29602326503687,
  "score": 2937.0,
  "solving_time_s": 30.01301458299713,
  "iterations": 192
}