iter,best,mean
0,14432.67053564242,19218.848051869838
1,14210.52896171008,15835.586280656064
2,14210.52896171008,14970.949749480249
3,14210.52896171008,14719.533276324566
4,14210.52896171008,14561.772421674088
