{
  "algorithm": "nsga2",
  "scorer": "distance",
  "cluster_id": 0,
  "final_distance": 64063.099999999984,
  "final_cost": 100000.0,
  "final_time": 6618.900000000001,
  "score": 64063.099999999984,
  "solving_time_s": 0.32074666023254395,
  "iterations": 8,
  "epoch": 0,
  "time_limit_per_cluster": 0.3
}