iter,best,mean,best_route_time,mean_route_time
0,73539.19999999998,90506.712,7275.799999999999,8239.582
0,64384.100000000006,82978.583,6658.5,7834.236
0,64384.100000000006,78699.045,6658.5,7596.016
0,64368.1,75489.323,6658.5,7405.251
0,64063.099999999984,73180.04699999999,6618.900000000001,7279.286999999999
0,64063.099999999984,71414.223,6580.099999999999,7167.192999999999
0,64063.099999999984,70054.105,6580.099999999999,7076.0019999999995
0,64063.099999999984,69159.488,6547.9,7005.361
