iter,best,mean,best_route_time,mean_route_time
1,2937.0,22031.06,210.67552598010246,1586.2045555372906
2,2937.0,18011.45,210.67552598010246,1295.0250709715824
3,2937.0,17176.53,210.67552598010246,1236.2625114301245
4,2937.0,16498.06,210.67552598010246,1186.8857410144005
