vehicle_id,vehicle_name,num_stops_including_depot,capacity_used,capacity_max,capacity_utilization,distance_m,time_s,initial_cost,distance_cost,route_cost,stops_by_id
1,Truck-01,80,246.0,10000.0,0.0246,246792.3458936396,17771.53139990229,75819.0,789.0,194794979.91008165,"[0, 35, 15, 43, 26, 8, 23, 46, 69, 30, 11, 71, 18, 25, 59, 58, 56, 51, 68, 12, 57, 41, 48, 50, 21, 64, 75, 47, 52, 28, 61, 16, 73, 44, 55, 38, 5, 54, 3, 1, 45, 49, 27, 72, 70, 60, 2, 24, 29, 74, 34, 19, 20, 4, 63, 9, 37, 17, 36, 10, 22, 77, 7, 53, 76, 66, 13, 33, 42, 39, 32, 40, 65, 67, 78, 14, 31, 62, 6, 0]"
