iter,best,mean
0,10285.95887678499,13426.826145564108
1,10285.95887678499,11636.423339271118
2,10285.95887678499,11140.10303651288
3,10285.95887678499,10775.253077333015
4,10285.95887678499,10640.448820367497
