{
  "algorithm": "pso",
  "scorer": "distance",
  "cluster_id": 0,
  "final_distance": 3097.0,
  "final_cost": 2519352.0,
  "final_time": 223.36261854762233,
  "score": 3097.0,
  "solving_time_s": 30.02065861399751,
  "iterations": 148
}