iter,best,mean,best_route_time,mean_route_time
1,2937.0,21975.17,211.3198714931536,1580.8372456043735
2,2937.0,17810.68,211.3198714931536,1281.666139522923
3,2937.0,17006.09,211.3198714931536,1224.3806123876257
4,2937.0,16433.45,211.3198714931536,1183.699038976008
