{
  "algorithm": "nsga2",
  "scorer": "distance",
  "cluster_id": 5,
  "final_distance": 24645.54780904825,
  "final_cost": NaN,
  "final_time": 0.0,
  "score": 24645.54780904825,
  "cluster_runtime_s": 1.041534185409546,
  "iterations": 14,
  "epoch": 0
}