{
  "routes": [
    {
      "vehicle_id": 0,
      "vehicle_name": "Truck-01-c5",
      "capacity_used": 0.0,
      "capacity_max": 10000.0,
      "capacity_utilization": 0.0,
      "distance_m": 24645.54780904825,
      "time_s": 1755.003911431501,
      "stops_by_id": [
        0,
        9,
        61,
        4,
        17,
        0
      ]
    }
  ]
}