iter,best,mean
0,19038.830511481152,24726.993614121526
1,18926.735998528697,20528.062669880426
2,18926.735998528697,19646.94187281395
3,18926.735998528697,19388.461503498078
