{
  "algorithm": "nsga2",
  "scorer": "distance",
  "cluster_id": 2,
  "final_distance": 16407.257056239097,
  "final_cost": NaN,
  "final_time": 0.0,
  "score": 16407.257056239097,
  "runtime_s": 1.0300415423698723,
  "iterations": 18
}