{
  "routes": [
    {
      "vehicle_id": 0,
      "vehicle_name": "Truck-01-c2",
      "capacity_used": 0.0,
      "capacity_max": 10000.0,
      "capacity_utilization": 0.0,
      "distance_m": 26997.393069774334,
      "time_s": 1931.0058559015195,
      "stops_by_id": [
        0,
        17,
        3,
        2,
        19,
        1,
        66,
        21,
        25,
        24,
        23,
        22,
        7,
        0
      ]
    }
  ]
}