{
  "algorithm": "nsga2",
  "scorer": "distance",
  "cluster_id": 2,
  "final_distance": 9783.996727743912,
  "final_cost": NaN,
  "final_time": 0.0,
  "score": 9783.996727743912,
  "cluster_runtime_s": 0.3516242504119873,
  "iterations": 6,
  "epoch": 0
}