{
  "routes": [
    {
      "vehicle_id": 0,
      "vehicle_name": "Truck-01-c3",
      "capacity_used": 0.0,
      "capacity_max": 10000.0,
      "capacity_utilization": 0.0,
      "distance_m": 16829.86462794127,
      "time_s": 1206.5644386706877,
      "stops_by_id": [
        0,
        20,
        71,
        35,
        33,
        37,
        38,
        39,
        68,
        30,
        36,
        8,
        6,
        58,
        0
      ]
    }
  ]
}