{
  "algorithm": "nsga2",
  "scorer": "distance",
  "cluster_id": 2,
  "final_distance": 12135.957639223898,
  "final_cost": 100000.0,
  "final_time": 12135.957639223898,
  "score": 12135.957639223898,
  "solving_time_s": 0.3112678527832031,
  "iterations": 13,
  "epoch": 0,
  "time_limit_per_cluster": 0.3
}