{
  "algorithm": "aco",
  "scorer": "distance",
  "cluster_id": 4,
  "final_distance": 21458.517811766313,
  "final_cost": 100000.0,
  "final_time": 21458.517811766313,
  "score": 21458.517811766313,
  "solving_time_s": 0.3075063228607178,
  "iterations": 24,
  "time_limit_per_cluster": 0.3
}