{
  "algorithm": "nsga2",
  "cluster_id": 0,
  "final_distance": 2720.0,
  "final_cost": 2221899.0,
  "final_time": 195.61711976986544,
  "score": 2720.0,
  "solving_time_s": 10.111069202423096,
  "iterations": 23,
  "epoch": 82,
  "time_limit_per_cluster": 10.0
}