{
  "algorithm": "nsga2",
  "cluster_id": 0,
  "final_distance": 558.0,
  "final_cost": 516081.0,
  "final_time": 39.939825573471886,
  "score": 558.0,
  "solving_time_s": 2.804939031600952,
  "iterations": 222,
  "time_limit_per_cluster": 2.8
}