{
  "algorithm": "pso",
  "scorer": "distance",
  "cluster_id": 0,
  "final_distance": 3033.0,
  "final_cost": 2468856.0,
  "final_time": 217.52061767441566,
  "score": 3033.0,
  "solving_time_s": 30.020428843003174,
  "iterations": 146
}