iter,best,mean,best_route_time,mean_route_time
1,2937.0,21988.42,210.79645436539718,1584.4086171045803
2,2937.0,17794.9,210.79645436539718,1282.6077954431876
3,2937.0,16999.01,210.79645436539718,1223.897404892287
4,2937.0,16452.4,210.79645436539718,1184.4724833881637
