{
  "algorithm": "ga",
  "scorer": "distance",
  "cluster_id": 0,
  "final_distance": 2818.0,
  "final_cost": 2299221.0,
  "final_time": 203.20188458575186,
  "score": 2818.0,
  "solving_time_s": 30.01114612499805,
  "iterations": 682
}