{
  "algorithm": "nsga2",
  "scorer": "distance",
  "cluster_id": 4,
  "final_distance": 12436.86391595169,
  "final_cost": NaN,
  "final_time": 0.0,
  "score": 12436.86391595169,
  "runtime_s": 1.091944991145283,
  "iterations": 14
}