{
  "routes": [
    {
      "vehicle_id": 0,
      "vehicle_name": "Truck-01-c0",
      "capacity_used": 0.0,
      "capacity_max": 10000.0,
      "capacity_utilization": 0.0,
      "distance_m": 61549.71500920696,
      "time_s": 4409.1309445217075,
      "stops_by_id": [
        0,
        17,
        4,
        61,
        76,
        18,
        67,
        60,
        59,
        65,
        10,
        11,
        70,
        13,
        14,
        16,
        15,
        12,
        0
      ]
    }
  ]
}