iter,best,mean,best_route_time,mean_route_time
0,73539.19999999998,90506.712,7275.799999999999,8239.582
0,69785.8,85486.55300000001,7166.9,7970.672
0,64391.2,79969.026,6620.2,7657.995
0,64391.2,75942.162,6620.2,7426.276999999999
0,64391.2,73927.338,6620.2,7296.334
0,64198.39999999998,71982.546,6620.2,7176.31
0,64198.39999999998,70920.173,6580.099999999999,7117.266
0,64063.099999999984,69732.99,6580.099999999999,7046.903999999999
