vehicle_id,vehicle_name,num_stops_including_depot,capacity_used,capacity_max,capacity_utilization,distance_m,initial_cost,distance_cost,route_cost,stops_by_id
1,Truck-01,80,246.0,10000.0,0.0246,256684.11701218376,75819.0,789.0,202599587.322613,"[0, 26, 8, 23, 46, 69, 30, 11, 71, 51, 52, 47, 28, 61, 16, 73, 44, 38, 55, 21, 75, 64, 57, 41, 48, 50, 5, 54, 3, 63, 1, 45, 49, 12, 68, 27, 72, 60, 2, 24, 29, 74, 34, 19, 20, 4, 9, 37, 17, 36, 10, 77, 7, 53, 66, 13, 76, 22, 42, 33, 40, 32, 39, 70, 56, 58, 59, 18, 25, 6, 62, 67, 65, 78, 14, 31, 35, 15, 43, 0]"
