{
  "algorithm": "pso",
  "scorer": "distance",
  "cluster_id": 5,
  "final_distance": 58549.399999999994,
  "final_cost": 100000.0,
  "final_time": 4724.0,
  "score": 58549.399999999994,
  "solving_time_s": 0.30206942558288574,
  "iterations": 134,
  "time_limit_per_cluster": 0.3
}