iter,best,mean
0,9280.058552493376,10307.10129157782
1,9280.058552493376,9583.38465071206
2,9280.058552493376,9333.885291265238
3,9280.058552493376,9296.301851552918
4,9280.058552493376,9280.058552493376
5,9280.058552493376,9280.058552493376
