{
  "algorithm": "nsga2",
  "scorer": "distance",
  "cluster_id": 2,
  "final_distance": 11217.585559158699,
  "final_cost": NaN,
  "final_time": 0.0,
  "score": 11217.585559158699,
  "cluster_runtime_s": 0.30138587951660156,
  "iterations": 5,
  "epoch": 0
}