iter,best,mean
0,11217.585559158699,13702.2383402244
1,11217.585559158699,11917.049332735069
2,11217.585559158699,11522.696529293322
3,11217.585559158699,11258.940259840898
4,11217.585559158699,11217.5855591587
