{
  "epoch": 3,
  "clusters": 1,
  "algorithm": "nsga2",
  "scorer": "distance",
  "sum_final_distance": 514.0,
  "sum_final_cost": 556320.0,
  "sum_final_time": 44.436816902842416,
  "epoch_runtime_s": 10.568730115890503,
  "total_cluster_runtime_s": 10.440253973007202
}