{
  "algorithm": "nsga2",
  "cluster_id": 0,
  "final_distance": 2917.0,
  "final_cost": 2377332.0,
  "final_time": 210.64436875301777,
  "score": 2917.0,
  "solving_time_s": 10.195404291152954,
  "iterations": 27,
  "epoch": 79,
  "time_limit_per_cluster": 10.0
}