vehicle_id,vehicle_name,num_stops_including_depot,capacity_used,capacity_max,capacity_utilization,distance_m,initial_cost,distance_cost,route_cost,stops_by_id
1,Truck-01,80,246.0,10000.0,0.0246,290042.23075679777,75819.0,789.0,228919139.06711343,"[0, 35, 15, 43, 6, 62, 23, 69, 8, 26, 46, 30, 71, 11, 16, 51, 56, 18, 59, 25, 67, 65, 14, 31, 78, 13, 66, 76, 53, 7, 77, 10, 22, 42, 33, 40, 32, 39, 29, 24, 34, 74, 36, 19, 17, 37, 9, 63, 54, 5, 3, 1, 45, 4, 20, 2, 60, 72, 49, 57, 41, 48, 50, 38, 55, 47, 44, 73, 61, 28, 52, 75, 21, 64, 68, 12, 27, 70, 58, 0]"
