{
  "algorithm": "nsga2",
  "scorer": "distance",
  "cluster_id": 0,
  "final_distance": 511.0,
  "final_cost": 572889.0,
  "final_time": 45.998176446225244,
  "score": 511.0,
  "cluster_runtime_s": 10.348633766174316,
  "iterations": 17,
  "epoch": 14
}