vehicle_id,vehicle_name,num_stops_including_depot,capacity_used,capacity_max,capacity_utilization,distance_m,initial_cost,distance_cost,route_cost,stops_by_id
1,Truck-01,80,246.0,10000.0,0.0246,281070.84672303393,75819.0,789.0,221840717.06447378,"[0, 8, 26, 23, 46, 18, 71, 59, 25, 6, 43, 15, 35, 62, 31, 14, 78, 67, 65, 40, 32, 39, 70, 58, 56, 51, 68, 12, 57, 49, 27, 72, 60, 2, 24, 29, 34, 74, 10, 77, 7, 53, 76, 66, 13, 33, 42, 22, 36, 19, 20, 4, 17, 37, 9, 63, 45, 1, 3, 54, 5, 41, 48, 50, 38, 55, 21, 64, 75, 52, 47, 44, 73, 61, 28, 11, 30, 69, 16, 0]"
