{
  "algorithm": "nsga2",
  "scorer": "distance",
  "cluster_id": 2,
  "final_distance": 38330.86448844238,
  "final_cost": NaN,
  "final_time": 0.0,
  "score": 38330.86448844238,
  "cluster_runtime_s": 1.0189805030822754,
  "iterations": 14,
  "epoch": 0
}