iter,best,mean
0,9602.071431591274,13436.640843572419
1,9602.071431591274,10607.425083159318
2,9602.071431591274,10082.633664340747
3,9602.07143159127,9799.325614329691
4,9602.07143159127,9667.942061610102
