iter,best,mean
0,9783.996727743912,11728.880617453078
1,9783.996727743912,10878.607132127483
2,9783.996727743912,10316.146407947143
3,9783.996727743912,9783.996727743912
4,9783.996727743912,9783.996727743912
5,9783.996727743912,9783.996727743912
