{
  "algorithm": "nsga2",
  "scorer": "distance",
  "cluster_id": 0,
  "final_distance": 27768.36189368915,
  "final_cost": NaN,
  "final_time": 0.0,
  "score": 27768.36189368915,
  "cluster_runtime_s": 1.076491355895996,
  "iterations": 12,
  "epoch": 0
}