iter,best,mean
0,27768.36189368915,39145.681451104865
1,27768.36189368915,32199.54482088399
2,27768.36189368915,30793.47885786697
3,27768.36189368915,30067.3365717424
4,27768.36189368915,29564.462741067728
5,27768.36189368915,28736.212187148183
6,27768.36189368915,27887.875296944698
7,27768.36189368915,27768.361893689147
8,27768.36189368915,27768.361893689147
9,27768.36189368915,27768.361893689147
10,27768.36189368915,27768.361893689147
11,27768.36189368915,27768.361893689147
