iter,best,mean
0,9107.463984902673,10614.239868237994
1,9107.463984902673,9449.1091042785
2,9107.463984902673,9301.523099483613
3,9107.463984902673,9218.441817506691
4,9107.463984902673,9107.463984902673
