{
  "algorithm": "nsga2",
  "scorer": "distance",
  "cluster_id": 0,
  "final_distance": 516.0,
  "final_cost": 546852.0,
  "final_time": 43.178592319643904,
  "score": 516.0,
  "cluster_runtime_s": 10.136372089385986,
  "iterations": 23,
  "epoch": 1
}