{
  "algorithm": "nsga2",
  "scorer": "distance",
  "cluster_id": 6,
  "final_distance": 8223.366724336242,
  "final_cost": NaN,
  "final_time": 0.0,
  "score": 8223.366724336242,
  "cluster_runtime_s": 1.0087499618530273,
  "iterations": 13,
  "epoch": 0
}