vehicle_id,vehicle_name,num_stops_including_depot,capacity_used,capacity_max,capacity_utilization,distance_m,initial_cost,distance_cost,route_cost,stops_by_id
1,Truck-01,80,246.0,10000.0,0.0246,294326.58163778344,75819.0,789.0,232299491.91221115,"[0, 8, 46, 23, 26, 43, 15, 35, 31, 62, 6, 25, 18, 59, 58, 70, 29, 39, 32, 40, 65, 67, 14, 78, 13, 33, 42, 22, 76, 66, 53, 7, 77, 10, 36, 74, 19, 17, 37, 9, 4, 20, 34, 24, 2, 60, 72, 27, 49, 45, 1, 63, 3, 54, 5, 41, 48, 50, 38, 55, 21, 64, 57, 12, 68, 51, 56, 71, 30, 69, 11, 16, 52, 28, 61, 73, 44, 47, 75, 0]"
