{
  "algorithm": "nsga2",
  "scorer": "distance",
  "cluster_id": 3,
  "final_distance": 7889.289240286451,
  "final_cost": NaN,
  "final_time": 0.0,
  "score": 7889.289240286451,
  "runtime_s": 5.016344975680113,
  "iterations": 82
}