{
  "algorithm": "nsga2",
  "scorer": "distance",
  "cluster_id": 3,
  "final_distance": 20479.69575684281,
  "final_cost": NaN,
  "final_time": 0.0,
  "score": 20479.69575684281,
  "runtime_s": 5.02756195794791,
  "iterations": 50
}