{
  "algorithm": "ga",
  "cluster_id": 0,
  "final_distance": 556.0,
  "final_cost": 514503.0,
  "final_time": 40.41540313652178,
  "score": 556.0,
  "solving_time_s": 2.8054559230804443,
  "iterations": 237,
  "time_limit_per_cluster": 2.8
}