{
  "algorithm": "nsga2",
  "scorer": "distance",
  "cluster_id": 3,
  "final_distance": 5536.960155592545,
  "final_cost": NaN,
  "final_time": 0.0,
  "score": 5536.960155592545,
  "cluster_runtime_s": 1.036724328994751,
  "iterations": 17,
  "epoch": 0
}