{
  "algorithm": "aco",
  "scorer": "distance",
  "cluster_id": 2,
  "final_distance": 20846.131358222065,
  "final_cost": 100000.0,
  "final_time": 20846.131358222065,
  "score": 20846.131358222065,
  "solving_time_s": 0.30123233795166016,
  "iterations": 30,
  "time_limit_per_cluster": 0.3
}