{
  "algorithm": "nsga2",
  "scorer": "distance",
  "cluster_id": 0,
  "final_distance": 13446.897730916657,
  "final_cost": NaN,
  "final_time": 0.0,
  "score": 13446.897730916657,
  "runtime_s": 1.065545444842428,
  "iterations": 18
}