iter,best,mean,best_route_time,mean_route_time
0,2991.0,8178.0,213.40362540114504,588.0196552805542
1,2991.0,8178.0,213.40362540114504,588.0196552805542
1,2991.0,3321.3333333333335,213.40362540114504,238.29120203325368
2,2991.0,3321.3333333333335,213.40362540114504,238.29120203325368
2,2754.0,3192.5333333333333,197.61568205595665,228.95152148935014
3,2754.0,3192.5333333333333,197.61568205595665,228.95152148935014
3,2706.0,3098.2,193.59942675916474,222.32214018004285
4,2706.0,3098.2,193.59942675916474,222.32214018004285
4,2706.0,3072.6,193.59942675916474,220.38306037099315
5,2706.0,3072.6,193.59942675916474,220.38306037099315
5,2706.0,2995.0,193.59942675916474,214.5196260072145
6,2706.0,2995.0,193.59942675916474,214.5196260072145
6,2706.0,2958.1666666666665,193.59942675916474,211.91372501042537
7,2706.0,2958.1666666666665,193.59942675916474,211.91372501042537
7,2706.0,2856.4,193.59942675916474,204.7424321568779
8,2706.0,2856.4,193.59942675916474,204.7424321568779
8,2706.0,2789.0333333333333,193.59942675916474,199.79210974703372
9,2706.0,2789.0333333333333,193.59942675916474,199.79210974703372
9,2706.0,2739.9333333333334,193.59942675916474,196.15298292119587
10,2706.0,2739.9333333333334,193.59942675916474,196.15298292119587
10,2691.0,2707.2,192.76922351966684,193.7001254220549
11,2691.0,2707.2,192.76922351966684,193.7001254220549
