{
  "algorithm": "nsga2",
  "cluster_id": 0,
  "final_distance": 2689.0,
  "final_cost": 2197440.0,
  "final_time": 193.35581106014283,
  "score": 2689.0,
  "solving_time_s": 10.456113815307617,
  "iterations": 21,
  "epoch": 62,
  "time_limit_per_cluster": 10.0
}