{
  "algorithm": "nsga2",
  "scorer": "distance",
  "cluster_id": 1,
  "final_distance": 33401.263177290355,
  "final_cost": NaN,
  "final_time": 0.0,
  "score": 33401.263177290355,
  "runtime_s": 1.028768555726856,
  "iterations": 17
}