{
  "routes": [
    {
      "vehicle_id": 0,
      "vehicle_name": "Truck-01-c1",
      "capacity_used": 0.0,
      "capacity_max": 10000.0,
      "capacity_utilization": 0.0,
      "distance_m": 33401.263177290355,
      "time_s": 2454.144286285659,
      "stops_by_id": [
        0,
        70,
        13,
        14,
        15,
        16,
        12,
        11,
        10,
        0
      ]
    }
  ]
}