{
  "routes": [
    {
      "vehicle_id": 0,
      "vehicle_name": "Truck-01-c2",
      "capacity_used": 0.0,
      "capacity_max": 10000.0,
      "capacity_utilization": 0.0,
      "distance_m": 25515.51554043535,
      "time_s": 1882.0422390589194,
      "stops_by_id": [
        0,
        29,
        72,
        78,
        32,
        34,
        31,
        33,
        35,
        71,
        36,
        30,
        8,
        6,
        58,
        20,
        0
      ]
    }
  ]
}