{
  "algorithm": "nsga2",
  "scorer": "distance",
  "cluster_id": 4,
  "final_distance": 15009.41217791132,
  "final_cost": NaN,
  "final_time": 0.0,
  "score": 15009.41217791132,
  "runtime_s": 1.0585170714184642,
  "iterations": 19
}