{
  "algorithm": "nsga2",
  "cluster_id": 0,
  "final_distance": 2779.0,
  "final_cost": 2268450.0,
  "final_time": 200.55983771715734,
  "score": 2779.0,
  "solving_time_s": 10.322324514389038,
  "iterations": 24,
  "epoch": 80,
  "time_limit_per_cluster": 10.0
}