vehicle_id,vehicle_name,num_stops_including_depot,capacity_used,capacity_max,capacity_utilization,distance_m,initial_cost,distance_cost,route_cost,stops_by_id
1,Truck-01,80,246.0,10000.0,0.0246,251235.42471025375,75819.0,789.0,198300569.09639022,"[0, 8, 26, 23, 46, 69, 25, 67, 65, 40, 32, 39, 70, 60, 72, 27, 12, 68, 51, 58, 56, 59, 18, 71, 30, 11, 16, 44, 73, 61, 28, 52, 75, 47, 64, 21, 38, 55, 50, 48, 41, 57, 49, 5, 54, 3, 1, 45, 63, 4, 9, 37, 17, 2, 20, 19, 34, 24, 29, 74, 36, 10, 33, 42, 22, 77, 7, 53, 66, 76, 13, 78, 14, 31, 62, 6, 35, 15, 43, 0]"
