{
  "algorithm": "nsga2",
  "scorer": "distance",
  "cluster_id": 4,
  "final_distance": 9602.07143159127,
  "final_cost": NaN,
  "final_time": 0.0,
  "score": 9602.07143159127,
  "cluster_runtime_s": 1.0439786911010742,
  "iterations": 13,
  "epoch": 0
}