{
  "routes": [
    {
      "vehicle_id": 0,
      "vehicle_name": "Truck-01-c3",
      "capacity_used": 0.0,
      "capacity_max": 10000.0,
      "capacity_utilization": 0.0,
      "distance_m": 28383.7194159625,
      "time_s": 2095.2316655359873,
      "stops_by_id": [
        0,
        1,
        3,
        2,
        19,
        7,
        11,
        70,
        13,
        14,
        15,
        16,
        0
      ]
    }
  ]
}