{
  "algorithm": "nsga2",
  "cluster_id": 0,
  "final_distance": 569.0,
  "final_cost": 524760.0,
  "final_time": 40.966252020993785,
  "score": 569.0,
  "solving_time_s": 2.8070764541625977,
  "iterations": 223,
  "time_limit_per_cluster": 2.8
}