{
  "algorithm": "nsga2",
  "scorer": "distance",
  "cluster_id": 1,
  "final_distance": 34929.73450624024,
  "final_cost": NaN,
  "final_time": 0.0,
  "score": 34929.73450624024,
  "runtime_s": 5.027950015850365,
  "iterations": 50
}