{
  "algorithm": "pso",
  "scorer": "distance",
  "cluster_id": 0,
  "final_distance": 2826.0,
  "final_cost": 2305533.0,
  "final_time": 202.79882966189686,
  "score": 2826.0,
  "solving_time_s": 30.340908854966983,
  "iterations": 4
}