{
  "algorithm": "pso",
  "scorer": "distance",
  "cluster_id": 0,
  "final_distance": 3489.0,
  "final_cost": 2828640.0,
  "final_time": 252.40367628462167,
  "score": 3489.0,
  "solving_time_s": 30.044440514997405,
  "iterations": 146
}