iter,best,mean,best_route_time,mean_route_time
1,2937.0,22156.21,209.90473311031778,1594.7422964947418
2,2937.0,17930.94,209.90473311031778,1290.8793750857249
3,2937.0,17065.35,209.90473311031778,1228.162920470228
4,2937.0,16445.66,209.90473311031778,1183.481668306647
