iter,best,mean
0,9107.463984902673,10691.35460707722
1,9107.463984902673,9432.698435383858
2,9107.463984902673,9248.838458212958
3,9107.463984902673,9113.899806671507
4,9107.463984902673,9107.463984902673
5,9107.463984902673,9107.463984902673
