{
  "algorithm": "nsga2",
  "scorer": "distance",
  "cluster_id": 6,
  "final_distance": 21445.362775222016,
  "final_cost": NaN,
  "final_time": 0.0,
  "score": 21445.362775222016,
  "cluster_runtime_s": 1.062863826751709,
  "iterations": 14,
  "epoch": 0
}