{
  "algorithm": "pso",
  "scorer": "distance",
  "cluster_id": 2,
  "final_distance": 20838.103511957754,
  "final_cost": 100000.0,
  "final_time": 20838.103511957754,
  "score": 20838.103511957754,
  "solving_time_s": 0.30474424362182617,
  "iterations": 59,
  "time_limit_per_cluster": 0.3
}