iter,best,mean
0,31998.264708746872,43625.46650496397
1,31998.264708746872,34969.63614676927
2,31998.264708746872,33991.84221125014
3,31998.264708746872,33544.39905460042
4,31998.264708746872,33339.181177205275
5,31998.264708746872,33143.32583789563
6,31998.264708746872,32971.11933900093
7,31998.264708746872,32825.85507274584
8,31998.264708746872,32714.616684066452
9,31998.264708746872,32622.796521484946
