{
  "routes": [
    {
      "vehicle_id": 0,
      "vehicle_name": "Truck-01-c0",
      "capacity_used": 0.0,
      "capacity_max": 10000.0,
      "capacity_utilization": 0.0,
      "distance_m": 53362.13843482244,
      "time_s": 3764.5331227886413,
      "stops_by_id": [
        0,
        73,
        43,
        74,
        46,
        55,
        77,
        44,
        45,
        38,
        39,
        40,
        57,
        41,
        42,
        50,
        48,
        47,
        49,
        53,
        54,
        51,
        52,
        69,
        56,
        64,
        5,
        62,
        75,
        63,
        0
      ]
    }
  ]
}