{
  "algorithm": "nsga2",
  "scorer": "distance",
  "cluster_id": 6,
  "final_distance": 31060.890979809024,
  "final_cost": NaN,
  "final_time": 0.0,
  "score": 31060.890979809024,
  "cluster_runtime_s": 0.3049952983856201,
  "iterations": 5,
  "epoch": 0
}