iter,best,mean
0,31060.890979809024,38172.78454811594
1,31060.890979809024,33434.475296258715
2,31060.890979809024,32541.486425901163
3,31060.890979809024,32007.191987098384
4,31060.890979809024,31771.542727133754
