{
  "algorithm": "nsga2",
  "scorer": "distance",
  "cluster_id": 6,
  "final_distance": 15341.523068451887,
  "final_cost": NaN,
  "final_time": 0.0,
  "score": 15341.523068451887,
  "runtime_s": 1.0177322286181152,
  "iterations": 17
}