{
  "algorithm": "nsga2",
  "scorer": "distance",
  "cluster_id": 0,
  "final_distance": 2659.0,
  "final_cost": 2173770.0,
  "final_time": 191.3897858534629,
  "score": 2659.0,
  "solving_time_s": 30.364954710006714,
  "iterations": 72,
  "epoch": 0
}