{
  "algorithm": "nsga2",
  "scorer": "distance",
  "cluster_id": 5,
  "final_distance": 23664.37976322148,
  "final_cost": NaN,
  "final_time": 0.0,
  "score": 23664.37976322148,
  "runtime_s": 1.0451205102726817,
  "iterations": 18
}