{
  "algorithm": "nsga2",
  "scorer": "distance",
  "cluster_id": 2,
  "final_distance": 18332.684341132575,
  "final_cost": NaN,
  "final_time": 0.0,
  "score": 18332.684341132575,
  "runtime_s": 1.0188354896381497,
  "iterations": 16
}