vehicle_id,vehicle_name,num_stops_including_depot,capacity_used,capacity_max,capacity_utilization,distance_m,initial_cost,distance_cost,route_cost,stops_by_id
1,Truck-01,80,246.0,10000.0,0.0246,274294.91516611684,75819.0,789.0,216494507.06606618,"[0, 6, 62, 31, 35, 15, 43, 26, 8, 23, 46, 69, 30, 18, 25, 59, 58, 56, 51, 71, 11, 16, 61, 73, 44, 28, 52, 47, 75, 64, 21, 55, 38, 50, 48, 41, 57, 3, 5, 54, 63, 9, 37, 17, 20, 4, 45, 1, 49, 12, 68, 27, 72, 60, 2, 70, 39, 29, 24, 34, 19, 74, 36, 10, 77, 7, 53, 66, 76, 22, 42, 33, 13, 78, 14, 67, 32, 40, 65, 0]"
