iter,best,mean
0,22668.75803718392,30449.405160736536
1,21894.393858080977,25017.876219771486
2,21894.393858080974,24196.220660616524
3,21894.393858080974,23587.957643880807
4,21894.393858080974,23145.38403054344
