{
  "algorithm": "nsga2",
  "scorer": "distance",
  "cluster_id": 5,
  "final_distance": 21642.119945490565,
  "final_cost": NaN,
  "final_time": 0.0,
  "score": 21642.119945490565,
  "cluster_runtime_s": 1.001936674118042,
  "iterations": 15,
  "epoch": 0
}