iter,best,mean,best_route_time,mean_route_time
0,48786.40000000001,61714.126,4574.700000000001,5204.321
0,48786.40000000001,57802.764,4431.4,4969.185
0,48786.40000000001,56564.772000000004,4431.4,4912.795
0,48786.40000000001,55951.248,4431.4,4884.998
0,48786.40000000001,55627.394,4431.4,4879.193
0,48786.40000000001,55268.192,4431.4,4868.911
0,48786.40000000001,55062.307,4431.4,4857.273999999999
0,48786.40000000001,54841.374,4431.4,4837.955
0,48786.40000000001,54708.227,4431.4,4836.4039999999995
