{
  "routes": [
    {
      "vehicle_id": 0,
      "vehicle_name": "Truck-01-c5",
      "capacity_used": 0.0,
      "capacity_max": 10000.0,
      "capacity_utilization": 0.0,
      "distance_m": 26318.74235834824,
      "time_s": 1930.3488258169327,
      "stops_by_id": [
        0,
        10,
        11,
        70,
        13,
        14,
        15,
        16,
        0
      ]
    }
  ]
}