{
  "algorithm": "nsga2",
  "cluster_id": 0,
  "final_distance": 64812.59999999999,
  "final_cost": 100000.0,
  "final_time": 6559.199999999999,
  "score": 64812.59999999999,
  "solving_time_s": 0.4163999557495117,
  "iterations": 27,
  "epoch": 0,
  "time_limit_per_cluster": 0.39999999999999997
}