{
  "routes": [
    {
      "vehicle_id": 0,
      "vehicle_name": "Truck-01-c0",
      "capacity_used": 0.0,
      "capacity_max": 10000.0,
      "capacity_utilization": 0.0,
      "distance_m": 35259.11663478032,
      "time_s": 2449.20951693893,
      "stops_by_id": [
        0,
        62,
        75,
        63,
        56,
        46,
        74,
        73,
        43,
        77,
        55,
        51,
        52,
        53,
        54,
        69,
        50,
        48,
        47,
        49,
        0
      ]
    }
  ]
}