{
  "routes": [
    {
      "vehicle_id": 0,
      "vehicle_name": "Truck-01-c2",
      "capacity_used": 0.0,
      "capacity_max": 10000.0,
      "capacity_utilization": 0.0,
      "distance_m": 31743.582806634793,
      "time_s": 2242.088462047771,
      "stops_by_id": [
        0,
        73,
        43,
        74,
        46,
        55,
        77,
        44,
        45,
        0
      ]
    }
  ]
}