{
  "algorithm": "nsga2",
  "cluster_id": 0,
  "final_distance": 2722.0,
  "final_cost": 2223477.0,
  "final_time": 195.49795370800044,
  "score": 2722.0,
  "solving_time_s": 10.243751287460327,
  "iterations": 22,
  "epoch": 63,
  "time_limit_per_cluster": 10.0
}