{
  "algorithm": "nsga2",
  "scorer": "distance",
  "cluster_id": 5,
  "final_distance": 39750.0,
  "final_cost": 100000.0,
  "final_time": 3977.5999999999995,
  "score": 39750.0,
  "solving_time_s": 1.0191311836242676,
  "iterations": 47,
  "time_limit_per_cluster": 1.0
}