vehicle_id,vehicle_name,num_stops_including_depot,capacity_used,capacity_max,capacity_utilization,distance_m,initial_cost,distance_cost,route_cost,stops_by_id
1,Truck-01,80,246.0,10000.0,0.0246,264509.8093731797,75819.0,789.0,208774058.59543878,"[0, 6, 25, 18, 59, 67, 65, 40, 32, 39, 70, 60, 72, 27, 49, 12, 68, 51, 56, 58, 71, 11, 16, 52, 75, 47, 28, 61, 73, 44, 38, 55, 21, 64, 57, 41, 48, 50, 5, 54, 3, 1, 45, 63, 4, 9, 37, 17, 20, 19, 34, 2, 24, 29, 74, 36, 10, 22, 77, 7, 53, 66, 76, 42, 33, 13, 78, 14, 31, 62, 35, 15, 43, 26, 8, 23, 46, 30, 69, 0]"
