{
  "algorithm": "nsga2",
  "scorer": "distance",
  "final_distance": 2632.0,
  "final_cost": 2152467.0,
  "final_time": 189.42283539231937,
  "epoch_runtime_s": 60.4662082195282,
  "iterations": 53,
  "epoch": 0
}