{
  "algorithm": "nsga2",
  "scorer": "distance",
  "cluster_id": 3,
  "final_distance": 15897.486744805085,
  "final_cost": NaN,
  "final_time": 0.0,
  "score": 15897.486744805085,
  "runtime_s": 5.028532388154417,
  "iterations": 87
}