{
  "algorithm": "nsga2",
  "scorer": "distance",
  "cluster_id": 5,
  "final_distance": 6489.872082577006,
  "final_cost": NaN,
  "final_time": 0.0,
  "score": 6489.872082577006,
  "runtime_s": 1.0146575341932476,
  "iterations": 20
}