{
  "algorithm": "aco",
  "scorer": "distance",
  "cluster_id": 5,
  "final_distance": 9602.058168663612,
  "final_cost": 100000.0,
  "final_time": 9602.058168663612,
  "score": 9602.058168663612,
  "solving_time_s": 0.3011305332183838,
  "iterations": 32,
  "time_limit_per_cluster": 0.3
}