{
  "algorithm": "pso",
  "scorer": "distance",
  "cluster_id": 0,
  "final_distance": 3146.0,
  "final_cost": 2558013.0,
  "final_time": 226.86888148349723,
  "score": 3146.0,
  "solving_time_s": 30.12034109700471,
  "iterations": 147
}