iter,best,mean,best_route_time,mean_route_time
1,2937.0,21957.09,211.9303617592771,1581.4516914237859
2,2937.0,17826.6,211.9303617592771,1282.0676694669737
3,2937.0,17151.47,211.9303617592771,1233.3257192290685
4,2937.0,16502.37,211.9303617592771,1187.7251415599803
