{
  "algorithm": "ga",
  "scorer": "distance",
  "cluster_id": 0,
  "final_distance": 2742.0,
  "final_cost": 2239257.0,
  "final_time": 196.7081298868794,
  "score": 2742.0,
  "solving_time_s": 30.0132725700023,
  "iterations": 684
}