{
  "epoch": 15,
  "clusters": 1,
  "algorithm": "nsga2",
  "scorer": "distance",
  "sum_final_distance": 512.0,
  "sum_final_cost": 561843.0,
  "sum_final_time": 44.999171436499346,
  "epoch_runtime_s": 10.197043657302856,
  "total_cluster_runtime_s": 10.070976972579956
}