{
  "algorithm": "nsga2",
  "scorer": "distance",
  "cluster_id": 6,
  "final_distance": 20367.601243890364,
  "final_cost": NaN,
  "final_time": 0.0,
  "score": 20367.601243890364,
  "cluster_runtime_s": 1.084191083908081,
  "iterations": 12,
  "epoch": 0
}