{
  "algorithm": "nsga2",
  "scorer": "distance",
  "cluster_id": 0,
  "final_distance": 2709.0,
  "final_cost": 2213220.0,
  "final_time": 195.1723581285333,
  "score": 2709.0,
  "solving_time_s": 30.136355876922607,
  "iterations": 70,
  "epoch": 0
}