{
  "algorithm": "nsga2",
  "cluster_id": 0,
  "final_distance": 543.0,
  "final_cost": 504246.0,
  "final_time": 39.28344925736154,
  "score": 543.0,
  "solving_time_s": 2.8294260501861572,
  "iterations": 36,
  "epoch": 0,
  "time_limit_per_cluster": 2.8
}