{
  "algorithm": "nsga2",
  "cluster_id": 0,
  "final_distance": 2680.0,
  "final_cost": 2190339.0,
  "final_time": 193.15616207182657,
  "score": 2680.0,
  "solving_time_s": 10.381336688995361,
  "iterations": 21,
  "epoch": 60,
  "time_limit_per_cluster": 10.0
}