{
  "algorithm": "nsga2",
  "scorer": "distance",
  "cluster_id": 3,
  "final_distance": 19460.10675825831,
  "final_cost": NaN,
  "final_time": 0.0,
  "score": 19460.10675825831,
  "runtime_s": 5.0227362918667495,
  "iterations": 83
}