iter,best,mean
0,19102.89754769823,25157.733050367286
1,18926.735998528697,20543.749305124787
2,18926.735998528693,19670.648282846538
3,18926.735998528693,19363.826651850362
4,18926.735998528693,19177.92128478932
5,18926.735998528693,19078.943857560862
6,18926.735998528693,19017.56265611873
7,18926.735998528693,18997.788834384944
8,18926.735998528693,18959.987547546258
9,18926.735998528693,18926.735998528693
10,18926.735998528693,18926.735998528693
11,18926.735998528693,18926.735998528693
