iter,best,mean
0,20479.69575684281,25751.60730602883
1,20479.69575684281,22590.159329734044
2,20479.69575684281,21769.876220652084
3,20479.69575684281,21237.536487043588
