{
  "algorithm": "nsga2",
  "cluster_id": 0,
  "final_distance": 543.0,
  "final_cost": 504246.0,
  "final_time": 39.22346919548289,
  "score": 543.0,
  "solving_time_s": 2.842275619506836,
  "iterations": 39,
  "epoch": 0,
  "time_limit_per_cluster": 2.8
}