{
  "algorithm": "nsga2",
  "scorer": "distance",
  "cluster_id": 3,
  "final_distance": 37221.488380952884,
  "final_cost": NaN,
  "final_time": 0.0,
  "score": 37221.488380952884,
  "cluster_runtime_s": 1.0647015571594238,
  "iterations": 14,
  "epoch": 0
}