{
  "algorithm": "nsga2",
  "scorer": "distance",
  "cluster_id": 4,
  "final_distance": 6387.881784169009,
  "final_cost": NaN,
  "final_time": 0.0,
  "score": 6387.881784169009,
  "cluster_runtime_s": 0.3618464469909668,
  "iterations": 6,
  "epoch": 0
}