{
  "algorithm": "nsga2",
  "scorer": "distance",
  "cluster_id": 3,
  "final_distance": 7813.717428491065,
  "final_cost": 100000.0,
  "final_time": 7813.717428491065,
  "score": 7813.717428491065,
  "solving_time_s": 0.32398343086242676,
  "iterations": 13,
  "epoch": 0,
  "time_limit_per_cluster": 0.3
}