{
  "algorithm": "nsga2",
  "scorer": "distance",
  "cluster_id": 2,
  "final_distance": 37188.90941599035,
  "final_cost": NaN,
  "final_time": 0.0,
  "score": 37188.90941599035,
  "runtime_s": 1.0718775731511414,
  "iterations": 17
}