{
  "epoch": 12,
  "clusters": 1,
  "algorithm": "nsga2",
  "scorer": "distance",
  "sum_final_distance": 538.0,
  "sum_final_cost": 500301.0,
  "sum_final_time": 38.44698234603129,
  "epoch_runtime_s": 10.231517553329468,
  "total_cluster_solving_time_s": 10.222572326660156
}