iter,best,mean
0,5260.599496198047,5260.599496198048
1,5260.599496198047,5260.599496198048
2,5260.599496198047,5260.599496198048
3,5260.599496198047,5260.599496198048
4,5260.599496198047,5260.599496198048
