iter,best,mean
1,43588.78576563173,60878.097536269684
2,41851.73310773808,50608.9912775729
3,41639.07608848983,47482.28635619737
4,41639.07608848983,45588.512252010216
5,41639.07608848983,44350.817751123606
6,41639.07608848983,43658.62131386243
7,41639.07608848983,43238.95013142108
8,41639.07608848983,42739.60908638207
9,41639.07608848983,42118.14725239495
10,41639.07608848983,41680.617300081256
11,41639.07608848983,41639.07608848984
