{
  "algorithm": "aco",
  "scorer": "distance",
  "cluster_id": 0,
  "final_distance": 3685.0,
  "final_cost": 2983284.0,
  "final_time": 269.0204325528049,
  "score": 3685.0,
  "solving_time_s": 30.466539288987406,
  "iterations": 64
}