{
  "algorithm": "aco",
  "scorer": "distance",
  "cluster_id": 0,
  "final_distance": 2874.0,
  "final_cost": 2343405.0,
  "final_time": 206.8584141713701,
  "score": 2874.0,
  "solving_time_s": 30.057916556004784,
  "iterations": 196
}