{
  "epoch": 72,
  "clusters": 1,
  "algorithm": "nsga2",
  "sum_final_distance": 2655.0,
  "sum_final_cost": 2170614.0,
  "sum_final_time": 191.77641749686063,
  "epoch_runtime_s": 10.336498022079468,
  "total_cluster_solving_time_s": 10.293359994888306
}