{
  "algorithm": "pso",
  "scorer": "distance",
  "cluster_id": 0,
  "final_distance": 2937.0,
  "final_cost": 2393112.0,
  "final_time": 212.67937657125222,
  "score": 2937.0,
  "solving_time_s": 30.015001020976342,
  "iterations": 0
}