{
  "algorithm": "pso",
  "scorer": "distance",
  "cluster_id": 0,
  "final_distance": 3191.0,
  "final_cost": 2593518.0,
  "final_time": 227.77398052864942,
  "score": 3191.0,
  "solving_time_s": 30.01172419700015,
  "iterations": 143
}