iter,best,mean,best_route_time,mean_route_time
1,2937.0,22145.16,210.8911615492674,1595.9586153790267
2,2937.0,17926.66,210.8911615492674,1290.336097289956
3,2937.0,17097.87,210.8911615492674,1231.3921322099834
4,2937.0,16394.21,210.8911615492674,1179.4099854614296
