vehicle_id,vehicle_name,num_stops_including_depot,capacity_used,capacity_max,capacity_utilization,distance_m,initial_cost,distance_cost,route_cost,stops_by_id
1,Truck-01,80,246.0,10000.0,0.0246,284998.50259672117,75819.0,789.0,224939637.54881302,"[0, 13, 66, 76, 53, 7, 77, 42, 22, 10, 36, 74, 19, 20, 17, 37, 9, 4, 63, 1, 3, 54, 5, 50, 38, 55, 21, 48, 41, 57, 64, 75, 47, 44, 73, 61, 28, 52, 16, 11, 69, 46, 23, 8, 26, 43, 15, 35, 31, 62, 6, 25, 18, 30, 71, 51, 68, 12, 27, 72, 60, 49, 45, 2, 34, 24, 29, 70, 56, 58, 59, 39, 32, 33, 40, 65, 67, 14, 78, 0]"
