{
  "algorithm": "nsga2",
  "cluster_id": 0,
  "final_distance": 2738.0,
  "final_cost": 2236101.0,
  "final_time": 196.64794372851048,
  "score": 2738.0,
  "solving_time_s": 10.386339664459229,
  "iterations": 23,
  "epoch": 85,
  "time_limit_per_cluster": 10.0
}