{
  "algorithm": "nsga2",
  "scorer": "distance",
  "cluster_id": 4,
  "final_distance": 6429.488352961436,
  "final_cost": NaN,
  "final_time": 0.0,
  "score": 6429.488352961436,
  "cluster_runtime_s": 0.3084588050842285,
  "iterations": 5,
  "epoch": 0
}