iter,best,mean
0,6429.488352961436,8680.529433987693
1,6429.488352961436,6906.993031013815
2,6429.488352961436,6429.488352961436
3,6429.488352961436,6429.488352961436
4,6429.488352961436,6429.488352961436
