{
  "algorithm": "nsga2",
  "cluster_id": 0,
  "final_distance": 2735.0,
  "final_cost": 2233734.0,
  "final_time": 197.5259518373428,
  "score": 2735.0,
  "solving_time_s": 10.078700065612793,
  "iterations": 26,
  "epoch": 53,
  "time_limit_per_cluster": 10.0
}