{
  "algorithm": "ga",
  "scorer": "distance",
  "cluster_id": 4,
  "final_distance": 6180.050210792127,
  "final_cost": 100000.0,
  "final_time": 6180.050210792127,
  "score": 6180.050210792127,
  "solving_time_s": 0.3026430606842041,
  "iterations": 66,
  "time_limit_per_cluster": 0.3
}