{
  "algorithm": "nsga2",
  "scorer": "distance",
  "cluster_id": 1,
  "final_distance": 28536.129508754857,
  "final_cost": NaN,
  "final_time": 0.0,
  "score": 28536.129508754857,
  "cluster_runtime_s": 1.0685038566589355,
  "iterations": 15,
  "epoch": 0
}