{
  "algorithm": "nsga2",
  "scorer": "distance",
  "cluster_id": 6,
  "final_distance": 11217.585559158699,
  "final_cost": NaN,
  "final_time": 0.0,
  "score": 11217.585559158699,
  "runtime_s": 1.0305141028948128,
  "iterations": 19
}