{
  "epoch": 44,
  "clusters": 1,
  "algorithm": "nsga2",
  "scorer": "distance",
  "sum_final_distance": 538.0,
  "sum_final_cost": 500301.0,
  "sum_final_time": 38.086675775443624,
  "epoch_runtime_s": 10.40198564529419,
  "total_cluster_solving_time_s": 10.39198613166809
}