{
  "algorithm": "pso",
  "scorer": "distance",
  "cluster_id": 6,
  "final_distance": 6429.479472186104,
  "final_cost": 100000.0,
  "final_time": 6429.479472186104,
  "score": 6429.479472186104,
  "solving_time_s": 0.3021416664123535,
  "iterations": 138,
  "time_limit_per_cluster": 0.3
}