{
  "algorithm": "nsga2",
  "scorer": "distance",
  "cluster_id": 0,
  "final_distance": 510.0,
  "final_cost": 560265.0,
  "final_time": 44.93702193343641,
  "score": 510.0,
  "cluster_runtime_s": 10.119776487350464,
  "iterations": 18,
  "epoch": 18
}