iter,best,mean
0,20724.689245054313,26014.728155813747
1,20479.695756842815,22758.015403590238
2,20254.025715223965,21801.84300673137
3,20254.025715223965,21162.730193249077
4,20254.025715223965,20808.089367513392
5,20254.025715223965,20727.915949432714
6,20254.025715223965,20709.81102365322
7,20254.025715223965,20687.390705566657
8,20254.025715223965,20620.517739084018
9,20254.025715223965,20508.85397689932
10,20254.025715223965,20478.219082072093
11,20254.025715223965,20478.219082072093
