{
  "algorithm": "nsga2",
  "cluster_id": 0,
  "final_distance": 549.0,
  "final_cost": 508980.0,
  "final_time": 40.00488732219429,
  "score": 549.0,
  "solving_time_s": 2.80828595161438,
  "iterations": 224,
  "time_limit_per_cluster": 2.8
}