iter,best,mean
0,13225.68104410891,17152.831099223247
1,13225.68104410891,14300.157597210955
2,13225.68104410891,13870.100119751216
3,13225.68104410891,13605.381509071738
4,13225.68104410891,13450.473927658159
