iter,best,mean
1,30428.36896094684,42463.60914861741
2,30428.36896094684,35682.30452635935
3,30428.36896094684,33787.87834049167
4,30428.36896094684,32234.096244655084
5,30428.36896094684,31267.275258803285
6,30428.36896094684,30659.252165626403
7,30428.36896094684,30493.581687753824
8,30428.36896094684,30457.469935788922
9,30428.36896094684,30444.423226855874
10,30428.36896094684,30436.87532571954
11,30428.36896094684,30428.368960946846
12,30428.36896094684,30428.368960946846
