{
  "algorithm": "pso",
  "scorer": "distance",
  "cluster_id": 5,
  "final_distance": 9682.331022824423,
  "final_cost": 100000.0,
  "final_time": 9682.331022824423,
  "score": 9682.331022824423,
  "solving_time_s": 0.3038315773010254,
  "iterations": 66,
  "time_limit_per_cluster": 0.3
}