{
  "routes": [
    {
      "vehicle_id": 0,
      "vehicle_name": "Truck-01-c1",
      "capacity_used": 0.0,
      "capacity_max": 10000.0,
      "capacity_utilization": 0.0,
      "distance_m": 16443.603189959547,
      "time_s": 1101.5780461188695,
      "stops_by_id": [
        0,
        63,
        75,
        62,
        0
      ]
    }
  ]
}