{
  "routes": [
    {
      "vehicle_id": 0,
      "vehicle_name": "Truck-01-c3",
      "capacity_used": 0.0,
      "capacity_max": 10000.0,
      "capacity_utilization": 0.0,
      "distance_m": 63774.429475297744,
      "time_s": 4573.603597245396,
      "stops_by_id": [
        0,
        61,
        9,
        4,
        17,
        1,
        24,
        23,
        22,
        19,
        2,
        3,
        65,
        59,
        60,
        76,
        0
      ]
    }
  ]
}