{
  "epoch": 70,
  "clusters": 1,
  "algorithm": "nsga2",
  "sum_final_distance": 2806.0,
  "sum_final_cost": 2289753.0,
  "sum_final_time": 202.49592455481462,
  "epoch_runtime_s": 10.244647026062012,
  "total_cluster_solving_time_s": 10.199226379394531
}