{
  "routes": [
    {
      "vehicle_id": 0,
      "vehicle_name": "Truck-01-c4",
      "capacity_used": 0.0,
      "capacity_max": 10000.0,
      "capacity_utilization": 0.0,
      "distance_m": 15543.957639625933,
      "time_s": 1138.5712694469353,
      "stops_by_id": [
        0,
        68,
        37,
        34,
        31,
        33,
        35,
        71,
        0
      ]
    }
  ]
}