{
  "algorithm": "pso",
  "scorer": "distance",
  "cluster_id": 5,
  "final_distance": 13225.66277604522,
  "final_cost": 100000.0,
  "final_time": 13225.66277604522,
  "score": 13225.66277604522,
  "solving_time_s": 0.30323290824890137,
  "iterations": 76,
  "time_limit_per_cluster": 0.3
}