{
  "algorithm": "nsga2",
  "scorer": "distance",
  "cluster_id": 4,
  "final_distance": 14265.595765463851,
  "final_cost": 100000.0,
  "final_time": 14265.595765463851,
  "score": 14265.595765463851,
  "solving_time_s": 0.31566452980041504,
  "iterations": 9,
  "epoch": 0,
  "time_limit_per_cluster": 0.3
}