iter,best,mean,best_route_time,mean_route_time
0,14265.595765463851,17764.14841470381,14265.595765463851,17764.14841470381
0,14265.595765463851,16492.76055326611,14265.595765463851,16492.76055326611
0,14265.595765463851,16062.566216553087,14265.595765463851,16062.566216553087
0,14265.595765463851,15942.786746521699,14265.595765463851,15942.786746521699
0,14265.595765463851,15855.56792519203,14265.595765463851,15855.56792519203
0,14265.595765463851,15814.010153794417,14265.595765463851,15814.010153794417
0,14265.595765463851,15790.731030847934,14265.595765463851,15790.731030847934
0,14265.595765463851,15775.445445951018,14265.595765463851,15775.445445951018
0,14265.595765463851,15774.518491112189,14265.595765463851,15774.518491112189
