{
  "routes": [
    {
      "vehicle_id": 0,
      "vehicle_name": "Truck-01-c5",
      "capacity_used": 0.0,
      "capacity_max": 10000.0,
      "capacity_utilization": 0.0,
      "distance_m": 47788.15019137614,
      "time_s": 3405.143684692838,
      "stops_by_id": [
        0,
        76,
        18,
        67,
        60,
        65,
        59,
        4,
        61,
        0
      ]
    }
  ]
}