{
  "algorithm": "nsga2",
  "scorer": "distance",
  "cluster_id": 0,
  "final_distance": 2673.0,
  "final_cost": 2184816.0,
  "final_time": 193.66167380287746,
  "score": 2673.0,
  "solving_time_s": 10.020073413848877,
  "iterations": 68,
  "epoch": 0
}