{
  "routes": [
    {
      "vehicle_id": 0,
      "vehicle_name": "Truck-01-c1",
      "capacity_used": 0.0,
      "capacity_max": 10000.0,
      "capacity_utilization": 0.0,
      "distance_m": 35303.1977741574,
      "time_s": 2571.4465933054676,
      "stops_by_id": [
        0,
        1,
        3,
        2,
        19,
        10,
        11,
        12,
        15,
        16,
        14,
        13,
        70,
        7,
        22,
        23,
        0
      ]
    }
  ]
}