{
  "algorithm": "ga",
  "scorer": "distance",
  "cluster_id": 2,
  "final_distance": 14118.11564236038,
  "final_cost": 100000.0,
  "final_time": 14118.11564236038,
  "score": 14118.11564236038,
  "solving_time_s": 0.30167555809020996,
  "iterations": 44,
  "time_limit_per_cluster": 0.3
}