{
  "algorithm": "aco",
  "scorer": "distance",
  "cluster_id": 0,
  "final_distance": 2881.0,
  "final_cost": 2348928.0,
  "final_time": 207.69108527000853,
  "score": 2881.0,
  "solving_time_s": 30.04611258299701,
  "iterations": 194
}