{
  "algorithm": "aco",
  "scorer": "distance",
  "cluster_id": 0,
  "final_distance": 3469.0,
  "final_cost": 2812860.0,
  "final_time": 248.89149624514783,
  "score": 3469.0,
  "solving_time_s": 30.254519402049482,
  "iterations": 64
}