{
  "epoch": 9,
  "clusters": 1,
  "algorithm": "nsga2",
  "sum_final_distance": 2741.0,
  "sum_final_cost": 2238468.0,
  "sum_final_time": 197.88358301870426,
  "epoch_runtime_s": 10.054428815841675,
  "total_cluster_solving_time_s": 10.016489505767822
}