vehicle_id,vehicle_name,num_stops_including_depot,capacity_used,capacity_max,capacity_utilization,distance_m,time_s,initial_cost,distance_cost,route_cost,stops_by_id
1,Truck-01,80,246.0,10000.0,0.0246,250043.23669692434,17616.980164509307,75819.0,789.0,197359932.75387332,"[0, 43, 15, 35, 6, 62, 31, 14, 78, 65, 67, 25, 59, 58, 56, 51, 68, 49, 12, 27, 72, 60, 70, 39, 32, 40, 33, 42, 22, 13, 66, 76, 53, 7, 77, 10, 36, 34, 24, 2, 29, 74, 19, 20, 4, 17, 37, 9, 63, 1, 45, 3, 54, 5, 38, 55, 21, 50, 48, 41, 57, 64, 75, 52, 47, 44, 73, 61, 28, 16, 11, 71, 30, 18, 69, 46, 23, 8, 26, 0]"
