{
  "algorithm": "nsga2",
  "scorer": "distance",
  "cluster_id": 3,
  "final_distance": 37290.23502478047,
  "final_cost": NaN,
  "final_time": 0.0,
  "score": 37290.23502478047,
  "runtime_s": 1.073524215258658,
  "iterations": 16
}