{
  "algorithm": "aco",
  "scorer": "distance",
  "cluster_id": 0,
  "final_distance": 3416.0,
  "final_cost": 2771043.0,
  "final_time": 246.42027837880497,
  "score": 3416.0,
  "solving_time_s": 30.073136043036357,
  "iterations": 64
}