{
  "algorithm": "aco",
  "scorer": "distance",
  "cluster_id": 0,
  "final_distance": 2822.0,
  "final_cost": 2302377.0,
  "final_time": 203.3352400497762,
  "score": 2822.0,
  "solving_time_s": 30.107710522999696,
  "iterations": 196
}