{
  "algorithm": "nsga2",
  "scorer": "distance",
  "cluster_id": 1,
  "final_distance": 20479.667469121247,
  "final_cost": 100000.0,
  "final_time": 20479.667469121247,
  "score": 20479.667469121247,
  "solving_time_s": 0.320751428604126,
  "iterations": 13,
  "time_limit_per_cluster": 0.3
}