{
  "algorithm": "nsga2",
  "scorer": "distance",
  "cluster_id": 1,
  "final_distance": 23022.919547071215,
  "final_cost": NaN,
  "final_time": 0.0,
  "score": 23022.919547071215,
  "runtime_s": 6.3908108081668615
}