{
  "algorithm": "nsga2",
  "scorer": "distance",
  "cluster_id": 1,
  "final_distance": 35266.65390735217,
  "final_cost": NaN,
  "final_time": 0.0,
  "score": 35266.65390735217,
  "runtime_s": 1.031497361138463,
  "iterations": 17
}