{
  "algorithm": "ga",
  "scorer": "distance",
  "cluster_id": 4,
  "final_distance": 15009.391446056807,
  "final_cost": 100000.0,
  "final_time": 15009.391446056807,
  "score": 15009.391446056807,
  "solving_time_s": 0.30428624153137207,
  "iterations": 54,
  "time_limit_per_cluster": 0.3
}