iter,best,mean,best_route_time,mean_route_time
0,20755.619682495537,25606.940044745985,20755.619682495537,25606.940044745985
0,20755.619682495537,23525.323224809308,20755.619682495537,23525.323224809308
0,20479.667469121247,22297.021107094075,20479.667469121247,22297.021107094075
0,20479.667469121247,21978.18946766689,20479.667469121247,21978.18946766689
0,20479.667469121247,21700.47147687819,20479.667469121247,21700.47147687819
0,20479.667469121247,21554.131003787425,20479.667469121247,21554.131003787425
0,20479.667469121247,21432.748671725327,20479.667469121247,21432.748671725327
0,20479.667469121247,21341.277344686034,20479.667469121247,21341.277344686034
