{
  "algorithm": "nsga2",
  "scorer": "distance",
  "cluster_id": 0,
  "final_distance": 55764.90214430207,
  "final_cost": NaN,
  "final_time": 0.0,
  "score": 55764.90214430207,
  "cluster_runtime_s": 1.0564167499542236,
  "iterations": 11,
  "epoch": 0
}