{
  "routes": [
    {
      "vehicle_id": 0,
      "vehicle_name": "Truck-01-c0",
      "capacity_used": 0.0,
      "capacity_max": 10000.0,
      "capacity_utilization": 0.0,
      "distance_m": 85362.09269512475,
      "time_s": 5793.0491639790125,
      "stops_by_id": [
        0,
        76,
        61,
        9,
        4,
        17,
        3,
        2,
        19,
        1,
        23,
        22,
        7,
        70,
        13,
        14,
        15,
        16,
        11,
        10,
        65,
        59,
        60,
        67,
        18,
        12,
        0
      ]
    }
  ]
}