iter,best,mean
0,12135.97440212252,15013.03243302412
1,12135.97440212252,12448.558592348676
2,12135.97440212252,12152.92007587655
3,12135.97440212252,12135.974402122521
4,12135.97440212252,12135.974402122521
