{
  "algorithm": "nsga2",
  "scorer": "distance",
  "cluster_id": 3,
  "final_distance": 24828.710662173362,
  "final_cost": NaN,
  "final_time": 0.0,
  "score": 24828.710662173362,
  "runtime_s": 1.055939748417586,
  "iterations": 15
}