{
  "algorithm": "nsga2",
  "scorer": "distance",
  "cluster_id": 2,
  "final_distance": 28411.005672583942,
  "final_cost": NaN,
  "final_time": 0.0,
  "score": 28411.005672583942,
  "cluster_runtime_s": 1.0222716331481934,
  "iterations": 15,
  "epoch": 0
}