iter,best,mean
0,19298.621140625728,25996.953372888995
1,18903.589628777,21088.009445105956
2,18903.589628777,20300.205493985104
3,18903.589628777,19835.55773921717
4,18903.589628777,19529.9801458974
