iter,best,mean
0,9783.996727743912,11802.560522475495
1,9783.996727743912,10895.393802645402
2,9783.996727743912,10418.436150662146
3,9783.996727743912,9783.996727743912
4,9783.996727743912,9783.996727743912
5,9783.996727743912,9783.996727743912
