iter,best,mean
0,41639.07608848983,62159.163945379965
1,41639.07608848983,51808.71387697447
2,41639.07608848983,48504.01409576138
3,41639.07608848983,46117.66227964025
4,41639.07608848983,44424.07051055849
5,41639.07608848983,43596.005669388185
6,41639.07608848983,43063.03309666759
7,41639.07608848983,42381.41600769568
8,41639.07608848983,41656.94540599414
9,41639.07608848983,41639.07608848984
