{
  "epoch": 22,
  "clusters": 1,
  "algorithm": "nsga2",
  "scorer": "distance",
  "sum_final_distance": 511.0,
  "sum_final_cost": 561054.0,
  "sum_final_time": 45.12454554422986,
  "epoch_runtime_s": 10.876652479171753,
  "total_cluster_runtime_s": 10.736032724380493
}