iter,best,mean,best_route_time,mean_route_time
0,73539.19999999998,90506.712,7275.799999999999,8239.582
0,64384.100000000006,82856.468,6658.5,7827.9490000000005
0,64384.100000000006,77794.62700000001,6658.5,7558.128
0,64384.100000000006,75405.94900000001,6658.5,7393.189
0,64384.100000000006,73310.517,6634.3,7285.585
0,64384.100000000006,72236.072,6634.3,7216.303999999999
0,64384.100000000006,71179.955,6634.3,7147.266
0,64063.099999999984,70333.13399999999,6618.900000000001,7093.719
