{
  "algorithm": "nsga2",
  "scorer": "distance",
  "cluster_id": 3,
  "final_distance": 11547.88858928085,
  "final_cost": NaN,
  "final_time": 0.0,
  "score": 11547.88858928085,
  "cluster_runtime_s": 1.0291595458984375,
  "iterations": 15,
  "epoch": 0
}