{
  "algorithm": "nsga2",
  "scorer": "distance",
  "cluster_id": 3,
  "final_distance": 15009.41217791132,
  "final_cost": NaN,
  "final_time": 0.0,
  "score": 15009.41217791132,
  "cluster_runtime_s": 0.3169083595275879,
  "iterations": 5,
  "epoch": 0
}