iter,best,mean
0,15009.41217791132,20286.02141115834
1,15009.41217791132,16707.975028187517
2,15009.41217791132,15393.057489392811
3,15009.41217791132,15009.41217791132
4,15009.41217791132,15009.41217791132
