{
  "algorithm": "nsga2",
  "scorer": "distance",
  "cluster_id": 1,
  "final_distance": 13225.68104410891,
  "final_cost": NaN,
  "final_time": 0.0,
  "score": 13225.68104410891,
  "cluster_runtime_s": 1.0144011974334717,
  "iterations": 14,
  "epoch": 0
}