{
  "algorithm": "nsga2",
  "scorer": "distance",
  "cluster_id": 2,
  "final_distance": 21029.964991090812,
  "final_cost": NaN,
  "final_time": 0.0,
  "score": 21029.964991090812,
  "cluster_runtime_s": 1.0349550247192383,
  "iterations": 11,
  "epoch": 0
}