iter,best,mean
0,21037.992848443755,28815.83258920796
1,21037.992848443755,23953.93157147779
2,21037.992848443755,23094.413479046645
3,21037.992848443755,22708.3658163084
4,21029.964991090816,22520.793393104308
5,21029.964991090816,22300.154576185672
6,21029.964991090816,22127.89275930792
7,21029.964991090816,21878.02415082734
8,21029.964991090816,21420.013742896834
9,21029.964991090812,21037.551316289344
10,21029.964991090812,21037.39075914228
