{
  "routes": [
    {
      "vehicle_id": 0,
      "vehicle_name": "Truck-01-c2",
      "capacity_used": 0.0,
      "capacity_max": 10000.0,
      "capacity_utilization": 0.0,
      "distance_m": 44394.723646267266,
      "time_s": 3216.9106714783393,
      "stops_by_id": [
        0,
        17,
        1,
        3,
        2,
        19,
        7,
        22,
        23,
        66,
        21,
        25,
        24,
        26,
        28,
        27,
        0
      ]
    }
  ]
}