{
  "algorithm": "nsga2",
  "scorer": "distance",
  "final_distance": 12299.0,
  "final_cost": 9779730.0,
  "final_time": 878.3226942212191,
  "runtime_s": 48.534295501187444,
  "iterations": 1000,
  "epoch": 3
}