iter,best,mean
0,16004.902940063082,19695.02598966057
1,16004.902940063082,17194.507381857416
2,16004.902940063082,16422.658265089205
3,16004.902940063082,16125.305210964103
4,16004.902940063082,16004.902940063088
