{
  "epoch": 64,
  "clusters": 1,
  "algorithm": "nsga2",
  "scorer": "distance",
  "sum_final_distance": 538.0,
  "sum_final_cost": 500301.0,
  "sum_final_time": 38.02994827141041,
  "epoch_runtime_s": 10.021810293197632,
  "total_cluster_solving_time_s": 10.011596441268921
}