vehicle_id,vehicle_name,num_stops_including_depot,capacity_used,capacity_max,capacity_utilization,distance_m,initial_cost,distance_cost,route_cost,stops_by_id
1,Truck-01,80,246.0,10000.0,0.0246,252889.2245455868,75819.0,789.0,199605417.166468,"[0, 26, 8, 23, 46, 69, 18, 59, 58, 56, 49, 2, 42, 33, 13, 66, 76, 53, 7, 77, 22, 10, 36, 74, 29, 24, 34, 19, 20, 17, 37, 9, 4, 63, 1, 45, 3, 54, 5, 38, 55, 50, 48, 41, 57, 64, 21, 75, 52, 47, 44, 73, 61, 28, 16, 11, 30, 71, 51, 68, 12, 27, 72, 60, 70, 39, 32, 40, 65, 67, 25, 6, 62, 31, 14, 78, 35, 15, 43, 0]"
