{
  "routes": [
    {
      "vehicle_id": 0,
      "vehicle_name": "Truck-01-c6",
      "capacity_used": 0.0,
      "capacity_max": 10000.0,
      "capacity_utilization": 0.0,
      "distance_m": 19414.415091486313,
      "time_s": 1320.7077475569433,
      "stops_by_id": [
        0,
        7,
        22,
        23,
        24,
        25,
        21,
        66,
        1,
        0
      ]
    }
  ]
}