iter,best,mean
0,11174.068749051847,14222.179149086493
1,11174.068749051847,12247.186708583124
2,11174.068749051847,11500.06221502914
3,11174.068749051847,11174.068749051847
4,11174.068749051847,11174.068749051847
