{
  "algorithm": "nsga2",
  "scorer": "distance",
  "cluster_id": 4,
  "final_distance": 7359.915065839341,
  "final_cost": 100000.0,
  "final_time": 7359.915065839341,
  "score": 7359.915065839341,
  "solving_time_s": 0.31258535385131836,
  "iterations": 13,
  "epoch": 0,
  "time_limit_per_cluster": 0.3
}