iter,best,mean
0,33903.03943229294,46733.59541897832
1,33903.03943229294,38491.58271273151
2,33903.03943229294,36633.058225420995
3,33903.03943229294,35422.43755416554
