iter,best,mean
0,33999.79942187254,45452.35706935314
1,33940.27267864143,41275.08251139148
2,33940.27267864143,38454.04547842105
3,33940.27267864143,36732.11749623912
4,33695.27919042992,35971.127536977234
5,33695.27919042992,35321.60057041855
6,33695.27919042992,34624.17105593713
7,33695.27919042992,33965.967045308236
8,33695.27919042992,33883.32513658006
