{
  "algorithm": "nsga2",
  "scorer": "distance",
  "cluster_id": 4,
  "final_distance": 8976.542361168584,
  "final_cost": NaN,
  "final_time": 0.0,
  "score": 8976.542361168584,
  "cluster_runtime_s": 0.3599886894226074,
  "iterations": 6,
  "epoch": 0
}