{
  "algorithm": "pso",
  "scorer": "distance",
  "cluster_id": 6,
  "final_distance": 21894.36361629791,
  "final_cost": 100000.0,
  "final_time": 21894.36361629791,
  "score": 21894.36361629791,
  "solving_time_s": 0.30382275581359863,
  "iterations": 76,
  "time_limit_per_cluster": 0.3
}