iter,best,mean
0,22367.211520216115,30457.02343232557
1,22367.211520216115,24967.375906974787
2,22367.211520216115,23982.308030185817
3,22367.211520216115,23353.256158604097
4,22367.211520216115,22993.925135053963
