{
  "algorithm": "aco",
  "scorer": "distance",
  "cluster_id": 0,
  "final_distance": 2820.0,
  "final_cost": 2300799.0,
  "final_time": 203.69613532268144,
  "score": 2820.0,
  "solving_time_s": 30.071039159003703,
  "iterations": 193
}