{
  "algorithm": "nsga2",
  "scorer": "distance",
  "cluster_id": 1,
  "final_distance": 35266.65390735217,
  "final_cost": NaN,
  "final_time": 0.0,
  "score": 35266.65390735217,
  "cluster_runtime_s": 1.0585148334503174,
  "iterations": 15,
  "epoch": 0
}