{
  "epoch": 62,
  "clusters": 1,
  "algorithm": "nsga2",
  "scorer": "distance",
  "sum_final_distance": 542.0,
  "sum_final_cost": 503457.0,
  "sum_final_time": 38.36401664875386,
  "epoch_runtime_s": 10.257120132446289,
  "total_cluster_solving_time_s": 10.24776005744934
}