{
  "epoch": 96,
  "clusters": 1,
  "algorithm": "nsga2",
  "sum_final_distance": 2801.0,
  "sum_final_cost": 2285808.0,
  "sum_final_time": 201.58771516208483,
  "epoch_runtime_s": 10.324552059173584,
  "total_cluster_solving_time_s": 10.279648065567017
}