{
  "algorithm": "nsga2",
  "scorer": "distance",
  "cluster_id": 5,
  "final_distance": 24295.66800069018,
  "final_cost": NaN,
  "final_time": 0.0,
  "score": 24295.66800069018,
  "runtime_s": 1.0308302761986852,
  "iterations": 17
}