{
  "algorithm": "nsga2",
  "cluster_id": 0,
  "final_distance": 562.0,
  "final_cost": 519237.0,
  "final_time": 41.22706267389899,
  "score": 562.0,
  "solving_time_s": 2.808698892593384,
  "iterations": 224,
  "time_limit_per_cluster": 2.8
}