{
  "algorithm": "pso",
  "scorer": "distance",
  "cluster_id": 5,
  "final_distance": 22249.66912123715,
  "final_cost": 100000.0,
  "final_time": 22249.66912123715,
  "score": 22249.66912123715,
  "solving_time_s": 0.3003993034362793,
  "iterations": 110,
  "time_limit_per_cluster": 0.3
}