{
  "algorithm": "nsga2",
  "scorer": "distance",
  "final_distance": 11898.0,
  "final_cost": 9463341.0,
  "final_time": 856.3832879582039,
  "runtime_s": 49.02006278093904,
  "iterations": 1000
}