{
  "algorithm": "nsga2",
  "scorer": "distance",
  "final_distance": 241107.7997816985,
  "final_cost": 190309873.02776012,
  "final_time": 17526.60423890316,
  "epoch_runtime_s": 60.05163097381592,
  "iterations": 462,
  "epoch": 6
}