vehicle_id,vehicle_name,num_stops_including_depot,capacity_used,capacity_max,capacity_utilization,distance_m,time_s,initial_cost,distance_cost,route_cost,stops_by_id
1,Truck-01,80,246.0,10000.0,0.0246,241107.7997816985,17526.60423890316,75819.0,789.0,190309873.02776012,"[0, 26, 8, 23, 46, 69, 30, 11, 16, 28, 61, 73, 44, 47, 52, 75, 21, 64, 57, 41, 48, 50, 55, 38, 5, 54, 3, 49, 45, 1, 63, 4, 9, 37, 17, 20, 19, 36, 74, 29, 24, 34, 2, 60, 72, 27, 12, 68, 51, 71, 18, 59, 58, 56, 70, 39, 32, 40, 65, 33, 42, 22, 10, 77, 7, 53, 76, 66, 13, 78, 14, 67, 25, 6, 62, 31, 35, 15, 43, 0]"
