{
  "algorithm": "ga",
  "scorer": "distance",
  "cluster_id": 1,
  "final_distance": 29099.258670907166,
  "final_cost": 100000.0,
  "final_time": 29099.258670907166,
  "score": 29099.258670907166,
  "solving_time_s": 0.3002622127532959,
  "iterations": 42,
  "time_limit_per_cluster": 0.3
}