iter,best,mean,best_route_time,mean_route_time
0,19143.034484593376,22862.534462112937,19143.034484593376,22862.534462112937
0,19143.034484593376,21499.702809377028,19143.034484593376,21499.702809377028
0,18969.13939766444,20776.43263438976,18969.13939766444,20776.43263438976
0,18969.13939766444,20425.46098060679,18969.13939766444,20425.46098060679
0,18969.13939766444,20185.12176423186,18969.13939766444,20185.12176423186
0,18969.13939766444,20038.11186274083,18969.13939766444,20038.11186274083
0,18969.13939766444,19946.683421659516,18969.13939766444,19946.683421659516
0,18969.13939766444,19840.225007510722,18969.13939766444,19840.225007510722
0,18969.13939766444,19793.11738924375,18969.13939766444,19793.11738924375
