{
  "algorithm": "nsga2",
  "scorer": "distance",
  "cluster_id": 0,
  "final_distance": 37020.35277209068,
  "final_cost": NaN,
  "final_time": 0.0,
  "score": 37020.35277209068,
  "cluster_runtime_s": 1.060746192932129,
  "iterations": 13,
  "epoch": 0
}