iter,best,mean
0,29552.125495268385,39938.91003570344
1,29552.125495268385,33526.013249141055
2,29552.125495268385,31658.63315166968
3,29552.125495268385,30638.047403136952
4,29552.125495268385,30396.458539586212
