{
  "algorithm": "nsga2",
  "scorer": "distance",
  "cluster_id": 3,
  "final_distance": 6625.5560947041995,
  "final_cost": 100000.0,
  "final_time": 6625.5560947041995,
  "score": 6625.5560947041995,
  "solving_time_s": 0.3023033142089844,
  "iterations": 12,
  "epoch": 0,
  "time_limit_per_cluster": 0.3
}