{
  "epoch": 39,
  "clusters": 1,
  "algorithm": "nsga2",
  "scorer": "distance",
  "sum_final_distance": 539.0,
  "sum_final_cost": 501090.0,
  "sum_final_time": 38.25005766456971,
  "epoch_runtime_s": 10.648074626922607,
  "total_cluster_solving_time_s": 10.638721704483032
}