iter,best,mean
0,9107.463984902673,10445.24697258322
1,9107.463984902673,9465.608173255441
2,9107.463984902673,9313.245011402163
3,9107.463984902673,9198.939817012855
4,9107.463984902673,9107.463984902673
5,9107.463984902673,9107.463984902673
