vehicle_id,vehicle_name,num_stops_including_depot,capacity_used,capacity_max,capacity_utilization,distance_m,time_s,initial_cost,distance_cost,route_cost,stops_by_id
1,Truck-01,80,246.0,10000.0,0.0246,288185.3985737066,20653.094053266326,75819.0,789.0,227454098.47465453,"[0, 6, 43, 15, 35, 62, 31, 14, 78, 13, 66, 76, 53, 7, 77, 10, 22, 33, 42, 39, 32, 40, 65, 67, 25, 18, 71, 11, 16, 28, 61, 44, 73, 8, 26, 23, 46, 69, 30, 59, 58, 56, 51, 64, 75, 52, 47, 21, 55, 38, 50, 48, 41, 5, 54, 3, 1, 45, 49, 57, 12, 68, 70, 27, 72, 60, 4, 63, 9, 37, 17, 20, 19, 36, 74, 29, 34, 2, 24, 0]"
