{
  "algorithm": "nsga2",
  "scorer": "distance",
  "cluster_id": 0,
  "final_distance": 2831.0,
  "final_cost": 2309478.0,
  "final_time": 204.73737793488075,
  "score": 2831.0,
  "solving_time_s": 34.77530875697266,
  "iterations": 2
}