{
  "algorithm": "nsga2",
  "scorer": "distance",
  "cluster_id": 0,
  "final_distance": 2723.0,
  "final_cost": 2224266.0,
  "final_time": 196.03237221252493,
  "score": 2723.0,
  "solving_time_s": 30.075843637001526,
  "iterations": 153
}