iter,best,mean,best_route_time,mean_route_time
1,2831.0,5066.865,204.73737793488075,365.5071909549174
2,2831.0,3341.4,204.73737793488075,241.35056175283847
