{
  "algorithm": "nsga2",
  "scorer": "distance",
  "cluster_id": 6,
  "final_distance": 9464.427687342237,
  "final_cost": NaN,
  "final_time": 0.0,
  "score": 9464.427687342237,
  "cluster_runtime_s": 1.0111947059631348,
  "iterations": 14,
  "epoch": 0
}