{
  "algorithm": "nsga2",
  "scorer": "distance",
  "cluster_id": 3,
  "final_distance": 12135.97440212252,
  "final_cost": NaN,
  "final_time": 0.0,
  "score": 12135.97440212252,
  "cluster_runtime_s": 5.040963888168335,
  "iterations": 70,
  "epoch": 0
}