iter,best,mean,best_route_time,mean_route_time
0,19081.23375578561,22634.264063995026,19081.23375578561,22634.264063995026
0,18969.13939766444,21360.900263056643,18969.13939766444,21360.900263056643
0,18969.13939766444,20772.226418479913,18969.13939766444,20772.226418479913
0,18969.13939766444,20460.00600896753,18969.13939766444,20460.00600896753
0,18969.13939766444,20223.437947960963,18969.13939766444,20223.437947960963
0,18969.13939766444,20080.2059480594,18969.13939766444,20080.2059480594
0,18926.709855843725,20024.341938104193,18926.709855843725,20024.341938104193
0,18926.709855843725,19964.12855298492,18926.709855843725,19964.12855298492
