{
  "algorithm": "nsga2",
  "scorer": "distance",
  "cluster_id": 1,
  "final_distance": 8223.355365754014,
  "final_cost": 100000.0,
  "final_time": 8223.355365754014,
  "score": 8223.355365754014,
  "solving_time_s": 0.3180844783782959,
  "iterations": 14,
  "epoch": 0,
  "time_limit_per_cluster": 0.3
}