{
  "algorithm": "aco",
  "scorer": "distance",
  "cluster_id": 3,
  "final_distance": 21307.74932285883,
  "final_cost": 100000.0,
  "final_time": 21307.74932285883,
  "score": 21307.74932285883,
  "solving_time_s": 0.30234336853027344,
  "iterations": 24,
  "time_limit_per_cluster": 0.3
}