{
  "algorithm": "ga",
  "scorer": "distance",
  "cluster_id": 6,
  "final_distance": 13952.052729758328,
  "final_cost": 100000.0,
  "final_time": 13952.052729758328,
  "score": 13952.052729758328,
  "solving_time_s": 0.30419206619262695,
  "iterations": 62,
  "time_limit_per_cluster": 0.3
}