{
  "algorithm": "pso",
  "scorer": "distance",
  "final_score": 277743.3935063415,
  "final_cost": 219215356.47650343,
  "runtime_s": 55.856413800036535,
  "iterations": 1200
}