vehicle_id,vehicle_name,num_stops_including_depot,capacity_used,capacity_max,capacity_utilization,distance_m,initial_cost,distance_cost,route_cost,stops_by_id
1,Truck-01,80,246.0,10000.0,0.0246,277743.3935063415,75819.0,789.0,219215356.47650343,"[0, 29, 24, 2, 4, 63, 9, 37, 17, 20, 19, 34, 74, 36, 10, 22, 77, 7, 53, 76, 66, 13, 33, 42, 39, 32, 40, 65, 78, 14, 67, 25, 6, 62, 31, 35, 15, 43, 26, 8, 23, 46, 18, 59, 58, 56, 51, 70, 60, 72, 27, 68, 12, 57, 48, 41, 49, 45, 1, 3, 54, 5, 50, 38, 55, 47, 75, 21, 64, 52, 28, 61, 44, 73, 16, 11, 71, 30, 69, 0]"
