{
  "algorithm": "nsga2",
  "scorer": "distance",
  "cluster_id": 4,
  "final_distance": 33442.140816013656,
  "final_cost": NaN,
  "final_time": 0.0,
  "score": 33442.140816013656,
  "runtime_s": 1.0072643551975489,
  "iterations": 20
}