{
  "algorithm": "nsga2",
  "scorer": "distance",
  "cluster_id": 1,
  "final_distance": 20316.80352282828,
  "final_cost": NaN,
  "final_time": 0.0,
  "score": 20316.80352282828,
  "cluster_runtime_s": 1.0250933170318604,
  "iterations": 12,
  "epoch": 0
}