iter,best,mean
0,20700.727654145314,25992.10289479889
1,20316.80352282828,22608.108298243125
2,20316.80352282828,21768.171769339937
3,20316.80352282828,21169.87337162965
4,20316.80352282828,20791.545009790632
5,20316.80352282828,20703.111718099928
6,20316.80352282828,20670.232348604546
7,20316.80352282828,20588.207201146943
8,20316.80352282828,20471.55114514209
9,20316.80352282828,20464.220994611434
10,20316.80352282828,20457.959293856165
11,20316.80352282828,20441.87156370588
