{
  "algorithm": "nsga2",
  "scorer": "distance",
  "cluster_id": 4,
  "final_distance": 20263.450916857128,
  "final_cost": NaN,
  "final_time": 0.0,
  "score": 20263.450916857128,
  "runtime_s": 1.0418193149380386,
  "iterations": 18
}