{
  "routes": [
    {
      "vehicle_id": 0,
      "vehicle_name": "Truck-01-c4",
      "capacity_used": 0.0,
      "capacity_max": 10000.0,
      "capacity_utilization": 0.0,
      "distance_m": 33762.94449277123,
      "time_s": 2594.350118959248,
      "stops_by_id": [
        0,
        30,
        36,
        8,
        6,
        58,
        66,
        20,
        21,
        25,
        24,
        26,
        28,
        27,
        0
      ]
    }
  ]
}