{
  "algorithm": "ga",
  "scorer": "distance",
  "cluster_id": 0,
  "final_distance": 2776.0,
  "final_cost": 2266083.0,
  "final_time": 199.42500671288113,
  "score": 2776.0,
  "solving_time_s": 30.024491643001966,
  "iterations": 663
}