{
  "algorithm": "nsga2",
  "scorer": "distance",
  "cluster_id": 0,
  "final_distance": 2736.0,
  "final_cost": 2234523.0,
  "final_time": 198.86406450615718,
  "score": 2736.0,
  "solving_time_s": 30.02821894799854,
  "iterations": 152
}