{
  "algorithm": "nsga2",
  "scorer": "distance",
  "cluster_id": 6,
  "final_distance": 20316.80352282828,
  "final_cost": NaN,
  "final_time": 0.0,
  "score": 20316.80352282828,
  "runtime_s": 1.0679155071265996,
  "iterations": 14
}