{
  "algorithm": "nsga2",
  "scorer": "distance",
  "cluster_id": 1,
  "final_distance": 19997.671780445406,
  "final_cost": 100000.0,
  "final_time": 19997.671780445406,
  "score": 19997.671780445406,
  "solving_time_s": 0.31865358352661133,
  "iterations": 9,
  "epoch": 0,
  "time_limit_per_cluster": 0.3
}