iter,best,mean,best_route_time,mean_route_time
0,20035.564710794068,24715.52361532871,20035.564710794068,24715.52361532871
0,20035.564710794068,22643.784902630538,20035.564710794068,22643.784902630538
0,19997.671780445406,21771.350469849593,19997.671780445406,21771.350469849593
0,19997.671780445406,21645.519157401057,19997.671780445406,21645.519157401057
0,19997.671780445406,21412.05847906983,19997.671780445406,21412.05847906983
0,19997.671780445406,21324.393918507194,19997.671780445406,21324.393918507194
0,19997.671780445406,21266.46513085638,19997.671780445406,21266.46513085638
0,19997.671780445406,21193.07577434719,19997.671780445406,21193.07577434719
0,19997.671780445406,21106.229993391218,19997.671780445406,21106.229993391218
