{
  "algorithm": "aco",
  "scorer": "distance",
  "cluster_id": 4,
  "final_distance": 13952.052729758328,
  "final_cost": 100000.0,
  "final_time": 13952.052729758328,
  "score": 13952.052729758328,
  "solving_time_s": 0.30175256729125977,
  "iterations": 132,
  "time_limit_per_cluster": 0.3
}