{
  "algorithm": "nsga2",
  "scorer": "distance",
  "cluster_id": 4,
  "final_distance": 21037.992848443755,
  "final_cost": NaN,
  "final_time": 0.0,
  "score": 21037.992848443755,
  "cluster_runtime_s": 1.023756504058838,
  "iterations": 14,
  "epoch": 9
}