{
  "algorithm": "nsga2",
  "scorer": "distance",
  "cluster_id": 0,
  "final_distance": 511.0,
  "final_cost": 561054.0,
  "final_time": 44.89312566037336,
  "score": 511.0,
  "cluster_runtime_s": 10.448425531387329,
  "iterations": 15,
  "epoch": 21
}