{
  "algorithm": "nsga2",
  "scorer": "distance",
  "cluster_id": 0,
  "final_distance": 19976.733363310985,
  "final_cost": 100000.0,
  "final_time": 19976.733363310985,
  "score": 19976.733363310985,
  "solving_time_s": 0.3182051181793213,
  "iterations": 9,
  "epoch": 0,
  "time_limit_per_cluster": 0.3
}