iter,best,mean,best_route_time,mean_route_time
0,20946.70814285319,25839.179762458476,20946.70814285319,25839.179762458476
0,20189.390088825112,23585.77845604124,20189.390088825112,23585.77845604124
0,20189.390088825112,22993.872196096178,20189.390088825112,22993.872196096178
0,20189.390088825112,22584.771669731676,20189.390088825112,22584.771669731676
0,20189.390088825112,22411.162088151952,20189.390088825112,22411.162088151952
0,20189.390088825112,22366.50937312332,20189.390088825112,22366.50937312332
0,19976.733363310985,22240.841742190565,19976.733363310985,22240.841742190565
0,19976.733363310985,22155.998176478395,19976.733363310985,22155.998176478395
0,19976.733363310985,21932.36552043222,19976.733363310985,21932.36552043222
