vehicle_id,vehicle_name,num_stops_including_depot,capacity_used,capacity_max,capacity_utilization,distance_m,initial_cost,distance_cost,route_cost,stops_by_id
1,Truck-01,80,246.0,10000.0,0.0246,264507.7696685233,75819.0,789.0,208772449.26846486,"[0, 8, 23, 26, 46, 69, 71, 18, 25, 6, 43, 15, 35, 62, 31, 14, 78, 67, 65, 40, 32, 39, 70, 60, 72, 27, 12, 68, 51, 56, 58, 59, 30, 11, 16, 28, 61, 73, 44, 47, 52, 75, 64, 21, 55, 38, 50, 48, 57, 41, 5, 54, 3, 1, 49, 45, 63, 4, 9, 37, 17, 20, 19, 34, 2, 24, 29, 74, 36, 10, 22, 42, 33, 77, 7, 53, 76, 66, 13, 0]"
