{
  "routes": [
    {
      "vehicle_id": 0,
      "vehicle_name": "Truck-01-c5",
      "capacity_used": 0.0,
      "capacity_max": 10000.0,
      "capacity_utilization": 0.0,
      "distance_m": 23655.084563791926,
      "time_s": 1713.6878633109277,
      "stops_by_id": [
        0,
        27,
        28,
        29,
        0
      ]
    }
  ]
}