{
  "algorithm": "aco",
  "scorer": "distance",
  "cluster_id": 6,
  "final_distance": 18330.152168884433,
  "final_cost": 100000.0,
  "final_time": 18330.152168884433,
  "score": 18330.152168884433,
  "solving_time_s": 0.3002965450286865,
  "iterations": 107,
  "time_limit_per_cluster": 0.3
}