{
  "routes": [
    {
      "vehicle_id": 0,
      "vehicle_name": "Truck-01-c6",
      "capacity_used": 0.0,
      "capacity_max": 10000.0,
      "capacity_utilization": 0.0,
      "distance_m": 34620.167135538155,
      "time_s": 2550.287050918433,
      "stops_by_id": [
        0,
        65,
        10,
        11,
        14,
        15,
        16,
        13,
        70,
        7,
        19,
        2,
        3,
        1,
        17,
        0
      ]
    }
  ]
}