{
  "routes": [
    {
      "vehicle_id": 0,
      "vehicle_name": "Truck-01-c0",
      "capacity_used": 0.0,
      "capacity_max": 10000.0,
      "capacity_utilization": 0.0,
      "distance_m": 20698.60731916366,
      "time_s": 1447.8856328472489,
      "stops_by_id": [
        0,
        5,
        64,
        62,
        75,
        63,
        56,
        0
      ]
    }
  ]
}