iter,best,mean
0,41953.50371951293,61664.112388582726
1,41953.50371951293,51934.86316682318
2,41953.50371951293,48521.388770351215
3,41639.07608848983,46332.1863985524
4,41639.07608848983,44633.52989078417
5,41639.07608848983,43705.04500602409
6,41639.07608848983,43167.50600878874
7,41639.07608848983,42589.57448385328
8,41639.07608848983,41822.66745392091
9,41639.07608848983,41639.07608848984
