iter,best,mean
0,14520.049940185432,21255.432469798987
1,14520.049940185432,15793.207131313151
2,14520.049940185432,14520.049940185432
3,14520.049940185432,14520.049940185432
4,14520.049940185432,14520.049940185432
