{
  "routes": [
    {
      "vehicle_id": 0,
      "vehicle_name": "Truck-01-c6",
      "capacity_used": 0.0,
      "capacity_max": 10000.0,
      "capacity_utilization": 0.0,
      "distance_m": 29310.33781315122,
      "time_s": 2128.9287107044593,
      "stops_by_id": [
        0,
        31,
        34,
        32,
        78,
        72,
        29,
        28,
        27,
        26,
        0
      ]
    }
  ]
}