{
  "algorithm": "pso",
  "scorer": "distance",
  "cluster_id": 6,
  "final_distance": 7368.954640921349,
  "final_cost": 100000.0,
  "final_time": 7368.954640921349,
  "score": 7368.954640921349,
  "solving_time_s": 0.3007833957672119,
  "iterations": 71,
  "time_limit_per_cluster": 0.3
}