{
  "algorithm": "nsga2",
  "scorer": "distance",
  "cluster_id": 3,
  "final_distance": 5260.599496198047,
  "final_cost": NaN,
  "final_time": 0.0,
  "score": 5260.599496198047,
  "runtime_s": 1.0141000673174858,
  "iterations": 17
}