{
  "routes": [
    {
      "vehicle_id": 0,
      "vehicle_name": "Truck-01-c5",
      "capacity_used": 0.0,
      "capacity_max": 10000.0,
      "capacity_utilization": 0.0,
      "distance_m": 40371.919227686914,
      "time_s": 2998.6812105885915,
      "stops_by_id": [
        0,
        61,
        4,
        59,
        60,
        65,
        10,
        11,
        70,
        13,
        14,
        0
      ]
    }
  ]
}