iter,best,mean
0,9866.358109457704,11794.37896781192
1,9866.358109457704,10520.990115926834
2,9866.358109457704,9978.945577619676
3,9866.358109457704,9907.503861767731
4,9866.358109457704,9906.323832518501
5,9866.358109457704,9903.921521296266
