iter,best,mean,best_route_time,mean_route_time
0,40177.799999999996,45838.734000000004,3512.0,3971.7090000000003
0,40146.5,43509.017,3512.0,3878.533
0,40146.5,42888.420999999995,3512.0,3846.933
0,40146.5,42235.276,3495.899999999999,3814.296
0,40146.5,41955.88,3495.899999999999,3796.4359999999997
0,40146.5,41632.559,3495.899999999999,3797.3940000000002
0,40146.5,41546.79,3495.899999999999,3787.597
0,40146.5,41444.138,3483.0999999999995,3787.067
0,40146.5,41404.786,3483.0999999999995,3782.627
