{
  "algorithm": "nsga2",
  "cluster_id": 0,
  "final_distance": 2707.0,
  "final_cost": 2211642.0,
  "final_time": 195.23443847499797,
  "score": 2707.0,
  "solving_time_s": 10.097852945327759,
  "iterations": 22,
  "epoch": 58,
  "time_limit_per_cluster": 10.0
}