iter,best,mean
0,10473.803425735623,12943.953765799244
1,10473.803425735623,11728.41110463807
2,10473.803425735623,11049.664508399777
3,10473.803425735623,10503.142009798596
4,10473.803425735623,10473.803425735621
5,10473.803425735623,10473.803425735621
