{
  "algorithm": "nsga2",
  "scorer": "distance",
  "cluster_id": 0,
  "final_distance": 2659.0,
  "final_cost": 2173770.0,
  "final_time": 193.08165883412067,
  "score": 2659.0,
  "solving_time_s": 30.337753772735596,
  "iterations": 68,
  "epoch": 0
}