{
  "algorithm": "ga",
  "scorer": "distance",
  "cluster_id": 1,
  "final_distance": 12781.941103050927,
  "final_cost": 100000.0,
  "final_time": 12781.941103050927,
  "score": 12781.941103050927,
  "solving_time_s": 0.3025341033935547,
  "iterations": 61,
  "time_limit_per_cluster": 0.3
}