{
  "algorithm": "nsga2",
  "scorer": "distance",
  "cluster_id": 6,
  "final_distance": 3651.9118143234596,
  "final_cost": NaN,
  "final_time": 0.0,
  "score": 3651.9118143234596,
  "runtime_s": 1.0087808431126177,
  "iterations": 18
}