{
  "algorithm": "ga",
  "scorer": "distance",
  "cluster_id": 1,
  "final_distance": 35128.095010771656,
  "final_cost": 100000.0,
  "final_time": 35128.095010771656,
  "score": 35128.095010771656,
  "solving_time_s": 0.3000969886779785,
  "iterations": 26,
  "time_limit_per_cluster": 0.3
}