{
  "algorithm": "nsga2",
  "scorer": "distance",
  "cluster_id": 1,
  "final_distance": 9783.996727743912,
  "final_cost": NaN,
  "final_time": 0.0,
  "score": 9783.996727743912,
  "runtime_s": 1.017289630137384,
  "iterations": 19
}