iter,best,mean
0,9280.058552493376,10421.381857962067
1,9280.058552493376,9656.807798000355
2,9280.058552493376,9354.844846662465
3,9280.058552493376,9327.677909861044
4,9280.058552493376,9299.009068062842
5,9280.058552493376,9280.058552493376
