iter,best,mean,best_route_time,mean_route_time
0,73539.19999999998,90506.712,7275.799999999999,8239.582
0,68121.2,83417.805,6920.800000000002,7839.782999999999
0,65314.70000000001,79039.48700000001,6725.2,7627.249
0,64509.99999999999,76028.45,6678.5999999999985,7426.017999999999
0,64063.099999999984,74066.88399999999,6618.900000000001,7317.6359999999995
0,64063.099999999984,72603.595,6580.099999999999,7226.588
0,64063.099999999984,71480.613,6580.099999999999,7144.7
0,64063.099999999984,70568.719,6580.099999999999,7089.859
