iter,best,mean,best_route_time,mean_route_time
0,21601.14945581451,25938.66291916784,21601.14945581451,25938.66291916784
0,21601.14945581451,23885.338864186535,21601.14945581451,23885.338864186535
0,21601.14945581451,23164.98360000007,21601.14945581451,23164.98360000007
0,21601.14945581451,22939.819472029732,21601.14945581451,22939.819472029732
0,21601.14945581451,22797.55339091258,21601.14945581451,22797.55339091258
0,21601.14945581451,22636.368500609577,21601.14945581451,22636.368500609577
0,21601.14945581451,22509.38536973998,21601.14945581451,22509.38536973998
0,21601.14945581451,22427.954705161297,21601.14945581451,22427.954705161297
0,21601.14945581451,22342.2980237226,21601.14945581451,22342.2980237226
