{
  "algorithm": "nsga2",
  "scorer": "distance",
  "cluster_id": 0,
  "final_distance": 31060.890979809024,
  "final_cost": NaN,
  "final_time": 0.0,
  "score": 31060.890979809024,
  "cluster_runtime_s": 1.0526618957519531,
  "iterations": 17,
  "epoch": 7
}