{
  "epoch": 32,
  "clusters": 1,
  "algorithm": "nsga2",
  "scorer": "distance",
  "sum_final_distance": 538.0,
  "sum_final_cost": 500301.0,
  "sum_final_time": 38.19773377682727,
  "epoch_runtime_s": 10.479492902755737,
  "total_cluster_solving_time_s": 10.468549728393555
}