{
  "algorithm": "nsga2",
  "scorer": "distance",
  "cluster_id": 5,
  "final_distance": 27489.811567309313,
  "final_cost": NaN,
  "final_time": 0.0,
  "score": 27489.811567309313,
  "runtime_s": 1.0107777556404471,
  "iterations": 17
}