{
  "routes": [
    {
      "vehicle_id": 0,
      "vehicle_name": "Truck-01-c6",
      "capacity_used": 0.0,
      "capacity_max": 10000.0,
      "capacity_utilization": 0.0,
      "distance_m": 41759.20717352585,
      "time_s": 3044.5146349946194,
      "stops_by_id": [
        0,
        27,
        28,
        26,
        22,
        23,
        24,
        25,
        21,
        66,
        1,
        3,
        2,
        19,
        7,
        0
      ]
    }
  ]
}