iter,best,mean,best_route_time,mean_route_time
0,21037.96378957036,26078.826914271558,21037.96378957036,26078.826914271558
0,21037.96378957036,24866.343825975804,21037.96378957036,24866.343825975804
0,20846.131358222065,24036.691810312765,20846.131358222065,24036.691810312765
0,20846.131358222065,23693.087043645522,20846.131358222065,23693.087043645522
0,20846.131358222065,23509.99607596268,20846.131358222065,23509.99607596268
