{
  "algorithm": "nsga2",
  "scorer": "distance",
  "cluster_id": 6,
  "final_distance": 5800.678688450755,
  "final_cost": NaN,
  "final_time": 0.0,
  "score": 5800.678688450755,
  "runtime_s": 1.0132677797228098,
  "iterations": 19
}