iter,best,mean
0,19038.83051148115,24744.382669471066
1,19038.83051148115,20523.542133886123
2,18969.165598955464,19753.159627587764
3,18926.735998528697,19448.94563963118
4,18926.735998528697,19225.304991814904
5,18926.735998528693,19081.451015402214
6,18926.735998528693,19030.603327652112
7,18926.735998528693,19012.19416107603
8,18926.735998528693,18987.57799765293
9,18926.735998528693,18956.602923880004
10,18926.735998528693,18936.070510622583
11,18926.735998528693,18926.735998528693
