{
  "algorithm": "nsga2",
  "scorer": "distance",
  "cluster_id": 3,
  "final_distance": 9732.985569511096,
  "final_cost": NaN,
  "final_time": 0.0,
  "score": 9732.985569511096,
  "runtime_s": 1.0233214707113802,
  "iterations": 18
}