{
  "algorithm": "nsga2",
  "cluster_id": 1,
  "final_distance": 54088.0,
  "final_cost": 100000.0,
  "final_time": 3755.9,
  "score": 54088.0,
  "solving_time_s": 0.4010581970214844,
  "iterations": 39,
  "epoch": 0,
  "time_limit_per_cluster": 0.39999999999999997
}