vehicle_id,vehicle_name,num_stops_including_depot,capacity_used,capacity_max,capacity_utilization,distance_m,initial_cost,distance_cost,route_cost,stops_by_id
1,Truck-01,80,246.0,10000.0,0.0246,254605.60417462146,75819.0,789.0,200959640.69377634,"[0, 69, 46, 23, 26, 8, 16, 11, 30, 71, 51, 56, 58, 59, 18, 25, 67, 65, 40, 32, 39, 70, 60, 72, 27, 68, 12, 49, 57, 41, 48, 50, 55, 38, 44, 73, 61, 28, 52, 47, 75, 64, 21, 5, 54, 3, 1, 45, 63, 4, 9, 37, 17, 2, 20, 19, 34, 24, 29, 74, 36, 10, 22, 42, 33, 77, 7, 53, 13, 66, 76, 78, 14, 31, 62, 6, 35, 15, 43, 0]"
