{
  "algorithm": "nsga2",
  "scorer": "distance",
  "cluster_id": 0,
  "final_distance": 511.0,
  "final_cost": 561054.0,
  "final_time": 45.10844871274704,
  "score": 511.0,
  "cluster_runtime_s": 10.189552068710327,
  "iterations": 16,
  "epoch": 10
}