vehicle_id,vehicle_name,num_stops_including_depot,capacity_used,capacity_max,capacity_utilization,distance_m,initial_cost,distance_cost,route_cost,stops_by_id
1,Truck-01,80,246.0,10000.0,0.0246,283518.13109769707,75819.0,789.0,223771624.436083,"[0, 8, 23, 26, 43, 15, 35, 31, 78, 14, 62, 6, 59, 58, 56, 70, 60, 72, 27, 68, 12, 49, 64, 57, 1, 45, 2, 24, 29, 39, 32, 40, 65, 33, 13, 66, 76, 53, 7, 77, 42, 22, 10, 36, 74, 34, 19, 20, 17, 37, 9, 4, 63, 3, 54, 5, 41, 48, 50, 38, 55, 21, 75, 52, 47, 44, 73, 61, 28, 16, 11, 51, 71, 30, 69, 46, 18, 25, 67, 0]"
