{
  "algorithm": "nsga2",
  "scorer": "distance",
  "cluster_id": 6,
  "final_distance": 10370.397788215925,
  "final_cost": NaN,
  "final_time": 0.0,
  "score": 10370.397788215925,
  "cluster_runtime_s": 0.34934401512145996,
  "iterations": 5,
  "epoch": 0
}