iter,best,mean
0,10370.397788215925,10370.397788215925
1,10370.397788215925,10370.397788215925
2,10370.397788215925,10370.397788215925
3,10370.397788215925,10370.397788215925
4,10370.397788215925,10370.397788215925
