{
  "algorithm": "nsga2",
  "scorer": "distance",
  "final_distance": 239597.9052085591,
  "final_cost": 189118566.20955312,
  "final_time": 17380.089385639378,
  "epoch_runtime_s": 60.01582598686218,
  "iterations": 491,
  "epoch": 5
}