{
  "routes": [
    {
      "vehicle_id": 0,
      "vehicle_name": "Truck-01-c6",
      "capacity_used": 0.0,
      "capacity_max": 10000.0,
      "capacity_utilization": 0.0,
      "distance_m": 9464.427687342237,
      "time_s": 643.9216540195825,
      "stops_by_id": [
        0,
        20,
        25,
        24,
        21,
        66,
        58,
        0
      ]
    }
  ]
}