iter,best,mean
0,45114.79186615803,65927.15771939229
1,45114.79186615803,56117.130158425105
2,45114.79186615803,53625.473537061385
3,45114.79186615803,51417.04162539801
4,45114.79186615803,48954.23344417248
5,45114.79186615803,47014.893423532325
6,45114.79186615803,45181.232815605625
7,45114.79186615803,45114.791866158026
8,45114.79186615803,45114.791866158026
9,45114.79186615803,45114.791866158026
10,45114.79186615803,45114.791866158026
11,45114.79186615803,45114.791866158026
