{
  "algorithm": "ga",
  "scorer": "distance",
  "cluster_id": 0,
  "final_distance": 2757.0,
  "final_cost": 2251092.0,
  "final_time": 199.03991148026563,
  "score": 2757.0,
  "solving_time_s": 30.02199864800059,
  "iterations": 690
}