iter,best,mean,best_route_time,mean_route_time
0,73539.19999999998,90506.712,7275.799999999999,8239.582
0,72854.6,84685.841,7210.599999999999,7916.878
0,64368.1,79483.824,6650.500000000001,7640.846
0,64368.1,76263.89899999999,6650.500000000001,7453.29
0,64063.099999999984,73658.44,6618.900000000001,7286.920999999999
0,64063.099999999984,72062.668,6618.900000000001,7188.99
0,64063.099999999984,70617.84599999999,6618.900000000001,7117.003
0,64063.099999999984,69720.309,6580.099999999999,7063.463
