{
  "algorithm": "nsga2",
  "scorer": "distance",
  "cluster_id": 5,
  "final_distance": 12456.788445833894,
  "final_cost": NaN,
  "final_time": 0.0,
  "score": 12456.788445833894,
  "runtime_s": 1.0343328453600407,
  "iterations": 16
}