{
  "algorithm": "nsga2",
  "scorer": "distance",
  "cluster_id": 6,
  "final_distance": 21402.583783978025,
  "final_cost": NaN,
  "final_time": 0.0,
  "score": 21402.583783978025,
  "runtime_s": 1.0454880218021572,
  "iterations": 13
}