{
  "routes": [
    {
      "vehicle_id": 0,
      "vehicle_name": "Truck-01-c6",
      "capacity_used": 0.0,
      "capacity_max": 10000.0,
      "capacity_utilization": 0.0,
      "distance_m": 32274.07065444258,
      "time_s": 2328.416440224655,
      "stops_by_id": [
        0,
        44,
        45,
        38,
        39,
        40,
        57,
        41,
        42,
        50,
        48,
        47,
        49,
        53,
        54,
        52,
        51,
        55,
        69,
        56,
        63,
        75,
        62,
        64,
        5,
        0
      ]
    }
  ]
}