{
  "algorithm": "nsga2",
  "scorer": "distance",
  "cluster_id": 3,
  "final_distance": 18335.741903274342,
  "final_cost": NaN,
  "final_time": 0.0,
  "score": 18335.741903274342,
  "runtime_s": 1.0692121270112693,
  "iterations": 18
}