{
  "algorithm": "ga",
  "cluster_id": 0,
  "final_distance": 556.0,
  "final_cost": 514503.0,
  "final_time": 40.163700030157756,
  "score": 556.0,
  "solving_time_s": 2.8023688793182373,
  "iterations": 241,
  "time_limit_per_cluster": 2.8
}