{
  "algorithm": "pso",
  "scorer": "distance",
  "cluster_id": 0,
  "final_distance": 29084.063825952813,
  "final_cost": 100000.0,
  "final_time": 29084.063825952813,
  "score": 29084.063825952813,
  "solving_time_s": 0.3024611473083496,
  "iterations": 52,
  "time_limit_per_cluster": 0.3
}