vehicle_id,vehicle_name,num_stops_including_depot,capacity_used,capacity_max,capacity_utilization,distance_m,time_s,initial_cost,distance_cost,route_cost,stops_by_id
1,Truck-01,80,246.0,10000.0,0.0246,246652.1121989514,17841.820197335128,75819.0,789.0,194684335.52497265,"[0, 43, 15, 35, 62, 6, 25, 67, 31, 14, 78, 65, 40, 32, 42, 33, 13, 66, 76, 53, 7, 77, 22, 10, 36, 74, 24, 29, 39, 70, 60, 2, 34, 19, 20, 17, 37, 4, 9, 63, 45, 1, 3, 54, 5, 38, 55, 50, 48, 41, 57, 49, 72, 27, 12, 68, 51, 64, 21, 75, 47, 52, 28, 61, 44, 73, 16, 11, 30, 71, 56, 58, 59, 18, 69, 46, 8, 26, 23, 0]"
