{
  "algorithm": "aco",
  "scorer": "distance",
  "cluster_id": 5,
  "final_distance": 20292.813902290964,
  "final_cost": 100000.0,
  "final_time": 20292.813902290964,
  "score": 20292.813902290964,
  "solving_time_s": 0.3062162399291992,
  "iterations": 26,
  "time_limit_per_cluster": 0.3
}