{
  "algorithm": "nsga2",
  "scorer": "distance",
  "cluster_id": 2,
  "final_distance": 14118.135143132335,
  "final_cost": NaN,
  "final_time": 0.0,
  "score": 14118.135143132335,
  "runtime_s": 1.0559830381534994,
  "iterations": 18
}