{
  "algorithm": "aco",
  "scorer": "distance",
  "cluster_id": 4,
  "final_distance": 14265.595765463851,
  "final_cost": 100000.0,
  "final_time": 14265.595765463851,
  "score": 14265.595765463851,
  "solving_time_s": 0.3042643070220947,
  "iterations": 58,
  "time_limit_per_cluster": 0.3
}