{
  "algorithm": "nsga2",
  "scorer": "distance",
  "cluster_id": 0,
  "final_distance": 2754.0,
  "final_cost": 2248725.0,
  "final_time": 197.44717232079228,
  "score": 2754.0,
  "solving_time_s": 30.102824221001356,
  "iterations": 156
}