{
  "algorithm": "nsga2",
  "scorer": "distance",
  "cluster_id": 0,
  "final_distance": 27768.32353844704,
  "final_cost": 100000.0,
  "final_time": 27768.32353844704,
  "score": 27768.32353844704,
  "solving_time_s": 0.31837987899780273,
  "iterations": 10,
  "epoch": 0,
  "time_limit_per_cluster": 0.3
}