{
  "routes": [
    {
      "vehicle_id": 0,
      "vehicle_name": "Truck-01-c1",
      "capacity_used": 0.0,
      "capacity_max": 10000.0,
      "capacity_utilization": 0.0,
      "distance_m": 53532.26428155484,
      "time_s": 3886.0011436029736,
      "stops_by_id": [
        0,
        9,
        63,
        75,
        62,
        5,
        64,
        56,
        49,
        47,
        48,
        50,
        53,
        54,
        51,
        52,
        55,
        69,
        42,
        41,
        57,
        40,
        45,
        44,
        77,
        43,
        73,
        74,
        46,
        0
      ]
    }
  ]
}