iter,best,mean
0,19651.73507801861,26678.2882475927
1,19651.73507801861,21919.68925127874
2,19651.73507801861,21168.210351933645
3,19651.73507801861,20872.644588833205
