{
  "algorithm": "nsga2",
  "scorer": "distance",
  "cluster_id": 2,
  "final_distance": 16174.739603086498,
  "final_cost": 100000.0,
  "final_time": 16174.739603086498,
  "score": 16174.739603086498,
  "solving_time_s": 0.3165864944458008,
  "iterations": 17,
  "time_limit_per_cluster": 0.3
}