{
  "routes": [
    {
      "vehicle_id": 0,
      "vehicle_name": "Truck-01-c5",
      "capacity_used": 0.0,
      "capacity_max": 10000.0,
      "capacity_utilization": 0.0,
      "distance_m": 23161.78877107082,
      "time_s": 1664.0371010394683,
      "stops_by_id": [
        0,
        7,
        19,
        2,
        3,
        1,
        66,
        21,
        25,
        24,
        23,
        22,
        0
      ]
    }
  ]
}