{
  "algorithm": "ga",
  "scorer": "distance",
  "final_score": 251337.487470836,
  "final_cost": 198381096.61448961,
  "runtime_s": 50.356007700029295,
  "iterations": 1000
}