{
  "algorithm": "nsga2",
  "scorer": "distance",
  "cluster_id": 3,
  "final_distance": 11613.861319378271,
  "final_cost": NaN,
  "final_time": 0.0,
  "score": 11613.861319378271,
  "cluster_runtime_s": 0.3501300811767578,
  "iterations": 6,
  "epoch": 0
}