iter,best,mean
0,11613.861319378271,15005.937937843073
1,11613.861319378271,12617.347615064366
2,11613.861319378271,12131.013886419829
3,11613.861319378271,11830.44472925617
4,11613.861319378271,11740.908385805446
5,11613.861319378271,11613.86131937827
