{
  "routes": [
    {
      "vehicle_id": 0,
      "vehicle_name": "Truck-01-c4",
      "capacity_used": 0.0,
      "capacity_max": 10000.0,
      "capacity_utilization": 0.0,
      "distance_m": 38694.3719900553,
      "time_s": 2772.438947926155,
      "stops_by_id": [
        0,
        12,
        18,
        67,
        60,
        65,
        10,
        11,
        0
      ]
    }
  ]
}