iter,best,mean
0,9280.058552493376,10121.734923700462
1,9280.058552493376,9441.967616665617
2,9280.058552493376,9324.69565972802
3,9280.058552493376,9286.488191704446
4,9280.058552493376,9280.058552493376
5,9280.058552493376,9280.058552493376
