{
  "algorithm": "nsga2",
  "cluster_id": 0,
  "final_distance": 554.0,
  "final_cost": 512925.0,
  "final_time": 39.49466417951523,
  "score": 554.0,
  "solving_time_s": 2.8042619228363037,
  "iterations": 216,
  "time_limit_per_cluster": 2.8
}