iter,best,mean
0,28753.34426255828,36255.568157413276
1,28753.34426255828,30773.665760009033
2,28753.34426255828,28986.356237394753
3,28753.34426255828,28753.344262558272
4,28753.34426255828,28753.344262558272
