{
  "routes": [
    {
      "vehicle_id": 0,
      "vehicle_name": "Truck-01-c1",
      "capacity_used": 0.0,
      "capacity_max": 10000.0,
      "capacity_utilization": 0.0,
      "distance_m": 55237.53871307555,
      "time_s": 3967.7228314950535,
      "stops_by_id": [
        0,
        61,
        9,
        4,
        17,
        65,
        59,
        60,
        67,
        18,
        76,
        0
      ]
    }
  ]
}