{
  "epoch": 96,
  "clusters": 1,
  "algorithm": "nsga2",
  "scorer": "distance",
  "sum_final_distance": 539.0,
  "sum_final_cost": 501090.0,
  "sum_final_time": 38.12551404695369,
  "epoch_runtime_s": 10.502152681350708,
  "total_cluster_solving_time_s": 10.491590738296509
}