{
  "algorithm": "ga",
  "scorer": "distance",
  "cluster_id": 0,
  "final_distance": 2790.0,
  "final_cost": 2277129.0,
  "final_time": 200.71540014086187,
  "score": 2790.0,
  "solving_time_s": 10.013349216002098,
  "iterations": 1148
}