{
  "algorithm": "nsga2",
  "scorer": "distance",
  "cluster_id": 6,
  "final_distance": 17195.697595310594,
  "final_cost": NaN,
  "final_time": 0.0,
  "score": 17195.697595310594,
  "cluster_runtime_s": 0.3311786651611328,
  "iterations": 5,
  "epoch": 0
}