iter,best,mean
0,17195.697595310594,20580.831113277414
1,17195.697595310594,17827.660150021038
2,17195.697595310594,17195.697595310598
3,17195.697595310594,17195.697595310598
4,17195.697595310594,17195.697595310598
