iter,best,mean
0,13206.394204101336,16774.27566180381
1,13206.394204101336,13972.250611352
2,13206.394204101336,13642.37437478329
3,13206.394204101336,13473.143861024995
4,13206.394204101336,13405.442996728041
