{
  "algorithm": "nsga2",
  "scorer": "distance",
  "cluster_id": 1,
  "final_distance": 19981.48177426331,
  "final_cost": 100000.0,
  "final_time": 19981.48177426331,
  "score": 19981.48177426331,
  "solving_time_s": 0.30918002128601074,
  "iterations": 13,
  "time_limit_per_cluster": 0.3
}