{
  "epoch": 85,
  "clusters": 1,
  "algorithm": "nsga2",
  "scorer": "distance",
  "sum_final_distance": 540.0,
  "sum_final_cost": 501879.0,
  "sum_final_time": 38.40501734034174,
  "epoch_runtime_s": 10.409155130386353,
  "total_cluster_solving_time_s": 10.400022745132446
}