{
  "algorithm": "nsga2",
  "scorer": "distance",
  "cluster_id": 1,
  "final_distance": 9602.07143159127,
  "final_cost": NaN,
  "final_time": 0.0,
  "score": 9602.07143159127,
  "cluster_runtime_s": 0.36002349853515625,
  "iterations": 5,
  "epoch": 0
}