{
  "algorithm": "nsga2",
  "scorer": "distance",
  "cluster_id": 5,
  "final_distance": 9280.058552493376,
  "final_cost": NaN,
  "final_time": 0.0,
  "score": 9280.058552493376,
  "runtime_s": 1.038142617791891,
  "iterations": 20
}