{
  "algorithm": "ga",
  "scorer": "distance",
  "cluster_id": 5,
  "final_distance": 8110.0848815365025,
  "final_cost": 100000.0,
  "final_time": 8110.0848815365025,
  "score": 8110.0848815365025,
  "solving_time_s": 0.30301570892333984,
  "iterations": 62,
  "time_limit_per_cluster": 0.3
}