vehicle_id,vehicle_name,num_stops_including_depot,capacity_used,capacity_max,capacity_utilization,distance_m,time_s,initial_cost,distance_cost,route_cost,stops_by_id
1,Truck-01,80,246.0,10000.0,0.0246,250512.8453699947,18043.660395319253,75819.0,789.0,197730453.99692583,"[0, 26, 8, 69, 46, 23, 6, 25, 67, 65, 40, 32, 39, 70, 60, 72, 27, 12, 68, 51, 56, 58, 59, 18, 71, 30, 11, 16, 28, 61, 73, 44, 55, 38, 50, 48, 41, 57, 75, 47, 52, 64, 21, 5, 54, 3, 49, 45, 1, 63, 4, 9, 37, 17, 19, 20, 2, 29, 24, 34, 74, 36, 10, 33, 42, 22, 77, 7, 53, 76, 66, 13, 78, 14, 31, 62, 35, 15, 43, 0]"
