{
  "algorithm": "nsga2",
  "scorer": "distance",
  "cluster_id": 0,
  "final_distance": 9783.983213530833,
  "final_cost": 100000.0,
  "final_time": 9783.983213530833,
  "score": 9783.983213530833,
  "solving_time_s": 0.315077543258667,
  "iterations": 18,
  "time_limit_per_cluster": 0.3
}