{
  "algorithm": "nsga2",
  "scorer": "distance",
  "cluster_id": 5,
  "final_distance": 13541.492495322032,
  "final_cost": NaN,
  "final_time": 0.0,
  "score": 13541.492495322032,
  "runtime_s": 5.0452668610960245,
  "iterations": 97
}