n,azam,ntnsga
1,105870.0,301425.7
2,107610.0,308550.4
3,108430.0,309572.49999999994
4,109080.0,328527.3
5,109150.0,338390.30000000005
6,109520.0,
7,110630.0,
8,112370.0,
9,112860.0,
10,113060.0,
11,113660.0,
12,113670.0,
13,113920.0,
14,114480.0,
15,114550.0,
16,114940.0,
17,115000.0,
18,115290.0,
19,115320.0,
20,115340.0,
21,115620.0,
22,115620.0,
23,115870.0,
24,116520.0,
25,116550.0,
26,117400.0,
27,117650.0,
28,117910.0,
29,117990.0,
30,119590.0,
