{
  "algorithm": "pso",
  "cluster_id": 0,
  "final_distance": 630.0,
  "final_cost": 572889.0,
  "final_time": 44.57968385007871,
  "score": 630.0,
  "solving_time_s": 2.800825834274292,
  "iterations": 125,
  "time_limit_per_cluster": 2.8
}