{
  "algorithm": "ga",
  "scorer": "distance",
  "cluster_id": 3,
  "final_distance": 8593.896354460114,
  "final_cost": 100000.0,
  "final_time": 8593.896354460114,
  "score": 8593.896354460114,
  "solving_time_s": 0.30437517166137695,
  "iterations": 55,
  "time_limit_per_cluster": 0.3
}