{
  "algorithm": "nsga2",
  "scorer": "distance",
  "cluster_id": 4,
  "final_distance": 20846.160152125132,
  "final_cost": NaN,
  "final_time": 0.0,
  "score": 20846.160152125132,
  "cluster_runtime_s": 1.0139546394348145,
  "iterations": 13,
  "epoch": 2
}