{
  "algorithm": "ga",
  "scorer": "distance",
  "cluster_id": 1,
  "final_distance": 20211.568197390035,
  "final_cost": 100000.0,
  "final_time": 20211.568197390035,
  "score": 20211.568197390035,
  "solving_time_s": 0.30232667922973633,
  "iterations": 30,
  "time_limit_per_cluster": 0.3
}