{
  "algorithm": "ga",
  "scorer": "distance",
  "cluster_id": 0,
  "final_distance": 9107.451405155118,
  "final_cost": 100000.0,
  "final_time": 9107.451405155118,
  "score": 9107.451405155118,
  "solving_time_s": 0.30091404914855957,
  "iterations": 64,
  "time_limit_per_cluster": 0.3
}