{
  "routes": [
    {
      "vehicle_id": 0,
      "vehicle_name": "Truck-01-c1",
      "capacity_used": 0.0,
      "capacity_max": 10000.0,
      "capacity_utilization": 0.0,
      "distance_m": 13942.378927496393,
      "time_s": 1048.812105597453,
      "stops_by_id": [
        0,
        38,
        39,
        68,
        37,
        0
      ]
    }
  ]
}