{
  "routes": [
    {
      "vehicle_id": 0,
      "vehicle_name": "Truck-01-c5",
      "capacity_used": 0.0,
      "capacity_max": 10000.0,
      "capacity_utilization": 0.0,
      "distance_m": 12171.205300799527,
      "time_s": 850.1887583957323,
      "stops_by_id": [
        0,
        35,
        71,
        36,
        30,
        8,
        6,
        58,
        20,
        0
      ]
    }
  ]
}