iter,best,mean
0,17195.697595310594,20249.907476440134
1,17195.697595310594,17438.066053639643
2,17195.697595310594,17195.697595310598
3,17195.697595310594,17195.697595310598
4,17195.697595310594,17195.697595310598
