{
  "epoch": 47,
  "clusters": 1,
  "algorithm": "nsga2",
  "scorer": "distance",
  "sum_final_distance": 544.0,
  "sum_final_cost": 505035.0,
  "sum_final_time": 39.36205880870924,
  "epoch_runtime_s": 10.102318525314331,
  "total_cluster_solving_time_s": 10.0924551486969
}