{
  "algorithm": "nsga2",
  "scorer": "distance",
  "cluster_id": 5,
  "final_distance": 6387.881784169009,
  "final_cost": NaN,
  "final_time": 0.0,
  "score": 6387.881784169009,
  "cluster_runtime_s": 1.0207760334014893,
  "iterations": 15,
  "epoch": 0
}