{
  "algorithm": "nsga2",
  "scorer": "distance",
  "cluster_id": 0,
  "final_distance": 25426.66019326092,
  "final_cost": NaN,
  "final_time": 0.0,
  "score": 25426.66019326092,
  "runtime_s": 1.0387847661040723,
  "iterations": 19
}