{
  "algorithm": "nsga2",
  "scorer": "distance",
  "cluster_id": 0,
  "final_distance": 31730.031384888087,
  "final_cost": NaN,
  "final_time": 0.0,
  "score": 31730.031384888087,
  "cluster_runtime_s": 1.026602029800415,
  "iterations": 10,
  "epoch": 0
}