{
  "algorithm": "nsga2",
  "scorer": "distance",
  "cluster_id": 0,
  "final_distance": 44817.64849962584,
  "final_cost": NaN,
  "final_time": 0.0,
  "score": 44817.64849962584,
  "runtime_s": 1.0339581929147243,
  "iterations": 11
}