iter,best,mean,best_route_time,mean_route_time
0,73539.19999999998,90506.712,7275.799999999999,8239.582
0,64838.69999999998,80730.554,6620.2,7690.777999999999
0,64838.69999999998,77521.932,6620.2,7529.689
0,64063.099999999984,74292.543,6580.099999999999,7331.454000000001
0,64063.099999999984,72242.90299999999,6580.099999999999,7208.067999999999
0,64063.099999999984,70648.446,6580.099999999999,7104.571999999999
0,64063.099999999984,69437.034,6580.099999999999,7028.7
0,64063.099999999984,68659.90499999998,6580.099999999999,6981.1759999999995
