{
  "algorithm": "nsga2",
  "scorer": "distance",
  "cluster_id": 2,
  "final_distance": 20838.132294772193,
  "final_cost": NaN,
  "final_time": 0.0,
  "score": 20838.132294772193,
  "cluster_runtime_s": 0.3135097026824951,
  "iterations": 4,
  "epoch": 0
}