{
  "algorithm": "nsga2",
  "cluster_id": 0,
  "final_distance": 2763.0,
  "final_cost": 2255826.0,
  "final_time": 199.76410576900395,
  "score": 2763.0,
  "solving_time_s": 10.217559814453125,
  "iterations": 19,
  "epoch": 39,
  "time_limit_per_cluster": 10.0
}