vehicle_id,vehicle_name,num_stops_including_depot,capacity_used,capacity_max,capacity_utilization,distance_m,initial_cost,distance_cost,route_cost,stops_by_id
1,Truck-01,80,246.0,10000.0,0.0246,253866.8625823268,75819.0,789.0,200376773.57745585,"[0, 8, 26, 23, 46, 69, 11, 71, 30, 51, 68, 12, 27, 72, 60, 1, 45, 49, 57, 41, 48, 50, 21, 64, 75, 47, 52, 61, 28, 16, 73, 44, 55, 38, 5, 54, 3, 63, 4, 9, 37, 17, 20, 19, 34, 24, 29, 2, 74, 36, 10, 22, 77, 7, 53, 76, 66, 13, 33, 42, 67, 25, 18, 59, 56, 58, 70, 39, 32, 40, 65, 78, 14, 31, 62, 6, 35, 15, 43, 0]"
