{
  "algorithm": "nsga2",
  "scorer": "distance",
  "cluster_id": 4,
  "final_distance": 21276.819648051434,
  "final_cost": NaN,
  "final_time": 0.0,
  "score": 21276.819648051434,
  "runtime_s": 1.0209301100112498,
  "iterations": 13
}