iter,best,mean,best_route_time,mean_route_time
0,19143.034484593372,22483.468842236703,19143.034484593372,22483.468842236703
0,19030.9401264722,21313.94879174044,19030.9401264722,21313.94879174044
0,19030.9401264722,20624.63504538347,19030.9401264722,20624.63504538347
0,18926.709855843725,20393.202186634557,18926.709855843725,20393.202186634557
0,18926.709855843725,20136.6892574492,18926.709855843725,20136.6892574492
0,18926.709855843725,20037.311852421208,18926.709855843725,20037.311852421208
0,18926.709855843725,19906.57709116511,18926.709855843725,19906.57709116511
0,18926.709855843725,19800.29136117539,18926.709855843725,19800.29136117539
0,18926.709855843725,19767.059056437498,18926.709855843725,19767.059056437498
