{
  "algorithm": "nsga2",
  "scorer": "distance",
  "cluster_id": 4,
  "final_distance": 13225.68104410891,
  "final_cost": NaN,
  "final_time": 0.0,
  "score": 13225.68104410891,
  "cluster_runtime_s": 0.32531166076660156,
  "iterations": 5,
  "epoch": 0
}