iter,best,mean
0,13251.457533827417,17086.759830733106
1,13225.68104410891,14318.90211133244
2,13225.68104410891,13890.866067846031
3,13225.68104410891,13636.809215981008
4,13225.68104410891,13479.17578283146
