{
  "algorithm": "nsga2",
  "scorer": "distance",
  "cluster_id": 3,
  "final_distance": 34803.02082612208,
  "final_cost": NaN,
  "final_time": 0.0,
  "score": 34803.02082612208,
  "cluster_runtime_s": 1.0344154834747314,
  "iterations": 14,
  "epoch": 0
}