{
  "algorithm": "pso",
  "scorer": "distance",
  "cluster_id": 0,
  "final_distance": 3283.0,
  "final_cost": 2666106.0,
  "final_time": 238.82542022133683,
  "score": 3283.0,
  "solving_time_s": 30.020433039004274,
  "iterations": 146
}