iter,best,mean,best_route_time,mean_route_time
1,2937.0,22001.14,212.56027289249334,1583.4408127320667
2,2937.0,17779.29,212.56027289249334,1280.3164417525863
3,2937.0,17027.87,212.56027289249334,1226.548822004789
4,2937.0,16459.65,212.56027289249334,1185.5034415239695
