{
  "epoch": 0,
  "clusters": 1,
  "algorithm": "nsga2",
  "scorer": "distance",
  "sum_final_distance": 542.0,
  "sum_final_cost": 503457.0,
  "sum_final_time": 39.01069531606108,
  "epoch_runtime_s": 10.085082292556763,
  "total_cluster_solving_time_s": 10.075309991836548
}