{
  "algorithm": "aco",
  "scorer": "distance",
  "cluster_id": 0,
  "final_distance": 3154.0,
  "final_cost": 2564325.0,
  "final_time": 226.47810042745428,
  "score": 3154.0,
  "solving_time_s": 30.315381763968617,
  "iterations": 64
}