{
  "algorithm": "aco",
  "scorer": "distance",
  "cluster_id": 0,
  "final_distance": 2913.0,
  "final_cost": 2374176.0,
  "final_time": 210.4297299178889,
  "score": 2913.0,
  "solving_time_s": 30.05855521599733,
  "iterations": 193
}