{
  "algorithm": "nsga2",
  "scorer": "distance",
  "cluster_id": 3,
  "final_distance": 13541.492495322032,
  "final_cost": NaN,
  "final_time": 0.0,
  "score": 13541.492495322032,
  "runtime_s": 1.0288240513764322,
  "iterations": 20
}