{
  "routes": [
    {
      "vehicle_id": 0,
      "vehicle_name": "Truck-01-c0",
      "capacity_used": 0.0,
      "capacity_max": 10000.0,
      "capacity_utilization": 0.0,
      "distance_m": 31556.66578779569,
      "time_s": 2380.7024516386327,
      "stops_by_id": [
        0,
        17,
        1,
        3,
        2,
        19,
        7,
        22,
        23,
        24,
        26,
        0
      ]
    }
  ]
}