iter,best,mean
0,19143.060926078364,24701.48682160707
1,18926.735998528697,20581.138807494848
2,18926.735998528697,19819.517032576623
3,18926.735998528697,19463.53201816648
