{
  "epoch": 23,
  "clusters": 1,
  "algorithm": "nsga2",
  "scorer": "distance",
  "sum_final_distance": 546.0,
  "sum_final_cost": 506613.0,
  "sum_final_time": 39.674146541346126,
  "epoch_runtime_s": 10.022876739501953,
  "total_cluster_solving_time_s": 10.012042999267578
}