{
  "algorithm": "nsga2",
  "cluster_id": 0,
  "final_distance": 2709.0,
  "final_cost": 2213220.0,
  "final_time": 194.9917428418427,
  "score": 2709.0,
  "solving_time_s": 10.120944261550903,
  "iterations": 48,
  "epoch": 6,
  "time_limit_per_cluster": 10.0
}