iter,best,mean,best_route_time,mean_route_time
0,16059.100000000002,21353.813,1548.4,1842.585
0,16059.100000000002,20649.879,1548.4,1778.755
0,16059.100000000002,20115.452,1548.4,1756.305
0,16059.100000000002,19729.763,1548.4,1743.6789999999999
0,16059.100000000002,19447.389000000003,1548.4,1742.2160000000001
