{
  "algorithm": "ga",
  "scorer": "distance",
  "cluster_id": 4,
  "final_distance": 18109.381563151426,
  "final_cost": 100000.0,
  "final_time": 18109.381563151426,
  "score": 18109.381563151426,
  "solving_time_s": 0.3036525249481201,
  "iterations": 52,
  "time_limit_per_cluster": 0.3
}