{
  "algorithm": "nsga2",
  "scorer": "distance",
  "cluster_id": 2,
  "final_distance": 17286.42500230639,
  "final_cost": NaN,
  "final_time": 0.0,
  "score": 17286.42500230639,
  "cluster_runtime_s": 1.0222041606903076,
  "iterations": 16,
  "epoch": 0
}