{
  "algorithm": "ga",
  "scorer": "distance",
  "cluster_id": 0,
  "final_distance": 2733.0,
  "final_cost": 2232156.0,
  "final_time": 197.3674845122434,
  "score": 2733.0,
  "solving_time_s": 30.028085602003557,
  "iterations": 682
}