{
  "algorithm": "nsga2",
  "cluster_id": 0,
  "final_distance": 2694.0,
  "final_cost": 2201385.0,
  "final_time": 194.08977273736082,
  "score": 2694.0,
  "solving_time_s": 10.1920804977417,
  "iterations": 19,
  "epoch": 41,
  "time_limit_per_cluster": 10.0
}