{
  "routes": [
    {
      "vehicle_id": 0,
      "vehicle_name": "Truck-01-c2",
      "capacity_used": 0.0,
      "capacity_max": 10000.0,
      "capacity_utilization": 0.0,
      "distance_m": 42343.581721525676,
      "time_s": 3052.8486298951902,
      "stops_by_id": [
        0,
        76,
        59,
        4,
        9,
        61,
        0
      ]
    }
  ]
}