iter,best,mean
0,33023.98067007134,40846.76777466778
1,31681.611273101815,34782.56072745835
2,31681.611273101815,33896.494319400575
