{
  "routes": [
    {
      "vehicle_id": 0,
      "vehicle_name": "Truck-01-c0",
      "capacity_used": 0.0,
      "capacity_max": 10000.0,
      "capacity_utilization": 0.0,
      "distance_m": 45496.006174606744,
      "time_s": 3230.956706389654,
      "stops_by_id": [
        0,
        7,
        19,
        2,
        3,
        17,
        1,
        66,
        21,
        25,
        24,
        23,
        22,
        26,
        28,
        27,
        0
      ]
    }
  ]
}