iter,best,mean
0,12135.97440212252,15511.07240854661
1,12135.97440212252,12576.8432762731
2,12135.97440212252,12144.94564116877
3,12135.97440212252,12135.974402122521
4,12135.97440212252,12135.974402122521
