{
  "algorithm": "nsga2",
  "scorer": "distance",
  "cluster_id": 5,
  "final_distance": 19038.83051148115,
  "final_cost": NaN,
  "final_time": 0.0,
  "score": 19038.83051148115,
  "runtime_s": 5.082262527663261,
  "iterations": 49
}