{
  "epoch": 88,
  "clusters": 1,
  "algorithm": "nsga2",
  "scorer": "distance",
  "sum_final_distance": 543.0,
  "sum_final_cost": 504246.0,
  "sum_final_time": 38.740534764729084,
  "epoch_runtime_s": 10.086035966873169,
  "total_cluster_solving_time_s": 10.075969219207764
}