{
  "epoch": 48,
  "clusters": 1,
  "algorithm": "nsga2",
  "scorer": "distance",
  "sum_final_distance": 514.0,
  "sum_final_cost": 563421.0,
  "sum_final_time": 45.08794420611286,
  "epoch_runtime_s": 10.413151979446411,
  "total_cluster_runtime_s": 10.28812551498413
}