{
  "algorithm": "nsga2",
  "scorer": "distance",
  "cluster_id": 5,
  "final_distance": 15390.395446455967,
  "final_cost": NaN,
  "final_time": 0.0,
  "score": 15390.395446455967,
  "cluster_runtime_s": 1.0447616577148438,
  "iterations": 15,
  "epoch": 0
}