{
  "algorithm": "nsga2",
  "scorer": "distance",
  "cluster_id": 1,
  "final_distance": 9866.358109457704,
  "final_cost": NaN,
  "final_time": 0.0,
  "score": 9866.358109457704,
  "runtime_s": 5.01579091604799,
  "iterations": 104
}