vehicle_id,vehicle_name,num_stops_including_depot,capacity_used,capacity_max,capacity_utilization,distance_m,initial_cost,distance_cost,route_cost,stops_by_id
1,Truck-01,80,246.0,10000.0,0.0246,256631.7877856765,75819.0,789.0,202558299.56289876,"[0, 6, 62, 25, 18, 46, 23, 26, 8, 69, 30, 71, 59, 58, 56, 51, 11, 16, 28, 61, 73, 44, 47, 52, 75, 64, 12, 49, 57, 21, 55, 38, 50, 48, 41, 5, 54, 3, 1, 45, 63, 9, 37, 17, 4, 2, 60, 72, 27, 68, 70, 39, 74, 29, 24, 34, 20, 19, 36, 10, 22, 77, 7, 53, 76, 66, 13, 33, 42, 32, 40, 65, 67, 78, 14, 31, 35, 15, 43, 0]"
