vehicle_id,vehicle_name,num_stops_including_depot,capacity_used,capacity_max,capacity_utilization,distance_m,time_s,initial_cost,distance_cost,route_cost,stops_by_id
1,Truck-01,80,246.0,10000.0,0.0246,263499.62912078004,19048.56018422703,75819.0,789.0,207977026.37629545,"[0, 26, 8, 23, 46, 69, 30, 11, 16, 73, 61, 28, 52, 47, 44, 38, 55, 50, 5, 54, 3, 1, 45, 49, 60, 72, 27, 68, 12, 57, 41, 48, 21, 75, 64, 51, 71, 18, 59, 58, 56, 70, 39, 29, 24, 2, 34, 74, 36, 19, 20, 4, 63, 9, 37, 17, 10, 22, 42, 33, 77, 7, 53, 76, 66, 13, 32, 40, 65, 78, 15, 43, 35, 62, 31, 14, 67, 25, 6, 0]"
