{
  "routes": [
    {
      "vehicle_id": 0,
      "vehicle_name": "Truck-01-c5",
      "capacity_used": 0.0,
      "capacity_max": 10000.0,
      "capacity_utilization": 0.0,
      "distance_m": 26829.376668425837,
      "time_s": 2108.2894682994392,
      "stops_by_id": [
        0,
        61,
        9,
        4,
        0
      ]
    }
  ]
}