{
  "routes": [
    {
      "vehicle_id": 0,
      "vehicle_name": "Truck-01-c6",
      "capacity_used": 0.0,
      "capacity_max": 10000.0,
      "capacity_utilization": 0.0,
      "distance_m": 27062.86000651042,
      "time_s": 1957.1861349179555,
      "stops_by_id": [
        0,
        77,
        43,
        73,
        0
      ]
    }
  ]
}