{
  "epoch": 14,
  "clusters": 1,
  "algorithm": "nsga2",
  "scorer": "distance",
  "sum_final_distance": 543.0,
  "sum_final_cost": 504246.0,
  "sum_final_time": 39.03631037642231,
  "epoch_runtime_s": 10.157208681106567,
  "total_cluster_solving_time_s": 10.14915657043457
}