{
  "algorithm": "pso",
  "scorer": "distance",
  "final_distance": 276219.8656411942,
  "final_cost": 218013292.99090225,
  "final_time": 19831.08726358122,
  "runtime_s": 11.311514341970906,
  "iterations": 1200
}