{
  "routes": [
    {
      "vehicle_id": 0,
      "vehicle_name": "Truck-01-c4",
      "capacity_used": 0.0,
      "capacity_max": 10000.0,
      "capacity_utilization": 0.0,
      "distance_m": 13942.378927496393,
      "time_s": 961.2357239837655,
      "stops_by_id": [
        0,
        37,
        68,
        39,
        38,
        0
      ]
    }
  ]
}