{
  "algorithm": "nsga2",
  "scorer": "distance",
  "cluster_id": 6,
  "final_distance": 6625.565246312078,
  "final_cost": NaN,
  "final_time": 0.0,
  "score": 6625.565246312078,
  "runtime_s": 1.0330143789760768,
  "iterations": 18
}