{
  "routes": [
    {
      "vehicle_id": 0,
      "vehicle_name": "Truck-01-c6",
      "capacity_used": 0.0,
      "capacity_max": 10000.0,
      "capacity_utilization": 0.0,
      "distance_m": 34739.959355707346,
      "time_s": 2379.218806361332,
      "stops_by_id": [
        0,
        76,
        18,
        67,
        60,
        0
      ]
    }
  ]
}