{
  "algorithm": "nsga2",
  "scorer": "distance",
  "cluster_id": 2,
  "final_distance": 19981.50937386134,
  "final_cost": NaN,
  "final_time": 0.0,
  "score": 19981.50937386134,
  "runtime_s": 5.049451379105449,
  "iterations": 66
}