{
  "algorithm": "nsga2",
  "cluster_id": 0,
  "final_distance": 538.0,
  "final_cost": 500301.0,
  "final_time": 38.792456134305695,
  "score": 538.0,
  "solving_time_s": 2.818415641784668,
  "iterations": 36,
  "epoch": 0,
  "time_limit_per_cluster": 2.8
}