{
  "algorithm": "nsga2",
  "scorer": "distance",
  "cluster_id": 1,
  "final_distance": 45114.79186615803,
  "final_cost": NaN,
  "final_time": 0.0,
  "score": 45114.79186615803,
  "runtime_s": 1.0742391287349164,
  "iterations": 14
}