{
  "epoch": 25,
  "clusters": 1,
  "algorithm": "nsga2",
  "scorer": "distance",
  "sum_final_distance": 539.0,
  "sum_final_cost": 501090.0,
  "sum_final_time": 38.2500576645697,
  "epoch_runtime_s": 10.445293664932251,
  "total_cluster_solving_time_s": 10.43695068359375
}