iter,best,mean,best_route_time,mean_route_time
0,73539.19999999998,90506.712,7275.799999999999,8239.582
0,69110.20000000001,85512.875,7019.999999999999,7960.784000000001
0,64391.2,79920.18,6634.3,7674.547
0,64391.2,76434.83,6634.3,7465.04
0,64374.6,73195.483,6620.2,7268.873999999999
0,64374.6,71516.864,6620.2,7158.563999999999
0,64368.1,70409.886,6620.2,7098.036
0,64368.1,69493.811,6620.2,7046.3240000000005
