{
  "algorithm": "nsga2",
  "scorer": "distance",
  "cluster_id": 3,
  "final_distance": 6860.762697404631,
  "final_cost": NaN,
  "final_time": 0.0,
  "score": 6860.762697404631,
  "runtime_s": 5.036116088740528,
  "iterations": 86
}