{
  "algorithm": "nsga2",
  "scorer": "distance",
  "cluster_id": 6,
  "final_distance": 12135.97440212252,
  "final_cost": NaN,
  "final_time": 0.0,
  "score": 12135.97440212252,
  "cluster_runtime_s": 1.0596966743469238,
  "iterations": 15,
  "epoch": 0
}