{
  "algorithm": "nsga2",
  "cluster_id": 0,
  "final_distance": 549.0,
  "final_cost": 508980.0,
  "final_time": 39.58269206286255,
  "score": 549.0,
  "solving_time_s": 2.806549072265625,
  "iterations": 38,
  "epoch": 0,
  "time_limit_per_cluster": 2.8
}