{
  "routes": [
    {
      "vehicle_id": 0,
      "vehicle_name": "Truck-01-c2",
      "capacity_used": 0.0,
      "capacity_max": 10000.0,
      "capacity_utilization": 0.0,
      "distance_m": 56379.7967712109,
      "time_s": 4061.599416146989,
      "stops_by_id": [
        0,
        27,
        28,
        26,
        22,
        23,
        24,
        25,
        21,
        66,
        1,
        3,
        2,
        19,
        7,
        11,
        70,
        13,
        14,
        15,
        16,
        0
      ]
    }
  ]
}