{
  "algorithm": "nsga2",
  "scorer": "distance",
  "cluster_id": 0,
  "final_distance": 37020.35277209068,
  "final_cost": NaN,
  "final_time": 0.0,
  "score": 37020.35277209068,
  "runtime_s": 1.0403549410402775,
  "iterations": 15
}