{
  "algorithm": "nsga2",
  "scorer": "distance",
  "cluster_id": 5,
  "final_distance": 18926.735998528693,
  "final_cost": NaN,
  "final_time": 0.0,
  "score": 18926.735998528693,
  "cluster_runtime_s": 5.077771902084351,
  "iterations": 54,
  "epoch": 0
}