{
  "algorithm": "nsga2",
  "scorer": "distance",
  "cluster_id": 0,
  "final_distance": 31153.332056334028,
  "final_cost": NaN,
  "final_time": 0.0,
  "score": 31153.332056334028,
  "runtime_s": 5.028925568331033,
  "iterations": 68
}