{
  "algorithm": "aco",
  "scorer": "distance",
  "cluster_id": 1,
  "final_distance": 20316.775460102846,
  "final_cost": 100000.0,
  "final_time": 20316.775460102846,
  "score": 20316.775460102846,
  "solving_time_s": 0.30562305450439453,
  "iterations": 26,
  "time_limit_per_cluster": 0.3
}