{
  "algorithm": "nsga2",
  "scorer": "distance",
  "cluster_id": 6,
  "final_distance": 16735.743003871914,
  "final_cost": NaN,
  "final_time": 0.0,
  "score": 16735.743003871914,
  "runtime_s": 1.0175583488307893,
  "iterations": 19
}