{
  "epoch": 10,
  "clusters": 1,
  "algorithm": "nsga2",
  "scorer": "distance",
  "sum_final_distance": 511.0,
  "sum_final_cost": 561054.0,
  "sum_final_time": 45.10844871274704,
  "epoch_runtime_s": 10.315314531326294,
  "total_cluster_runtime_s": 10.189552068710327
}