{
  "algorithm": "nsga2",
  "cluster_id": 0,
  "final_distance": 549.0,
  "final_cost": 508980.0,
  "final_time": 39.47062328990404,
  "score": 549.0,
  "solving_time_s": 2.855135440826416,
  "iterations": 36,
  "epoch": 0,
  "time_limit_per_cluster": 2.8
}