{
  "algorithm": "pso",
  "scorer": "distance",
  "cluster_id": 0,
  "final_distance": 3500.0,
  "final_cost": 2837319.0,
  "final_time": 251.89894837749375,
  "score": 3500.0,
  "solving_time_s": 30.09286217400222,
  "iterations": 146
}