{
  "algorithm": "pso",
  "scorer": "distance",
  "cluster_id": 0,
  "final_distance": 2826.0,
  "final_cost": 2305533.0,
  "final_time": 202.7902431295074,
  "score": 2826.0,
  "solving_time_s": 30.277150838053785,
  "iterations": 4
}