iter,best,mean,best_route_time,mean_route_time
1,2937.0,21999.34,210.3236980658523,1582.3845796352864
2,2937.0,17874.59,210.3236980658523,1285.8760028905851
3,2937.0,17107.7,210.3236980658523,1232.9826302969805
4,2937.0,16402.57,210.3236980658523,1182.6942175915265
