vehicle_id,vehicle_name,num_stops_including_depot,capacity_used,capacity_max,capacity_utilization,distance_m,initial_cost,distance_cost,route_cost,stops_by_id
1,Truck-01,80,246.0,10000.0,0.0246,277772.7367743237,75819.0,789.0,219238508.31494138,"[0, 8, 23, 26, 43, 15, 35, 62, 6, 46, 69, 30, 11, 51, 68, 12, 57, 41, 48, 50, 64, 75, 52, 16, 73, 44, 61, 28, 47, 21, 55, 38, 5, 54, 3, 1, 45, 49, 2, 4, 63, 9, 37, 17, 20, 19, 34, 24, 29, 74, 36, 10, 22, 42, 33, 77, 7, 53, 76, 66, 13, 65, 67, 40, 32, 39, 70, 60, 72, 27, 56, 58, 71, 18, 59, 25, 31, 14, 78, 0]"
