{
  "algorithm": "nsga2",
  "scorer": "distance",
  "cluster_id": 5,
  "final_distance": 18926.735998528693,
  "final_cost": NaN,
  "final_time": 0.0,
  "score": 18926.735998528693,
  "runtime_s": 5.035918748006225,
  "iterations": 57
}