{
  "algorithm": "nsga2",
  "scorer": "distance",
  "cluster_id": 0,
  "final_distance": 38715.74603188176,
  "final_cost": NaN,
  "final_time": 0.0,
  "score": 38715.74603188176,
  "runtime_s": 5.041331325657666,
  "iterations": 65
}