iter,best,mean
0,14520.049940185432,19887.0310823967
1,14520.049940185432,15420.61053751833
2,14520.049940185432,14520.049940185432
3,14520.049940185432,14520.049940185432
4,14520.049940185432,14520.049940185432
