{
  "routes": [
    {
      "vehicle_id": 0,
      "vehicle_name": "Truck-01-c2",
      "capacity_used": 0.0,
      "capacity_max": 10000.0,
      "capacity_utilization": 0.0,
      "distance_m": 29310.337813151225,
      "time_s": 2064.0642765003486,
      "stops_by_id": [
        0,
        26,
        27,
        28,
        29,
        72,
        78,
        32,
        34,
        31,
        0
      ]
    }
  ]
}