iter,best,mean
0,21303.95574085888,26614.913478628965
1,21303.95574085888,23111.828504058536
2,21303.95574085888,21595.04174193359
3,21303.95574085888,21303.955740858884
4,21303.95574085888,21303.955740858884
