{
  "routes": [
    {
      "vehicle_id": 0,
      "vehicle_name": "Truck-01-c1",
      "capacity_used": 0.0,
      "capacity_max": 10000.0,
      "capacity_utilization": 0.0,
      "distance_m": 31743.582806634797,
      "time_s": 2311.2114439879115,
      "stops_by_id": [
        0,
        45,
        44,
        77,
        55,
        46,
        74,
        43,
        73,
        0
      ]
    }
  ]
}