{
  "algorithm": "aco",
  "scorer": "distance",
  "final_distance": 250512.8453699947,
  "final_cost": 197730453.99692583,
  "final_time": 18043.660395319253,
  "runtime_s": 14.517109905835241,
  "iterations": 350
}