{
  "algorithm": "nsga2",
  "scorer": "distance",
  "cluster_id": 0,
  "final_distance": 2747.0,
  "final_cost": 2243202.0,
  "final_time": 198.51459201411384,
  "score": 2747.0,
  "solving_time_s": 30.47251534461975,
  "iterations": 29,
  "epoch": 0
}