{
  "algorithm": "nsga2",
  "scorer": "distance",
  "cluster_id": 0,
  "final_distance": 2664.0,
  "final_cost": 2177715.0,
  "final_time": 192.55377707801247,
  "score": 2664.0,
  "solving_time_s": 30.12467074394226,
  "iterations": 71,
  "epoch": 0
}