{
  "algorithm": "nsga2",
  "cluster_id": 0,
  "final_distance": 2718.0,
  "final_cost": 2220321.0,
  "final_time": 196.27974525124492,
  "score": 2718.0,
  "solving_time_s": 10.102788209915161,
  "iterations": 157,
  "epoch": 12,
  "time_limit_per_cluster": 10.0
}