iter,best,mean
0,32755.015821059293,42778.66628102759
1,31729.581413749715,34789.832836810136
2,31729.581413749715,33950.60664819021
