{
  "routes": [
    {
      "vehicle_id": 0,
      "vehicle_name": "Truck-01-c4",
      "capacity_used": 0.0,
      "capacity_max": 10000.0,
      "capacity_utilization": 0.0,
      "distance_m": 19762.587581066004,
      "time_s": 1314.583161010373,
      "stops_by_id": [
        0,
        39,
        38,
        45,
        44,
        55,
        51,
        52,
        53,
        54,
        69,
        49,
        47,
        48,
        50,
        42,
        41,
        57,
        40,
        0
      ]
    }
  ]
}