{
  "algorithm": "pso",
  "scorer": "distance",
  "cluster_id": 0,
  "final_distance": 32029.92226365989,
  "final_cost": 100000.0,
  "final_time": 32029.92226365989,
  "score": 32029.92226365989,
  "solving_time_s": 0.30135321617126465,
  "iterations": 44,
  "time_limit_per_cluster": 0.3
}