{
  "algorithm": "nsga2",
  "scorer": "distance",
  "cluster_id": 0,
  "final_distance": 2641.0,
  "final_cost": 2159568.0,
  "final_time": 190.5126421150019,
  "score": 2641.0,
  "solving_time_s": 30.05115795135498,
  "iterations": 29,
  "epoch": 0
}