{
  "algorithm": "nsga2",
  "scorer": "distance",
  "cluster_id": 0,
  "final_distance": 2662.0,
  "final_cost": 2176137.0,
  "final_time": 191.1143157912606,
  "score": 2662.0,
  "solving_time_s": 30.027880430221558,
  "iterations": 68,
  "epoch": 0
}