iter,best,mean
0,1709.316299393927,1709.316299393927
1,1709.316299393927,1709.316299393927
2,1709.316299393927,1709.316299393927
3,1709.316299393927,1709.316299393927
4,1709.316299393927,1709.316299393927
