{
  "algorithm": "nsga2",
  "cluster_id": 0,
  "final_distance": 2698.0,
  "final_cost": 2204541.0,
  "final_time": 194.4938536743091,
  "score": 2698.0,
  "solving_time_s": 10.327388763427734,
  "iterations": 19,
  "epoch": 40,
  "time_limit_per_cluster": 10.0
}