{
  "algorithm": "nsga2",
  "scorer": "distance",
  "cluster_id": 0,
  "final_distance": 23061.876029280458,
  "final_cost": NaN,
  "final_time": 0.0,
  "score": 23061.876029280458,
  "cluster_runtime_s": 0.36185574531555176,
  "iterations": 6,
  "epoch": 0
}