{
  "algorithm": "nsga2",
  "scorer": "distance",
  "cluster_id": 0,
  "final_distance": 512.0,
  "final_cost": 561843.0,
  "final_time": 45.24643722128195,
  "score": 512.0,
  "cluster_runtime_s": 10.246196269989014,
  "iterations": 21,
  "epoch": 30
}