{
  "epoch": 40,
  "clusters": 1,
  "algorithm": "nsga2",
  "scorer": "distance",
  "sum_final_distance": 538.0,
  "sum_final_cost": 500301.0,
  "sum_final_time": 38.148801162677394,
  "epoch_runtime_s": 10.139994382858276,
  "total_cluster_solving_time_s": 10.128788471221924
}