iter,best,mean
0,9200.794158997134,10212.628431973833
1,9200.794158997134,9284.807008332758
2,9200.794158997134,9200.794158997132
3,9200.794158997134,9200.794158997132
4,9200.794158997134,9200.794158997132
