{
  "routes": [
    {
      "vehicle_id": 0,
      "vehicle_name": "Truck-01-c6",
      "capacity_used": 0.0,
      "capacity_max": 10000.0,
      "capacity_utilization": 0.0,
      "distance_m": 34578.507691994695,
      "time_s": 2461.2081960328683,
      "stops_by_id": [
        0,
        60,
        67,
        18,
        12,
        0
      ]
    }
  ]
}