{
  "algorithm": "nsga2",
  "scorer": "distance",
  "cluster_id": 1,
  "final_distance": 17176.590798438807,
  "final_cost": NaN,
  "final_time": 0.0,
  "score": 17176.590798438807,
  "cluster_runtime_s": 0.3141746520996094,
  "iterations": 4,
  "epoch": 0
}