{
  "algorithm": "aco",
  "scorer": "distance",
  "cluster_id": 1,
  "final_distance": 17192.663946489396,
  "final_cost": 100000.0,
  "final_time": 17192.663946489396,
  "score": 17192.663946489396,
  "solving_time_s": 0.3000504970550537,
  "iterations": 27,
  "time_limit_per_cluster": 0.3
}