{
  "algorithm": "nsga2",
  "cluster_id": 0,
  "final_distance": 2844.0,
  "final_cost": 2319735.0,
  "final_time": 204.70755004879317,
  "score": 2844.0,
  "solving_time_s": 10.324728012084961,
  "iterations": 22,
  "epoch": 66,
  "time_limit_per_cluster": 10.0
}