vehicle_id,vehicle_name,num_stops_including_depot,capacity_used,capacity_max,capacity_utilization,distance_m,initial_cost,distance_cost,route_cost,stops_by_id
1,Truck-01,80,246.0,10000.0,0.0246,271119.70034100034,75819.0,789.0,213989262.56904927,"[0, 35, 62, 6, 25, 67, 40, 32, 39, 70, 27, 72, 60, 45, 1, 49, 12, 68, 51, 71, 11, 16, 61, 73, 44, 38, 55, 28, 52, 47, 75, 21, 64, 57, 41, 48, 50, 5, 54, 3, 63, 17, 37, 9, 4, 20, 19, 2, 24, 29, 34, 74, 36, 10, 22, 42, 33, 77, 7, 53, 76, 66, 13, 65, 78, 14, 31, 15, 43, 26, 8, 23, 46, 69, 30, 18, 59, 56, 58, 0]"
