{
  "algorithm": "nsga2",
  "scorer": "distance",
  "final_distance": 245911.27203035133,
  "final_cost": 194099812.6319472,
  "final_time": 18071.739325190534,
  "epoch_runtime_s": 60.03346633911133,
  "iterations": 417,
  "epoch": 9
}