{
  "epoch": 30,
  "clusters": 1,
  "algorithm": "nsga2",
  "scorer": "distance",
  "sum_final_distance": 555.0,
  "sum_final_cost": 513714.0,
  "sum_final_time": 39.79983696269045,
  "epoch_runtime_s": 10.013445138931274,
  "total_cluster_solving_time_s": 10.00412631034851
}