{
  "algorithm": "nsga2",
  "scorer": "distance",
  "cluster_id": 4,
  "final_distance": 9910.036495316497,
  "final_cost": NaN,
  "final_time": 0.0,
  "score": 9910.036495316497,
  "runtime_s": 5.050187297165394,
  "iterations": 102
}