iter,best,mean
0,8593.908224855315,11915.779319552827
1,8593.908224855315,9269.065556186864
2,8593.908224855315,8776.817093214104
3,8593.908224855315,8598.868120088435
4,8593.908224855315,8593.908224855317
5,8593.908224855315,8593.908224855317
