{
  "algorithm": "nsga2",
  "scorer": "distance",
  "cluster_id": 5,
  "final_distance": 9817.283236311006,
  "final_cost": NaN,
  "final_time": 0.0,
  "score": 9817.283236311006,
  "runtime_s": 1.0547450366429985,
  "iterations": 19
}