{
  "routes": [
    {
      "vehicle_id": 0,
      "vehicle_name": "Truck-01-c5",
      "capacity_used": 0.0,
      "capacity_max": 10000.0,
      "capacity_utilization": 0.0,
      "distance_m": 24316.25430726615,
      "time_s": 1847.7304290871266,
      "stops_by_id": [
        0,
        7,
        22,
        23,
        24,
        26,
        0
      ]
    }
  ]
}