{
  "algorithm": "nsga2",
  "scorer": "distance",
  "cluster_id": 6,
  "final_distance": 7368.964819354957,
  "final_cost": NaN,
  "final_time": 0.0,
  "score": 7368.964819354957,
  "runtime_s": 1.053531243931502,
  "iterations": 16
}