{
  "routes": [
    {
      "vehicle_id": 0,
      "vehicle_name": "Truck-01-c6",
      "capacity_used": 0.0,
      "capacity_max": 10000.0,
      "capacity_utilization": 0.0,
      "distance_m": 19222.738675214987,
      "time_s": 1422.4431033643684,
      "stops_by_id": [
        0,
        40,
        57,
        41,
        42,
        50,
        48,
        47,
        49,
        69,
        54,
        53,
        52,
        51,
        55,
        44,
        45,
        0
      ]
    }
  ]
}