{
  "algorithm": "nsga2",
  "scorer": "distance",
  "cluster_id": 3,
  "final_distance": 12436.86391595169,
  "final_cost": NaN,
  "final_time": 0.0,
  "score": 12436.86391595169,
  "cluster_runtime_s": 0.32103633880615234,
  "iterations": 4,
  "epoch": 0
}