iter,best,mean
0,12436.86391595169,16301.653519116231
1,12436.86391595169,13543.33534591718
2,12436.86391595169,12942.747232145304
3,12436.86391595169,12660.433219755558
