{
  "epoch": 58,
  "clusters": 1,
  "algorithm": "nsga2",
  "sum_final_distance": 2707.0,
  "sum_final_cost": 2211642.0,
  "sum_final_time": 195.23443847499797,
  "epoch_runtime_s": 10.137075662612915,
  "total_cluster_solving_time_s": 10.097852945327759
}