{
  "algorithm": "nsga2",
  "scorer": "distance",
  "cluster_id": 0,
  "final_distance": 32386.020884053043,
  "final_cost": NaN,
  "final_time": 0.0,
  "score": 32386.020884053043,
  "cluster_runtime_s": 5.0156543254852295,
  "iterations": 50,
  "epoch": 0
}