iter,best,mean
0,5800.678688450755,7179.21409752101
1,5800.678688450755,6118.462739904244
2,5800.678688450755,5923.968782698715
3,5800.678688450755,5829.519080687647
4,5800.678688450755,5800.678688450754
5,5800.678688450755,5800.678688450754
