{
  "algorithm": "pso",
  "scorer": "distance",
  "cluster_id": 4,
  "final_distance": 82728.20000000001,
  "final_cost": 100000.0,
  "final_time": 6696.5999999999985,
  "score": 82728.20000000001,
  "solving_time_s": 1.0036747455596924,
  "iterations": 226,
  "time_limit_per_cluster": 1.0
}