vehicle_id,vehicle_name,num_stops_including_depot,capacity_used,capacity_max,capacity_utilization,distance_m,initial_cost,distance_cost,route_cost,stops_by_id
1,Truck-01,80,246.0,10000.0,0.0246,263450.7090477175,75819.0,789.0,207938428.43864912,"[0, 43, 15, 35, 78, 14, 31, 62, 6, 25, 67, 65, 40, 32, 39, 70, 60, 72, 27, 12, 68, 51, 56, 58, 59, 18, 71, 30, 11, 16, 28, 61, 73, 44, 55, 38, 50, 48, 41, 57, 49, 45, 1, 63, 9, 37, 17, 4, 20, 19, 34, 24, 29, 74, 36, 10, 22, 42, 33, 13, 66, 76, 53, 7, 77, 2, 54, 5, 3, 64, 21, 75, 47, 52, 69, 46, 23, 8, 26, 0]"
