{
  "algorithm": "aco",
  "scorer": "distance",
  "cluster_id": 0,
  "final_distance": 5540.0,
  "final_cost": 4446879.0,
  "final_time": 399.37753493217735,
  "score": 5540.0,
  "solving_time_s": 30.16636533907149,
  "iterations": 42
}