{
  "epoch": 97,
  "clusters": 1,
  "algorithm": "nsga2",
  "sum_final_distance": 2788.0,
  "sum_final_cost": 2275551.0,
  "sum_final_time": 202.19585534502463,
  "epoch_runtime_s": 10.297597885131836,
  "total_cluster_solving_time_s": 10.258273363113403
}