{
  "algorithm": "nsga2",
  "cluster_id": 0,
  "final_distance": 2694.0,
  "final_cost": 2201385.0,
  "final_time": 194.5605789635051,
  "score": 2694.0,
  "solving_time_s": 10.170143842697144,
  "iterations": 27,
  "epoch": 20,
  "time_limit_per_cluster": 10.0
}