{
  "algorithm": "nsga2",
  "scorer": "distance",
  "cluster_id": 0,
  "final_distance": 511.0,
  "final_cost": 568155.0,
  "final_time": 45.627513464187345,
  "score": 511.0,
  "cluster_runtime_s": 10.12052845954895,
  "iterations": 25,
  "epoch": 29
}