{
  "algorithm": "nsga2",
  "scorer": "distance",
  "cluster_id": 1,
  "final_distance": 35303.1977741574,
  "final_cost": NaN,
  "final_time": 0.0,
  "score": 35303.1977741574,
  "cluster_runtime_s": 1.0319783687591553,
  "iterations": 13,
  "epoch": 0
}