iter,best,mean
0,35303.1977741574,51745.396865274146
1,35303.1977741574,43811.86854668622
2,35303.1977741574,41819.05554396444
3,35303.1977741574,39429.58767086177
4,35303.1977741574,37623.950427484306
5,35303.1977741574,35334.39329905285
6,35303.1977741574,35303.1977741574
7,35303.1977741574,35303.1977741574
8,35303.1977741574,35303.1977741574
9,35303.1977741574,35303.1977741574
10,35303.1977741574,35303.1977741574
11,35303.1977741574,35303.1977741574
12,35303.1977741574,35303.1977741574
