iter,best,mean
0,32755.015821059293,41939.855331272716
1,31991.92555038915,34974.31298053192
2,31991.92555038915,33896.64680431957
