{
  "algorithm": "nsga2",
  "scorer": "distance",
  "cluster_id": 2,
  "final_distance": 38330.86448844238,
  "final_cost": NaN,
  "final_time": 0.0,
  "score": 38330.86448844238,
  "runtime_s": 1.0469103418290615,
  "iterations": 16
}