iter,best,mean,best_route_time,mean_route_time
1,2937.0,21935.56,211.02830408826566,1577.9301078596252
2,2937.0,17850.75,211.02830408826566,1284.848786993379
3,2937.0,17171.45,211.02830408826566,1235.7129107242702
4,2937.0,16621.71,211.02830408826566,1196.0755103976603
