iter,best,mean
0,22367.211520216115,30327.02277434286
1,22367.211520216115,25248.936070991844
2,22367.211520216115,24185.91550723892
3,22367.211520216115,23519.961399442254
4,22367.211520216115,23082.9384723736
