vehicle_id,vehicle_name,num_stops_including_depot,capacity_used,capacity_max,capacity_utilization,distance_m,initial_cost,distance_cost,route_cost,stops_by_id
1,Truck-01,80,246.0,10000.0,0.0246,250004.1664202144,75819.0,789.0,197329106.30554917,"[0, 26, 8, 23, 46, 69, 30, 11, 16, 73, 44, 61, 28, 52, 47, 75, 21, 64, 57, 41, 48, 50, 55, 38, 5, 54, 3, 1, 45, 49, 12, 68, 51, 71, 18, 6, 62, 25, 59, 58, 56, 70, 27, 72, 60, 2, 24, 34, 19, 20, 4, 63, 9, 37, 17, 36, 74, 29, 39, 32, 33, 42, 22, 10, 77, 7, 53, 76, 66, 13, 40, 65, 67, 78, 14, 31, 35, 15, 43, 0]"
