{
  "algorithm": "nsga2",
  "scorer": "distance",
  "cluster_id": 6,
  "final_distance": 37001.69762940603,
  "final_cost": NaN,
  "final_time": 0.0,
  "score": 37001.69762940603,
  "runtime_s": 1.0612741042859852,
  "iterations": 16
}