{
  "algorithm": "nsga2",
  "scorer": "distance",
  "cluster_id": 1,
  "final_distance": 33695.27919042992,
  "final_cost": NaN,
  "final_time": 0.0,
  "score": 33695.27919042992,
  "cluster_runtime_s": 1.022796392440796,
  "iterations": 9,
  "epoch": 0
}