{
  "epoch": 23,
  "clusters": 1,
  "algorithm": "nsga2",
  "scorer": "distance",
  "sum_final_distance": 539.0,
  "sum_final_cost": 501090.0,
  "sum_final_time": 38.26499301722816,
  "epoch_runtime_s": 10.548959493637085,
  "total_cluster_solving_time_s": 10.535465717315674
}