{
  "algorithm": "nsga2",
  "scorer": "distance",
  "cluster_id": 0,
  "final_distance": 514.0,
  "final_cost": 556320.0,
  "final_time": 44.436816902842416,
  "score": 514.0,
  "cluster_runtime_s": 10.440253973007202,
  "iterations": 21,
  "epoch": 3
}