iter,best,mean
0,9783.996727743912,12165.913712870173
1,9783.996727743912,11161.333760124198
2,9783.996727743912,10848.836128339713
3,9783.996727743912,10420.840301817016
4,9783.996727743912,9783.996727743912
5,9783.996727743912,9783.996727743912
