{
  "algorithm": "nsga2",
  "scorer": "distance",
  "cluster_id": 0,
  "final_distance": 41639.07608848983,
  "final_cost": NaN,
  "final_time": 0.0,
  "score": 41639.07608848983,
  "runtime_s": 1.0737190190702677,
  "iterations": 11
}