{
  "algorithm": "nsga2",
  "scorer": "distance",
  "cluster_id": 0,
  "final_distance": 2683.0,
  "final_cost": 2192706.0,
  "final_time": 193.35438171940612,
  "score": 2683.0,
  "solving_time_s": 30.367000102996826,
  "iterations": 69,
  "epoch": 0
}