{
  "routes": [
    {
      "vehicle_id": 0,
      "vehicle_name": "Truck-01-c4",
      "capacity_used": 0.0,
      "capacity_max": 10000.0,
      "capacity_utilization": 0.0,
      "distance_m": 41513.46807263526,
      "time_s": 3013.028738069039,
      "stops_by_id": [
        0,
        56,
        49,
        47,
        48,
        50,
        42,
        41,
        57,
        40,
        45,
        44,
        77,
        55,
        51,
        52,
        54,
        53,
        69,
        46,
        74,
        43,
        73,
        0
      ]
    }
  ]
}