vehicle_id,vehicle_name,num_stops_including_depot,capacity_used,capacity_max,capacity_utilization,distance_m,initial_cost,distance_cost,route_cost,stops_by_id
1,Truck-01,80,246.0,10000.0,0.0246,248274.58096950356,75819.0,789.0,195964463.3849383,"[0, 26, 8, 23, 46, 69, 25, 67, 65, 40, 32, 39, 70, 60, 72, 27, 12, 68, 51, 56, 58, 59, 18, 71, 30, 11, 16, 28, 61, 73, 44, 52, 47, 75, 21, 64, 49, 57, 41, 48, 50, 55, 38, 5, 54, 3, 45, 1, 63, 4, 17, 37, 9, 19, 20, 2, 34, 24, 29, 74, 36, 10, 42, 33, 22, 77, 7, 53, 76, 66, 13, 78, 14, 31, 62, 6, 35, 15, 43, 0]"
