{
  "algorithm": "pso",
  "scorer": "distance",
  "cluster_id": 6,
  "final_distance": 7180.898873495562,
  "final_cost": 100000.0,
  "final_time": 7180.898873495562,
  "score": 7180.898873495562,
  "solving_time_s": 0.30040693283081055,
  "iterations": 258,
  "time_limit_per_cluster": 0.3
}