{
  "routes": [
    {
      "vehicle_id": 0,
      "vehicle_name": "Truck-01-c3",
      "capacity_used": 0.0,
      "capacity_max": 10000.0,
      "capacity_utilization": 0.0,
      "distance_m": 31982.004741609013,
      "time_s": 2318.2662406349154,
      "stops_by_id": [
        0,
        78,
        32,
        34,
        31,
        33,
        35,
        71,
        37,
        68,
        30,
        36,
        8,
        6,
        58,
        66,
        20,
        21,
        25,
        24,
        0
      ]
    }
  ]
}