{
  "algorithm": "nsga2",
  "scorer": "distance",
  "cluster_id": 1,
  "final_distance": 9732.985569511096,
  "final_cost": NaN,
  "final_time": 0.0,
  "score": 9732.985569511096,
  "runtime_s": 1.0177505537867546,
  "iterations": 18
}