{
  "algorithm": "nsga2",
  "scorer": "distance",
  "cluster_id": 0,
  "final_distance": 2702.0,
  "final_cost": 2207697.0,
  "final_time": 194.3158507155601,
  "score": 2702.0,
  "solving_time_s": 30.922269344329834,
  "iterations": 30,
  "epoch": 0
}