{
  "algorithm": "nsga2",
  "scorer": "distance",
  "cluster_id": 0,
  "final_distance": 2663.0,
  "final_cost": 2176926.0,
  "final_time": 191.25270662588085,
  "score": 2663.0,
  "solving_time_s": 30.14264178276062,
  "iterations": 70,
  "epoch": 0
}