iter,best,mean,best_route_time,mean_route_time
0,2901.0,6803.15,210.14163342863068,490.41161881729204
1,2901.0,6803.15,210.14163342863068,490.41161881729204
1,2901.0,3419.32,210.14163342863068,246.92422059515337
2,2901.0,3419.32,210.14163342863068,246.92422059515337
2,2901.0,3326.08,209.35899910847354,240.13107069479884
3,2901.0,3326.08,209.35899910847354,240.13107069479884
