{
  "algorithm": "pso",
  "scorer": "distance",
  "cluster_id": 0,
  "final_distance": 28753.304546802443,
  "final_cost": 100000.0,
  "final_time": 28753.304546802443,
  "score": 28753.304546802443,
  "solving_time_s": 0.30287599563598633,
  "iterations": 102,
  "time_limit_per_cluster": 0.3
}