iter,best,mean
1,41953.50371951293,60947.50987962317
2,41953.50371951293,51050.0195528388
3,41639.07608848983,47845.93986501949
4,41639.07608848983,45958.81025693113
5,41639.07608848983,44293.30220893349
6,41639.07608848983,43553.27564223529
7,41639.07608848983,43124.749053876876
8,41639.07608848983,42687.20596936231
9,41639.07608848983,42089.230617093366
10,41639.07608848983,41694.719965917815
11,41639.07608848983,41639.07608848984
