{
  "routes": [
    {
      "vehicle_id": 0,
      "vehicle_name": "Truck-01-c0",
      "capacity_used": 0.0,
      "capacity_max": 10000.0,
      "capacity_utilization": 0.0,
      "distance_m": 41639.07608848983,
      "time_s": 2993.857764757564,
      "stops_by_id": [
        0,
        40,
        39,
        38,
        45,
        44,
        77,
        43,
        73,
        74,
        46,
        55,
        51,
        52,
        54,
        69,
        53,
        41,
        57,
        42,
        50,
        48,
        47,
        49,
        56,
        63,
        75,
        62,
        64,
        5,
        0
      ]
    }
  ]
}