iter,best,mean
0,57885.73938960465,73213.77610386894
1,56554.17069552071,63005.79317760012
2,56158.87101374922,60304.14739813377
3,55832.856507532706,59112.66759375
