{
  "epoch": 48,
  "clusters": 1,
  "algorithm": "nsga2",
  "scorer": "distance",
  "sum_final_distance": 560.0,
  "sum_final_cost": 517659.0,
  "sum_final_time": 39.78900208327657,
  "epoch_runtime_s": 10.106995344161987,
  "total_cluster_solving_time_s": 10.098627090454102
}