vehicle_id,vehicle_name,num_stops_including_depot,capacity_used,capacity_max,capacity_utilization,distance_m,initial_cost,distance_cost,route_cost,stops_by_id
1,Truck-01,80,246.0,10000.0,0.0246,285146.4494714563,75819.0,789.0,225056367.632979,"[0, 4, 9, 37, 17, 20, 19, 34, 63, 5, 54, 3, 45, 1, 49, 57, 41, 48, 50, 55, 38, 21, 64, 75, 47, 52, 28, 44, 73, 61, 16, 11, 30, 69, 46, 23, 8, 26, 43, 15, 35, 6, 62, 31, 14, 67, 25, 32, 39, 70, 56, 58, 59, 18, 71, 51, 68, 12, 27, 72, 60, 2, 24, 29, 74, 36, 10, 22, 42, 33, 77, 7, 53, 76, 66, 13, 40, 65, 78, 0]"
