{
  "algorithm": "nsga2",
  "scorer": "distance",
  "cluster_id": 3,
  "final_distance": 13952.052729758328,
  "final_cost": 100000.0,
  "final_time": 13952.052729758328,
  "score": 13952.052729758328,
  "solving_time_s": 0.31565380096435547,
  "iterations": 13,
  "epoch": 0,
  "time_limit_per_cluster": 0.3
}