{
  "routes": [
    {
      "vehicle_id": 0,
      "vehicle_name": "Truck-01-c6",
      "capacity_used": 0.0,
      "capacity_max": 10000.0,
      "capacity_utilization": 0.0,
      "distance_m": 30428.36896094684,
      "time_s": 2261.68922065408,
      "stops_by_id": [
        0,
        40,
        39,
        38,
        45,
        44,
        57,
        41,
        42,
        53,
        52,
        55,
        51,
        54,
        69,
        50,
        48,
        47,
        49,
        56,
        63,
        75,
        62,
        64,
        5,
        0
      ]
    }
  ]
}