{
  "algorithm": "nsga2",
  "scorer": "distance",
  "cluster_id": 3,
  "final_distance": 26547.30666925421,
  "final_cost": NaN,
  "final_time": 0.0,
  "score": 26547.30666925421,
  "runtime_s": 1.0277560451067984,
  "iterations": 17
}