{
  "routes": [
    {
      "vehicle_id": 0,
      "vehicle_name": "Truck-01-c3",
      "capacity_used": 0.0,
      "capacity_max": 10000.0,
      "capacity_utilization": 0.0,
      "distance_m": 53031.50111977148,
      "time_s": 3972.70267652032,
      "stops_by_id": [
        0,
        61,
        4,
        17,
        1,
        3,
        2,
        19,
        65,
        59,
        60,
        76,
        0
      ]
    }
  ]
}