{
  "algorithm": "nsga2",
  "scorer": "distance",
  "cluster_id": 0,
  "final_distance": 28251.729257661555,
  "final_cost": NaN,
  "final_time": 0.0,
  "score": 28251.729257661555,
  "runtime_s": 1.0539200217463076,
  "iterations": 15
}