{
  "algorithm": "nsga2",
  "scorer": "distance",
  "cluster_id": 0,
  "final_distance": 31729.581413749715,
  "final_cost": NaN,
  "final_time": 0.0,
  "score": 31729.581413749715,
  "cluster_runtime_s": 0.3193991184234619,
  "iterations": 3,
  "epoch": 0
}