{
  "algorithm": "nsga2",
  "scorer": "distance",
  "cluster_id": 1,
  "final_distance": 2889.2322762540207,
  "final_cost": NaN,
  "final_time": 0.0,
  "score": 2889.2322762540207,
  "cluster_runtime_s": 0.3360610008239746,
  "iterations": 5,
  "epoch": 0
}