{
  "algorithm": "nsga2",
  "scorer": "distance",
  "cluster_id": 5,
  "final_distance": 19762.587581066004,
  "final_cost": NaN,
  "final_time": 0.0,
  "score": 19762.587581066004,
  "runtime_s": 1.0429956261068583,
  "iterations": 14
}