iter,best,mean,best_route_time,mean_route_time
0,73539.19999999998,90506.712,7275.799999999999,8239.582
0,65169.9,80859.598,6620.2,7694.031
0,64526.49999999999,76588.11899999999,6620.2,7458.187999999999
0,64384.100000000006,74329.41399999999,6620.2,7324.623999999999
0,64063.099999999984,72611.82699999999,6618.900000000001,7219.628999999999
0,64063.099999999984,71249.097,6580.099999999999,7146.561
0,64063.099999999984,70339.35999999999,6580.099999999999,7086.08
