{
  "algorithm": "nsga2",
  "scorer": "distance",
  "cluster_id": 3,
  "final_distance": 27817.26538565277,
  "final_cost": NaN,
  "final_time": 0.0,
  "score": 27817.26538565277,
  "runtime_s": 5.0298380041494966,
  "iterations": 88
}