{
  "algorithm": "pso",
  "scorer": "distance",
  "cluster_id": 2,
  "final_distance": 28428.126132465426,
  "final_cost": 100000.0,
  "final_time": 28428.126132465426,
  "score": 28428.126132465426,
  "solving_time_s": 0.3003098964691162,
  "iterations": 83,
  "time_limit_per_cluster": 0.3
}