{
  "algorithm": "nsga2",
  "scorer": "distance",
  "cluster_id": 0,
  "final_distance": 511.0,
  "final_cost": 561054.0,
  "final_time": 45.17600912231078,
  "score": 511.0,
  "cluster_runtime_s": 10.145599365234375,
  "iterations": 16,
  "epoch": 49
}