vehicle_id,vehicle_name,num_stops_including_depot,capacity_used,capacity_max,capacity_utilization,distance_m,initial_cost,distance_cost,route_cost,stops_by_id
1,Truck-01,80,246.0,10000.0,0.0246,299444.92358784017,75819.0,789.0,236337863.7108059,"[0, 8, 69, 73, 44, 47, 38, 55, 50, 5, 54, 3, 1, 45, 60, 70, 72, 27, 68, 51, 12, 49, 57, 41, 48, 21, 64, 75, 52, 28, 61, 16, 11, 71, 30, 46, 23, 26, 43, 15, 35, 78, 67, 32, 40, 65, 14, 31, 62, 6, 25, 18, 59, 56, 58, 39, 74, 29, 24, 34, 2, 4, 63, 9, 37, 17, 20, 19, 36, 10, 53, 7, 77, 22, 42, 33, 13, 66, 76, 0]"
