{
  "total_cost": 100000.0,
  "total_time": 2496.1000000000004,
  "routes": [
    {
      "vehicle_id": 0,
      "vehicle_name": "Truck-01-c3",
      "distance_m": 31038.6,
      "time_s": 2496.1000000000004,
      "route_cost": 100000.0,
      "stops_by_id": [
        0,
        5,
        64,
        56,
        0
      ],
      "legs": [
        {
          "from": 0,
          "to": 5,
          "distance_m": 4392.2,
          "time_s": 315.3
        },
        {
          "from": 5,
          "to": 64,
          "distance_m": 2248.7,
          "time_s": 205.9
        },
        {
          "from": 64,
          "to": 56,
          "distance_m": 8960.5,
          "time_s": 775.1
        },
        {
          "from": 56,
          "to": 0,
          "distance_m": 15437.2,
          "time_s": 1199.8
        }
      ],
      "distance_m_legs_sum": 31038.6,
      "time_s_legs_sum": 2496.1000000000004,
      "distance_m_diff": 0.0,
      "time_s_diff": 0.0
    }
  ]
}