{
  "algorithm": "nsga2",
  "scorer": "distance",
  "cluster_id": 2,
  "final_distance": 37188.90941599035,
  "final_cost": NaN,
  "final_time": 0.0,
  "score": 37188.90941599035,
  "cluster_runtime_s": 1.0205912590026855,
  "iterations": 14,
  "epoch": 0
}