{
  "algorithm": "ga",
  "scorer": "distance",
  "cluster_id": 0,
  "final_distance": 3381.0,
  "final_cost": 2743428.0,
  "final_time": 242.54409403138652,
  "score": 3381.0,
  "solving_time_s": 30.570771872997284,
  "iterations": 26
}