{
  "algorithm": "nsga2",
  "scorer": "distance",
  "cluster_id": 0,
  "final_distance": 35259.11663478032,
  "final_cost": NaN,
  "final_time": 0.0,
  "score": 35259.11663478032,
  "runtime_s": 1.0138967619277537,
  "iterations": 13
}