{
  "algorithm": "nsga2",
  "scorer": "distance",
  "cluster_id": 6,
  "final_distance": 14724.634979122093,
  "final_cost": NaN,
  "final_time": 0.0,
  "score": 14724.634979122093,
  "cluster_runtime_s": 1.0647120475769043,
  "iterations": 15,
  "epoch": 0
}