{
  "algorithm": "nsga2",
  "cluster_id": 0,
  "final_distance": 545.0,
  "final_cost": 505824.0,
  "final_time": 38.89650127373644,
  "score": 545.0,
  "solving_time_s": 2.8042056560516357,
  "iterations": 35,
  "epoch": 0,
  "time_limit_per_cluster": 2.8
}