iter,best,mean,best_route_time,mean_route_time
0,18674.699999999997,23516.521,2115.2999999999997,2384.492
0,18674.699999999997,22281.158,2111.8999999999996,2299.955
0,18674.699999999997,21766.971999999998,2111.8999999999996,2280.217
0,18674.699999999997,21249.839,2107.5,2249.5879999999997
0,18674.699999999997,21008.433999999997,2111.8999999999996,2232.113
0,18674.699999999997,20809.522,2107.5,2219.085
0,18674.699999999997,20644.014,2107.5,2216.8869999999997
0,18674.699999999997,20549.514,2107.5,2213.3979999999997
0,18674.699999999997,20475.41,2111.8999999999996,2209.145
