iter,best,mean,best_route_time,mean_route_time
0,73539.19999999998,90506.712,7275.799999999999,8239.582
0,65169.9,82504.604,6620.2,7804.555
0,64368.1,78459.70599999999,6620.2,7589.317999999999
0,64368.1,75473.543,6620.2,7399.835
0,64063.099999999984,73046.04,6618.900000000001,7257.901999999999
0,64063.099999999984,71009.46,6580.099999999999,7141.675
0,64063.099999999984,69773.43199999999,6580.099999999999,7076.799
0,64063.099999999984,68892.36,6580.099999999999,7021.695
