iter,best,mean
0,1229.2725863789599,1229.2725863789599
1,1229.2725863789599,1229.2725863789599
2,1229.2725863789599,1229.2725863789599
3,1229.2725863789599,1229.2725863789599
4,1229.2725863789599,1229.2725863789599
