{
  "algorithm": "ga",
  "scorer": "distance",
  "cluster_id": 1,
  "final_distance": 21894.363616297902,
  "final_cost": 100000.0,
  "final_time": 21894.363616297902,
  "score": 21894.363616297902,
  "solving_time_s": 0.30571722984313965,
  "iterations": 41,
  "time_limit_per_cluster": 0.3
}