{
  "algorithm": "nsga2",
  "scorer": "distance",
  "cluster_id": 1,
  "final_distance": 13172.27713052763,
  "final_cost": NaN,
  "final_time": 0.0,
  "score": 13172.27713052763,
  "runtime_s": 5.010009707883,
  "iterations": 90
}