{
  "algorithm": "nsga2",
  "scorer": "distance",
  "cluster_id": 5,
  "final_distance": 9107.463984902673,
  "final_cost": NaN,
  "final_time": 0.0,
  "score": 9107.463984902673,
  "cluster_runtime_s": 1.06221604347229,
  "iterations": 18,
  "epoch": 1
}