{
  "algorithm": "nsga2",
  "scorer": "distance",
  "cluster_id": 1,
  "final_distance": 16407.257056239097,
  "final_cost": NaN,
  "final_time": 0.0,
  "score": 16407.257056239097,
  "cluster_runtime_s": 0.3116757869720459,
  "iterations": 5,
  "epoch": 0
}