iter,best,mean
0,16407.257056239097,22080.222593642575
1,16407.257056239097,18369.472863344025
2,16407.257056239097,17072.99001573591
3,16407.257056239097,16730.690589817845
4,16407.257056239097,16614.80337930996
