{
  "algorithm": "ga",
  "scorer": "distance",
  "cluster_id": 6,
  "final_distance": 9280.045734348338,
  "final_cost": 100000.0,
  "final_time": 9280.045734348338,
  "score": 9280.045734348338,
  "solving_time_s": 0.3007946014404297,
  "iterations": 60,
  "time_limit_per_cluster": 0.3
}