{
  "algorithm": "aco",
  "scorer": "distance",
  "cluster_id": 4,
  "final_distance": 31153.28902557854,
  "final_cost": 100000.0,
  "final_time": 31153.28902557854,
  "score": 31153.28902557854,
  "solving_time_s": 0.3076286315917969,
  "iterations": 31,
  "time_limit_per_cluster": 0.3
}