{
  "algorithm": "nsga2",
  "scorer": "distance",
  "cluster_id": 4,
  "final_distance": 11613.861319378271,
  "final_cost": NaN,
  "final_time": 0.0,
  "score": 11613.861319378271,
  "runtime_s": 1.0254241339862347,
  "iterations": 19
}