{
  "algorithm": "ga",
  "scorer": "distance",
  "cluster_id": 0,
  "final_distance": 2745.0,
  "final_cost": 2241624.0,
  "final_time": 196.73690868926116,
  "score": 2745.0,
  "solving_time_s": 30.014678102998005,
  "iterations": 661
}