{
  "algorithm": "ga",
  "scorer": "distance",
  "cluster_id": 0,
  "final_distance": 3211.0,
  "final_cost": 2609298.0,
  "final_time": 230.20837710699155,
  "score": 3211.0,
  "solving_time_s": 30.28184135898482,
  "iterations": 26
}