{
  "algorithm": "nsga2",
  "scorer": "distance",
  "cluster_id": 0,
  "final_distance": 512.0,
  "final_cost": 561843.0,
  "final_time": 45.18926158830512,
  "score": 512.0,
  "cluster_runtime_s": 10.130829572677612,
  "iterations": 16,
  "epoch": 9
}