iter,best,mean
0,49571.584082419504,70744.73732087917
1,49446.730017568545,59252.529815087786
2,49446.730017568545,56142.40867586587
3,49446.730017568545,54079.68105936259
4,49446.730017568545,52765.75589770796
5,49446.730017568545,50786.68402961565
6,49446.730017568545,49446.73001756856
7,49446.730017568545,49446.73001756856
8,49446.730017568545,49446.73001756856
9,49446.730017568545,49446.73001756856
10,49446.730017568545,49446.73001756856
