{
  "algorithm": "nsga2",
  "scorer": "distance",
  "cluster_id": 2,
  "final_distance": 28566.31244755901,
  "final_cost": 100000.0,
  "final_time": 28566.31244755901,
  "score": 28566.31244755901,
  "solving_time_s": 0.30733299255371094,
  "iterations": 10,
  "epoch": 0,
  "time_limit_per_cluster": 0.3
}