{
  "routes": [
    {
      "vehicle_id": 0,
      "vehicle_name": "Truck-01-c4",
      "capacity_used": 0.0,
      "capacity_max": 10000.0,
      "capacity_utilization": 0.0,
      "distance_m": 43572.05687351297,
      "time_s": 3167.516876096056,
      "stops_by_id": [
        0,
        27,
        28,
        26,
        24,
        25,
        21,
        66,
        1,
        17,
        3,
        2,
        19,
        7,
        22,
        23,
        0
      ]
    }
  ]
}