{
  "algorithm": "nsga2",
  "scorer": "distance",
  "cluster_id": 3,
  "final_distance": 2972.1613509045806,
  "final_cost": NaN,
  "final_time": 0.0,
  "score": 2972.1613509045806,
  "cluster_runtime_s": 0.32805418968200684,
  "iterations": 5,
  "epoch": 0
}