{
  "routes": [
    {
      "vehicle_id": 0,
      "vehicle_name": "Truck-01-c3",
      "capacity_used": 0.0,
      "capacity_max": 10000.0,
      "capacity_utilization": 0.0,
      "distance_m": 16646.08284812409,
      "time_s": 1227.303819822489,
      "stops_by_id": [
        0,
        31,
        34,
        32,
        78,
        0
      ]
    }
  ]
}