{
  "algorithm": "nsga2",
  "scorer": "distance",
  "cluster_id": 0,
  "final_distance": 23061.876029280458,
  "final_cost": NaN,
  "final_time": 0.0,
  "score": 23061.876029280458,
  "runtime_s": 5.034706667996943,
  "iterations": 87
}