{
  "algorithm": "nsga2",
  "scorer": "distance",
  "cluster_id": 0,
  "final_distance": 31563.41911214102,
  "final_cost": NaN,
  "final_time": 0.0,
  "score": 31563.41911214102,
  "cluster_runtime_s": 1.0731639862060547,
  "iterations": 13,
  "epoch": 0
}