{
  "routes": [
    {
      "vehicle_id": 0,
      "vehicle_name": "Truck-01-c5",
      "capacity_used": 0.0,
      "capacity_max": 10000.0,
      "capacity_utilization": 0.0,
      "distance_m": 12638.92881356105,
      "time_s": 869.6518341109136,
      "stops_by_id": [
        0,
        8,
        36,
        71,
        35,
        33,
        37,
        68,
        30,
        6,
        0
      ]
    }
  ]
}