{
  "algorithm": "pso",
  "scorer": "distance",
  "final_score": 268726.387878702,
  "final_cost": 212100939.0362959,
  "runtime_s": 55.819720300030895,
  "iterations": 1200
}