vehicle_id,vehicle_name,num_stops_including_depot,capacity_used,capacity_max,capacity_utilization,distance_m,initial_cost,distance_cost,route_cost,stops_by_id
1,Truck-01,80,246.0,10000.0,0.0246,268726.387878702,75819.0,789.0,212100939.0362959,"[0, 14, 78, 65, 40, 67, 25, 18, 71, 30, 11, 51, 56, 59, 58, 70, 2, 24, 29, 34, 74, 39, 32, 33, 42, 22, 77, 76, 13, 66, 53, 7, 10, 36, 19, 20, 17, 37, 9, 4, 63, 45, 1, 3, 54, 5, 50, 48, 41, 57, 49, 60, 72, 27, 12, 68, 64, 75, 21, 55, 38, 44, 73, 61, 28, 47, 52, 16, 69, 46, 23, 8, 26, 43, 15, 35, 31, 62, 6, 0]"
