{
  "epoch": 2,
  "clusters": 1,
  "algorithm": "nsga2",
  "scorer": "distance",
  "sum_final_distance": 540.0,
  "sum_final_cost": 501879.0,
  "sum_final_time": 38.47034990737217,
  "epoch_runtime_s": 10.110594272613525,
  "total_cluster_solving_time_s": 10.102162599563599
}