iter,best,mean
0,14118.135143132335,20990.43637016143
1,14118.135143132335,16122.270029814872
2,14118.135143132335,15068.80763093026
3,14118.135143132335,14486.257277352717
4,14118.135143132335,14231.755045780445
