iter,best,mean
0,8110.096083662847,10949.68822279856
1,8110.096083662847,9329.448716752207
2,8110.096083662847,8356.492244777088
3,8110.096083662847,8110.09608366285
4,8110.096083662847,8110.09608366285
5,8110.096083662847,8110.09608366285
