{
  "algorithm": "nsga2",
  "scorer": "distance",
  "cluster_id": 0,
  "final_distance": 32312.89820576512,
  "final_cost": NaN,
  "final_time": 0.0,
  "score": 32312.89820576512,
  "runtime_s": 5.109823370818049,
  "iterations": 38
}