{
  "algorithm": "aco",
  "scorer": "distance",
  "cluster_id": 2,
  "final_distance": 18939.096993341493,
  "final_cost": 100000.0,
  "final_time": 18939.096993341493,
  "score": 18939.096993341493,
  "solving_time_s": 0.3060736656188965,
  "iterations": 35,
  "time_limit_per_cluster": 0.3
}