{
  "algorithm": "nsga2",
  "scorer": "distance",
  "cluster_id": 6,
  "final_distance": 9301.030987257356,
  "final_cost": NaN,
  "final_time": 0.0,
  "score": 9301.030987257356,
  "cluster_runtime_s": 1.062164545059204,
  "iterations": 17,
  "epoch": 0
}