{
  "algorithm": "nsga2",
  "cluster_id": 6,
  "final_distance": 39694.8,
  "final_cost": 100000.0,
  "final_time": 3619.1,
  "score": 39694.8,
  "solving_time_s": 0.40825533866882324,
  "iterations": 39,
  "epoch": 0,
  "time_limit_per_cluster": 0.39999999999999997
}