{
  "routes": [
    {
      "vehicle_id": 0,
      "vehicle_name": "Truck-01-c6",
      "capacity_used": 0.0,
      "capacity_max": 10000.0,
      "capacity_utilization": 0.0,
      "distance_m": 22689.145474649253,
      "time_s": 1552.129912355697,
      "stops_by_id": [
        0,
        9,
        75,
        63,
        62,
        64,
        5,
        0
      ]
    }
  ]
}