{
  "algorithm": "nsga2",
  "scorer": "distance",
  "cluster_id": 3,
  "final_distance": 4518.604736871542,
  "final_cost": NaN,
  "final_time": 0.0,
  "score": 4518.604736871542,
  "cluster_runtime_s": 1.0091516971588135,
  "iterations": 15,
  "epoch": 0
}