{
  "algorithm": "pso",
  "cluster_id": 0,
  "final_distance": 630.0,
  "final_cost": 572889.0,
  "final_time": 46.08521630300727,
  "score": 630.0,
  "solving_time_s": 2.8147695064544678,
  "iterations": 125,
  "time_limit_per_cluster": 2.8
}