iter,best,mean
0,19030.96641312591,24582.120367641048
1,18926.735998528697,20655.613147654152
2,18926.735998528697,19788.42392680792
3,18926.735998528697,19465.739199760512
