{
  "routes": [
    {
      "vehicle_id": 0,
      "vehicle_name": "Truck-01-c1",
      "capacity_used": 0.0,
      "capacity_max": 10000.0,
      "capacity_utilization": 0.0,
      "distance_m": 55533.28738855192,
      "time_s": 4114.795915474469,
      "stops_by_id": [
        0,
        17,
        4,
        61,
        76,
        18,
        67,
        60,
        59,
        65,
        10,
        12,
        0
      ]
    }
  ]
}