{
  "algorithm": "nsga2",
  "cluster_id": 0,
  "final_distance": 2861.0,
  "final_cost": 2333148.0,
  "final_time": 205.7247602037114,
  "score": 2861.0,
  "solving_time_s": 10.23625135421753,
  "iterations": 26,
  "epoch": 91,
  "time_limit_per_cluster": 10.0
}