{
  "algorithm": "aco",
  "scorer": "distance",
  "cluster_id": 0,
  "final_distance": 2876.0,
  "final_cost": 2344983.0,
  "final_time": 206.3516560202429,
  "score": 2876.0,
  "solving_time_s": 30.021816808002768,
  "iterations": 191
}