{
  "algorithm": "nsga2",
  "scorer": "distance",
  "cluster_id": 2,
  "final_distance": 5621.746873950734,
  "final_cost": NaN,
  "final_time": 0.0,
  "score": 5621.746873950734,
  "runtime_s": 1.0409100116230547,
  "iterations": 18
}