iter,best,mean
0,21037.992848443762,29840.673245115886
1,21037.992848443762,24164.664316905426
2,21037.992848443755,23258.342171850094
3,21037.992848443755,22805.01771417917
