iter,best,mean
0,28378.15987324448,40018.5429687652
1,28378.15987324448,34699.513942493715
2,28251.72925766156,32823.86128257743
3,28251.72925766156,31595.11850901421
4,28251.729257661555,30827.77824804819
5,28251.729257661555,30134.607760157083
6,28251.729257661555,29577.9109785415
7,28251.729257661555,29131.236519396178
8,28251.729257661555,28798.20432289184
9,28251.729257661555,28585.49369100896
