{
  "routes": [
    {
      "vehicle_id": 0,
      "vehicle_name": "Truck-01-c2",
      "capacity_used": 0.0,
      "capacity_max": 10000.0,
      "capacity_utilization": 0.0,
      "distance_m": 27884.899694656633,
      "time_s": 1865.3194590813257,
      "stops_by_id": [0, 29, 28, 27, 26, 0]
    }
  ]
}