{
  "algorithm": "ga",
  "scorer": "distance",
  "cluster_id": 5,
  "final_distance": 22481.5055264053,
  "final_cost": 100000.0,
  "final_time": 22481.5055264053,
  "score": 22481.5055264053,
  "solving_time_s": 0.304706335067749,
  "iterations": 33,
  "time_limit_per_cluster": 0.3
}