{
  "routes": [
    {
      "vehicle_id": 0,
      "vehicle_name": "Truck-01-c6",
      "capacity_used": 0.0,
      "capacity_max": 10000.0,
      "capacity_utilization": 0.0,
      "distance_m": 31386.77397596497,
      "time_s": 2047.7113478242577,
      "stops_by_id": [
        0,
        59,
        4,
        9,
        61,
        0
      ]
    }
  ]
}