{
  "routes": [
    {
      "vehicle_id": 0,
      "vehicle_name": "Truck-01-c4",
      "capacity_used": 0.0,
      "capacity_max": 10000.0,
      "capacity_utilization": 0.0,
      "distance_m": 23624.348592718652,
      "time_s": 1663.5728597995262,
      "stops_by_id": [
        0,
        17,
        4,
        61,
        0
      ]
    }
  ]
}