{
  "algorithm": "nsga2",
  "scorer": "distance",
  "cluster_id": 4,
  "final_distance": 23821.617616415147,
  "final_cost": 100000.0,
  "final_time": 23821.617616415147,
  "score": 23821.617616415147,
  "solving_time_s": 0.3168919086456299,
  "iterations": 13,
  "time_limit_per_cluster": 0.3
}