iter,best,mean
0,9866.358109457704,11862.23539983106
1,9866.358109457704,10753.29873475161
2,9866.358109457704,10127.969388836935
3,9866.358109457704,9933.8030441798
4,9866.358109457704,9893.484525569143
5,9866.358109457704,9882.300720296165
