iter,best,mean
0,14520.049940185432,20419.772929050894
1,14520.049940185432,15849.40780163796
2,14520.049940185432,14520.049940185432
3,14520.049940185432,14520.049940185432
4,14520.049940185432,14520.049940185432
