iter,best,mean,best_route_time,mean_route_time
0,22120.87807111657,26910.186892474874,22120.87807111657,26910.186892474874
0,22120.87807111657,25161.285156980324,22120.87807111657,25161.285156980324
0,22021.19777495365,24272.579918924355,22021.19777495365,24272.579918924355
0,22021.19777495365,24012.688330475026,22021.19777495365,24012.688330475026
0,22021.19777495365,23852.350318509434,22021.19777495365,23852.350318509434
0,22021.19777495365,23718.04565569682,22021.19777495365,23718.04565569682
0,22021.19777495365,23530.687787578438,22021.19777495365,23530.687787578438
0,22021.19777495365,23399.606955119205,22021.19777495365,23399.606955119205
0,22021.19777495365,23352.462254558373,22021.19777495365,23352.462254558373
