{
  "algorithm": "nsga2",
  "scorer": "distance",
  "cluster_id": 5,
  "final_distance": 16004.902940063082,
  "final_cost": NaN,
  "final_time": 0.0,
  "score": 16004.902940063082,
  "cluster_runtime_s": 0.32115769386291504,
  "iterations": 5,
  "epoch": 0
}