{
  "algorithm": "nsga2",
  "scorer": "distance",
  "cluster_id": 2,
  "final_distance": 15390.395446455968,
  "final_cost": NaN,
  "final_time": 0.0,
  "score": 15390.395446455968,
  "cluster_runtime_s": 0.340773344039917,
  "iterations": 5,
  "epoch": 0
}