iter,best,mean
0,15612.537020388307,20543.90277274985
1,15390.395446455968,17066.44441245329
2,15390.395446455968,16167.288893130235
3,15390.395446455968,15888.290605736105
4,15390.395446455968,15732.60875936219
