{
  "routes": [
    {
      "vehicle_id": 0,
      "vehicle_name": "Truck-01-c2",
      "capacity_used": 0.0,
      "capacity_max": 10000.0,
      "capacity_utilization": 0.0,
      "distance_m": 24207.79015175405,
      "time_s": 1710.002609571768,
      "stops_by_id": [
        0,
        37,
        68,
        33,
        35,
        71,
        36,
        30,
        8,
        6,
        58,
        66,
        20,
        21,
        25,
        24,
        0
      ]
    }
  ]
}