vehicle_id,vehicle_name,num_stops_including_depot,capacity_used,capacity_max,capacity_utilization,distance_m,time_s,initial_cost,distance_cost,route_cost,stops_by_id
1,Truck-01,80,246.0,10000.0,0.0246,248711.2940044598,17777.399374048146,75819.0,789.0,196309029.96951878,"[0, 26, 8, 23, 46, 69, 30, 71, 11, 16, 61, 73, 44, 28, 52, 51, 56, 58, 59, 18, 25, 32, 39, 70, 60, 72, 27, 68, 12, 49, 57, 41, 48, 21, 64, 75, 47, 55, 38, 50, 5, 54, 3, 1, 45, 63, 9, 4, 17, 37, 20, 19, 2, 24, 29, 34, 74, 36, 10, 22, 77, 7, 53, 76, 66, 13, 42, 33, 40, 65, 67, 14, 78, 31, 62, 6, 35, 15, 43, 0]"
