{
  "algorithm": "pso",
  "scorer": "distance",
  "final_score": 296379.96482957684,
  "final_cost": 233919611.2505361,
  "runtime_s": 15.131737006013282,
  "iterations": 1200
}