vehicle_id,vehicle_name,num_stops_including_depot,capacity_used,capacity_max,capacity_utilization,distance_m,initial_cost,distance_cost,route_cost,stops_by_id
1,Truck-01,80,246.0,10000.0,0.0246,296379.96482957684,75819.0,789.0,233919611.2505361,"[0, 14, 31, 62, 6, 35, 15, 43, 26, 8, 23, 46, 69, 30, 71, 18, 25, 67, 78, 65, 40, 13, 66, 76, 53, 7, 77, 10, 22, 42, 33, 32, 59, 58, 56, 51, 75, 47, 55, 21, 64, 57, 12, 68, 27, 72, 70, 39, 29, 24, 74, 36, 34, 19, 20, 17, 37, 9, 63, 4, 2, 60, 49, 45, 1, 3, 54, 5, 41, 48, 50, 38, 44, 61, 28, 52, 11, 16, 73, 0]"
