{
  "algorithm": "nsga2",
  "cluster_id": 0,
  "final_distance": 552.0,
  "final_cost": 511347.0,
  "final_time": 39.44913089884204,
  "score": 552.0,
  "solving_time_s": 2.812032461166382,
  "iterations": 221,
  "time_limit_per_cluster": 2.8
}