{
  "algorithm": "nsga2",
  "scorer": "distance",
  "cluster_id": 2,
  "final_distance": 18947.1248396058,
  "final_cost": 100000.0,
  "final_time": 18947.1248396058,
  "score": 18947.1248396058,
  "solving_time_s": 0.30739665031433105,
  "iterations": 14,
  "time_limit_per_cluster": 0.3
}