{
  "algorithm": "nsga2",
  "scorer": "distance",
  "cluster_id": 4,
  "final_distance": 11488.564870981163,
  "final_cost": NaN,
  "final_time": 0.0,
  "score": 11488.564870981163,
  "cluster_runtime_s": 1.060809850692749,
  "iterations": 15,
  "epoch": 0
}