{
  "algorithm": "aco",
  "scorer": "distance",
  "cluster_id": 6,
  "final_distance": 4806.254432693348,
  "final_cost": 100000.0,
  "final_time": 4806.254432693348,
  "score": 4806.254432693348,
  "solving_time_s": 0.30054306983947754,
  "iterations": 168,
  "time_limit_per_cluster": 0.3
}