iter,best,mean,best_route_time,mean_route_time
0,73539.19999999998,90506.712,7275.799999999999,8239.582
0,68161.0,84327.118,7011.499999999999,7900.259
0,64368.1,78484.318,6658.5,7586.549
0,64368.1,75064.438,6620.2,7368.642999999999
0,64248.799999999996,72465.885,6580.099999999999,7202.085
0,64248.799999999996,71039.72099999999,6580.099999999999,7133.477999999999
0,64063.099999999984,69936.008,6580.099999999999,7081.467999999999
0,64063.099999999984,68913.662,6580.099999999999,7038.403999999999
