{
  "algorithm": "ga",
  "scorer": "distance",
  "cluster_id": 5,
  "final_distance": 1873.4611205594426,
  "final_cost": 100000.0,
  "final_time": 1873.4611205594426,
  "score": 1873.4611205594426,
  "solving_time_s": 0.30135607719421387,
  "iterations": 70,
  "time_limit_per_cluster": 0.3
}