iter,best,mean
0,25509.718668402027,32387.255791302872
1,25509.718668402027,27438.487131356116
2,25509.718668402027,25687.903328865348
3,25509.718668402027,25509.718668402027
4,25509.718668402027,25509.718668402027
