{
  "epoch": 48,
  "clusters": 1,
  "algorithm": "nsga2",
  "scorer": "distance",
  "sum_final_distance": 541.0,
  "sum_final_cost": 502668.0,
  "sum_final_time": 38.541979221688806,
  "epoch_runtime_s": 10.25014066696167,
  "total_cluster_solving_time_s": 10.238773345947266
}