vehicle_id,vehicle_name,num_stops_including_depot,capacity_used,capacity_max,capacity_utilization,distance_m,initial_cost,distance_cost,route_cost,stops_by_id
1,Truck-01,80,246.0,10000.0,0.0246,316111.9092294926,75819.0,789.0,249488115.38206965,"[0, 7, 53, 66, 76, 33, 13, 78, 65, 40, 42, 22, 77, 10, 36, 74, 39, 32, 25, 6, 62, 67, 14, 31, 35, 15, 43, 26, 8, 23, 46, 69, 30, 16, 11, 71, 18, 59, 58, 56, 51, 64, 75, 47, 52, 28, 61, 73, 44, 38, 55, 21, 68, 12, 27, 72, 70, 60, 2, 24, 29, 34, 19, 20, 4, 17, 37, 9, 63, 1, 45, 49, 57, 41, 48, 50, 5, 54, 3, 0]"
