{
  "algorithm": "aco",
  "cluster_id": 0,
  "final_distance": 558.0,
  "final_cost": 516081.0,
  "final_time": 39.95332660353094,
  "score": 558.0,
  "solving_time_s": 2.8157174587249756,
  "iterations": 140,
  "time_limit_per_cluster": 2.8
}