{
  "algorithm": "aco",
  "scorer": "distance",
  "cluster_id": 3,
  "final_distance": 63241.90000000001,
  "final_cost": 100000.0,
  "final_time": 5941.999999999999,
  "score": 63241.90000000001,
  "solving_time_s": 1.0006937980651855,
  "iterations": 133,
  "time_limit_per_cluster": 1.0
}