{
  "algorithm": "pso",
  "scorer": "distance",
  "cluster_id": 4,
  "final_distance": 7359.915065839341,
  "final_cost": 100000.0,
  "final_time": 7359.915065839341,
  "score": 7359.915065839341,
  "solving_time_s": 0.30037426948547363,
  "iterations": 122,
  "time_limit_per_cluster": 0.3
}