{
  "algorithm": "nsga2",
  "scorer": "distance",
  "cluster_id": 4,
  "final_distance": 4085.22728721132,
  "final_cost": NaN,
  "final_time": 0.0,
  "score": 4085.22728721132,
  "cluster_runtime_s": 1.0108983516693115,
  "iterations": 15,
  "epoch": 0
}