{
  "algorithm": "nsga2",
  "scorer": "distance",
  "cluster_id": 0,
  "final_distance": 24680.051654056548,
  "final_cost": NaN,
  "final_time": 0.0,
  "score": 24680.051654056548,
  "cluster_runtime_s": 1.0393149852752686,
  "iterations": 13,
  "epoch": 0
}