{
  "algorithm": "nsga2",
  "scorer": "distance",
  "cluster_id": 6,
  "final_distance": 12131.680873653082,
  "final_cost": NaN,
  "final_time": 0.0,
  "score": 12131.680873653082,
  "cluster_runtime_s": 1.0752503871917725,
  "iterations": 15,
  "epoch": 0
}