{
  "routes": [
    {
      "vehicle_id": 0,
      "vehicle_name": "Truck-01-c6",
      "capacity_used": 0.0,
      "capacity_max": 10000.0,
      "capacity_utilization": 0.0,
      "distance_m": 27295.25689700284,
      "time_s": 2040.1460181416046,
      "stops_by_id": [
        0,
        56,
        46,
        55,
        51,
        52,
        54,
        53,
        69,
        49,
        47,
        48,
        50,
        42,
        41,
        57,
        40,
        45,
        44,
        0
      ]
    }
  ]
}