{
  "algorithm": "ga",
  "scorer": "distance",
  "cluster_id": 0,
  "final_distance": 2766.0,
  "final_cost": 2258193.0,
  "final_time": 198.3094614053297,
  "score": 2766.0,
  "solving_time_s": 30.0099922599984,
  "iterations": 677
}