{
  "algorithm": "ga",
  "scorer": "distance",
  "cluster_id": 0,
  "final_distance": 3171.0,
  "final_cost": 2577738.0,
  "final_time": 225.5999639522763,
  "score": 3171.0,
  "solving_time_s": 30.539118087966926,
  "iterations": 26
}