{
  "algorithm": "nsga2",
  "scorer": "distance",
  "cluster_id": 4,
  "final_distance": 18424.19564108735,
  "final_cost": NaN,
  "final_time": 0.0,
  "score": 18424.19564108735,
  "cluster_runtime_s": 1.0603899955749512,
  "iterations": 14,
  "epoch": 0
}