{
  "algorithm": "nsga2",
  "scorer": "distance",
  "cluster_id": 3,
  "final_distance": 24209.41134625894,
  "final_cost": 100000.0,
  "final_time": 24209.41134625894,
  "score": 24209.41134625894,
  "solving_time_s": 0.3116142749786377,
  "iterations": 12,
  "time_limit_per_cluster": 0.3
}