iter,best,mean
0,17176.590798438807,21927.228212425314
1,17176.590798438807,18761.906007906782
2,17176.590798438807,17914.116137529058
3,17176.590798438807,17540.766514974584
