iter,best,mean
0,31060.890979809024,38507.83173526064
1,31060.890979809024,33514.6941353516
2,31060.890979809024,32572.36378751218
3,31060.890979809024,32072.400073789366
4,31060.890979809024,31809.640432947137
5,31060.890979809024,31673.225801487733
